DATE,TIME,Road_type,ENVIRONMENT,LIGHT,SURFACE_CONDITION,TRAFFIC_CONTROL,'prediction margin','predicted COLLISION_CLASSIFICATION',COLLISION_CLASSIFICATION,IMPACT_TYPE,Location,NO_OF_PEDESTRIANS
Weekday,Evening,Road,'01 - Clear','01 - Daylight','01 - Dry','01 - Traffic signal',-0.526315,'P.D. only',Injury,'05 - Turning movement',downtown,0
Weekends,Night,Road,'02 - Rain','01 - Daylight','02 - Wet','01 - Traffic signal',-0.818171,'P.D. only',Injury,'03 - Rear end',mid_town,0
Weekday,Night,Road,'01 - Clear','01 - Daylight','01 - Dry','02 - Stop sign',0.999963,Injury,Injury,'07 - SMV other',downtown,1
Weekday,Evening,Road,'01 - Clear','01 - Daylight','01 - Dry','02 - Stop sign',-0.999979,'P.D. only',Injury,'04 - Sideswipe',downtown,0
Weekday,Afternoon,Road,'01 - Clear','01 - Daylight','01 - Dry','01 - Traffic signal',-0.599991,'P.D. only',Injury,'03 - Rear end',Ottawa_east,0
Weekday,Night,Road,'01 - Clear','01 - Daylight','01 - Dry','01 - Traffic signal',-0.67647,'P.D. only',Injury,'03 - Rear end',downtown,0
Weekday,Evening,highway,'01 - Clear','01 - Daylight','01 - Dry','10 - No control',0.181817,Injury,Injury,'07 - SMV other',downtown,1
Weekday,Night,Road,'01 - Clear','01 - Daylight','01 - Dry','01 - Traffic signal',-0.411761,'P.D. only',Injury,'05 - Turning movement',Ottawa_west,0
Weekday,Mid_Night,Road,'01 - Clear','07 - Dark','01 - Dry','01 - Traffic signal',-0.578943,'P.D. only',Injury,'02 - Angle',downtown,0
Weekday,Evening,Road,'02 - Rain','01 - Daylight','02 - Wet','01 - Traffic signal',-0.428562,'P.D. only',Injury,'03 - Rear end',Ottawa_west,0
Weekday,Evening,Road,'01 - Clear','01 - Daylight','01 - Dry','01 - Traffic signal',-0.526315,'P.D. only',Injury,'05 - Turning movement',downtown,0
Weekday,Night,Road,'02 - Rain','07 - Dark','02 - Wet','01 - Traffic signal',-0.499982,'P.D. only',Injury,'03 - Rear end',Ottawa_west,0
Weekday,Evening,highway,'01 - Clear','01 - Daylight','01 - Dry','01 - Traffic signal',-0.749986,'P.D. only',Injury,'03 - Rear end',downtown,0
Weekends,Afternoon,Road,'02 - Rain','01 - Daylight','02 - Wet','01 - Traffic signal',-0.999951,'P.D. only',Injury,'03 - Rear end',Ottawa_west,0
Weekday,Noon,Road,'01 - Clear','01 - Daylight','01 - Dry','10 - No control',-0.312499,'P.D. only',Injury,'07 - SMV other',Ottawa_west,1
Weekday,Afternoon,Road,'01 - Clear','01 - Daylight','02 - Wet','01 - Traffic signal',-0.999963,'P.D. only',Injury,'02 - Angle',downtown,0
Weekday,Mid_Night,Road,'01 - Clear','01 - Daylight','01 - Dry','01 - Traffic signal',-0.999951,'P.D. only',Injury,'03 - Rear end',Ottawa_east,0
Weekday,Noon,Road,'03 - Snow','01 - Daylight','04 - Slush','01 - Traffic signal',-0.999982,'P.D. only',Injury,'02 - Angle',mid_town,0
Weekday,Night,Road,'01 - Clear','01 - Daylight','01 - Dry','01 - Traffic signal',-0.67647,'P.D. only',Injury,'03 - Rear end',downtown,0
Weekday,Mid_Night,Road,'01 - Clear','07 - Dark','01 - Dry','01 - Traffic signal',-0.304346,'P.D. only',Injury,'05 - Turning movement',downtown,0
Weekends,Mid_Night,Road,'01 - Clear','07 - Dark','01 - Dry','10 - No control',-0.843135,'P.D. only',Injury,'02 - Angle',downtown,0
Weekends,Mid_Night,Road,'01 - Clear','07 - Dark','02 - Wet','01 - Traffic signal',-0.619043,'P.D. only',Injury,'05 - Turning movement',mid_town,0
Weekends,Night,Road,'01 - Clear','01 - Daylight','01 - Dry','10 - No control',-0.66665,'P.D. only',Injury,'03 - Rear end',Ottawa_east,0
Weekday,Evening,Road,'01 - Clear','01 - Daylight','01 - Dry','01 - Traffic signal',0.999993,Injury,Injury,'07 - SMV other',downtown,1
Weekday,Noon,Road,'01 - Clear','01 - Daylight','01 - Dry','02 - Stop sign',-0.624994,'P.D. only',Injury,'02 - Angle',downtown,0
Weekday,Night,Road,'02 - Rain','05 - Dusk','02 - Wet','02 - Stop sign',-0.499982,'P.D. only',Injury,'03 - Rear end',Ottawa_east,0
Weekday,Noon,Road,'01 - Clear','03 - Dawn','02 - Wet','01 - Traffic signal',0.999963,Injury,Injury,'07 - SMV other',downtown,1
Weekday,Noon,highway,'02 - Rain','01 - Daylight','01 - Dry','10 - No control',-0.83333,'P.D. only',Injury,'03 - Rear end',downtown,0
Weekday,Night,Road,'02 - Rain','01 - Daylight','02 - Wet','01 - Traffic signal',-0.777765,'P.D. only',Injury,'03 - Rear end',Ottawa_west,0
Weekends,Evening,Road,'02 - Rain','01 - Daylight','02 - Wet','02 - Stop sign',-0.399994,'P.D. only',Injury,'02 - Angle',mid_town,0
Weekday,Evening,Road,'01 - Clear','01 - Daylight','01 - Dry','01 - Traffic signal',-0.639639,'P.D. only',Injury,'03 - Rear end',downtown,0
Weekday,Mid_Night,Road,'02 - Rain','07 - Dark','02 - Wet','01 - Traffic signal',-0.181817,'P.D. only',Injury,'05 - Turning movement',mid_town,0
Weekday,Mid_Night,highway,'01 - Clear','07 - Dark','01 - Dry','10 - No control',-0.619043,'P.D. only',Injury,'03 - Rear end',downtown,0
Weekends,Evening,Road,'03 - Snow','01 - Daylight','04 - Slush','10 - No control',-0.866658,'P.D. only',Injury,'03 - Rear end',downtown,0
Weekday,Evening,Road,'01 - Clear','01 - Daylight','01 - Dry','10 - No control',-0.594202,'P.D. only',Injury,'03 - Rear end',downtown,0
Weekday,Night,Road,'01 - Clear','01 - Daylight','01 - Dry','10 - No control',-0.411761,'P.D. only',Injury,'03 - Rear end',Ottawa_west,0
Weekday,Evening,highway,'01 - Clear','01 - Daylight','01 - Dry','01 - Traffic signal',-0.749986,'P.D. only',Injury,'03 - Rear end',downtown,0
Weekday,Noon,Road,'01 - Clear','01 - Daylight','05 - Packed snow','02 - Stop sign',-0.666663,'P.D. only',Injury,'02 - Angle',downtown,0
Weekday,Noon,highway,'01 - Clear','01 - Daylight','01 - Dry','10 - No control',-0.454542,'P.D. only',Injury,'03 - Rear end',mid_town,0
Weekday,Mid_Night,Road,'01 - Clear','07 - Dark','01 - Dry','01 - Traffic signal',-0.304346,'P.D. only',Injury,'05 - Turning movement',downtown,0
Weekday,Noon,Road,'01 - Clear','01 - Daylight','01 - Dry','10 - No control',0,Injury,Injury,'05 - Turning movement',downtown,0
Weekday,Night,Road,'01 - Clear','01 - Daylight','01 - Dry','10 - No control',-0.333331,'P.D. only',Injury,'07 - SMV other',Ottawa_south,0
Weekday,Night,Road,'01 - Clear','05 - Dusk','01 - Dry','10 - No control',-0.818176,'P.D. only',Injury,'04 - Sideswipe',Ottawa_south,0
Weekday,Afternoon,Road,'01 - Clear','01 - Daylight','02 - Wet','01 - Traffic signal',0.874992,Injury,Injury,'07 - SMV other',downtown,1
Weekends,Night,Road,'01 - Clear','01 - Daylight','01 - Dry','01 - Traffic signal',0,Injury,Injury,'03 - Rear end',Ottawa_east,0
Weekends,Evening,Road,'03 - Snow','01 - Daylight','02 - Wet','01 - Traffic signal',-0.999951,'P.D. only',Injury,'01 - Approaching',downtown,0
Weekday,Noon,Road,'01 - Clear','01 - Daylight','01 - Dry','02 - Stop sign',0.142854,Injury,Injury,'02 - Angle',Ottawa_south,0
Weekday,Afternoon,Road,'01 - Clear','01 - Daylight','05 - Packed snow','10 - No control',-0.916661,'P.D. only',Injury,'02 - Angle',downtown,0
Weekends,Night,Road,'01 - Clear','01 - Daylight','03 - Loose snow','01 - Traffic signal',-0.199999,'P.D. only',Injury,'02 - Angle',downtown,0
Weekday,Night,Road,'01 - Clear','01 - Daylight','02 - Wet','10 - No control',-0.67857,'P.D. only',Injury,'03 - Rear end',Ottawa_south,0
Weekends,Night,Road,'01 - Clear','01 - Daylight','01 - Dry','01 - Traffic signal',-0.999976,'P.D. only',Injury,'03 - Rear end',Ottawa_west,0
Weekday,Night,Road,'02 - Rain','01 - Daylight','02 - Wet','02 - Stop sign',-0.51515,'P.D. only',Injury,'01 - Approaching',Ottawa_west,0
Weekday,Evening,Road,'03 - Snow','01 - Daylight','04 - Slush','01 - Traffic signal',-0.799988,'P.D. only',Injury,'05 - Turning movement',mid_town,0
Weekday,Afternoon,highway,'03 - Snow','01 - Daylight','03 - Loose snow','10 - No control',-0.846144,'P.D. only',Injury,'03 - Rear end',Ottawa_west,0
Weekday,Night,Road,'02 - Rain','01 - Daylight','02 - Wet','01 - Traffic signal',-0.599982,'P.D. only',Injury,'02 - Angle',downtown,0
Weekday,Evening,Road,'01 - Clear','01 - Daylight','01 - Dry','02 - Stop sign',-0.999951,'P.D. only',Injury,'07 - SMV other',Ottawa_west,0
Weekday,Mid_Night,Road,'03 - Snow','07 - Dark','03 - Loose snow','10 - No control',-0.888882,'P.D. only',Injury,'01 - Approaching',downtown,0
Weekday,Night,Road,'01 - Clear','01 - Daylight','01 - Dry','01 - Traffic signal',-0.67647,'P.D. only',Injury,'03 - Rear end',downtown,0
Weekday,Afternoon,Road,'01 - Clear','01 - Daylight','01 - Dry','02 - Stop sign',-0.446807,'P.D. only',Injury,'02 - Angle',Ottawa_east,0
Weekday,Night,highway,'01 - Clear','01 - Daylight','01 - Dry','10 - No control',-0.658535,'P.D. only',Injury,'03 - Rear end',downtown,0
Weekday,Mid_Night,highway,'01 - Clear','07 - Dark','01 - Dry','10 - No control',-0.666661,'P.D. only',Injury,'07 - SMV other',Ottawa_west,0
Weekday,Evening,Road,'01 - Clear','01 - Daylight','01 - Dry','01 - Traffic signal',0.999996,Injury,Injury,'07 - SMV other',Ottawa_south,1
Weekday,Night,Road,'01 - Clear','01 - Daylight','01 - Dry','02 - Stop sign',-0.599982,'P.D. only',Injury,'05 - Turning movement',Ottawa_west,0
Weekday,Afternoon,Road,'02 - Rain','01 - Daylight','02 - Wet','02 - Stop sign',-0.666665,'P.D. only',Injury,'07 - SMV other',Ottawa_east,0
Weekday,Night,Road,'01 - Clear','01 - Daylight','01 - Dry','10 - No control',-0.857134,'P.D. only',Injury,'07 - SMV other',Ottawa_west,0
Weekday,Night,Road,'01 - Clear','01 - Daylight','01 - Dry','10 - No control',-0.857134,'P.D. only',Injury,'07 - SMV other',Ottawa_west,0
Weekends,Night,Road,'02 - Rain','05 - Dusk','02 - Wet','02 - Stop sign',-0.33333,'P.D. only',Injury,'03 - Rear end',Ottawa_south,0
Weekends,Evening,Road,'03 - Snow','01 - Daylight','03 - Loose snow','10 - No control',-0.499982,'P.D. only',Injury,'01 - Approaching',Ottawa_south,0
Weekday,Night,Road,'01 - Clear','01 - Daylight','01 - Dry','10 - No control',-0.411761,'P.D. only',Injury,'03 - Rear end',Ottawa_west,0
Weekday,Night,Road,'01 - Clear','01 - Daylight','01 - Dry','10 - No control',-0.411761,'P.D. only',Injury,'03 - Rear end',Ottawa_west,0
Weekday,Evening,Road,'01 - Clear','01 - Daylight','01 - Dry','01 - Traffic signal',0.999993,Injury,Injury,'07 - SMV other',downtown,1
Weekday,Noon,highway,'01 - Clear','03 - Dawn','01 - Dry','10 - No control',-0.555547,'P.D. only',Injury,'03 - Rear end',downtown,0
Weekends,Afternoon,Road,'01 - Clear','01 - Daylight','01 - Dry','10 - No control',-0.62264,'P.D. only',Injury,'05 - Turning movement',downtown,0
Weekday,Afternoon,Road,'02 - Rain','01 - Daylight','02 - Wet','01 - Traffic signal',0.384611,Injury,Injury,'07 - SMV other',downtown,1
Weekends,Evening,Road,'01 - Clear','01 - Daylight','01 - Dry','02 - Stop sign',-0.555553,'P.D. only',Injury,'03 - Rear end',Ottawa_west,0
Weekday,Night,Road,'01 - Clear','01 - Daylight','01 - Dry','01 - Traffic signal',-0.628318,'P.D. only',Injury,'03 - Rear end',mid_town,0
Weekday,Evening,highway,'03 - Snow','01 - Daylight','04 - Slush','10 - No control',-0.999989,'P.D. only',Injury,'07 - SMV other',downtown,0
Weekday,Noon,Road,'01 - Clear','01 - Daylight','01 - Dry','01 - Traffic signal',-0.33333,'P.D. only',Injury,'05 - Turning movement',mid_town,0
Weekday,Night,Road,'02 - Rain','05 - Dusk','02 - Wet','10 - No control',-0.684205,'P.D. only',Injury,'02 - Angle',downtown,1
Weekday,Mid_Night,Road,'01 - Clear','01 - Daylight','02 - Wet','01 - Traffic signal',-0.999951,'P.D. only',Injury,'03 - Rear end',mid_town,0
Weekday,Evening,Road,'01 - Clear','01 - Daylight','02 - Wet','01 - Traffic signal',0.999951,Injury,Injury,'07 - SMV other',downtown,1
Weekday,Mid_Night,Road,'01 - Clear','07 - Dark','01 - Dry','01 - Traffic signal',-0.304346,'P.D. only',Injury,'05 - Turning movement',downtown,0
Weekends,Evening,Road,'01 - Clear','01 - Daylight','01 - Dry','01 - Traffic signal',-0.249995,'P.D. only',Injury,'03 - Rear end',Ottawa_south,0
Weekday,Evening,highway,'03 - Snow','01 - Daylight','04 - Slush','01 - Traffic signal',-0.999963,'P.D. only',Injury,'03 - Rear end',downtown,0
Weekday,Night,highway,'01 - Clear','01 - Daylight','01 - Dry','02 - Stop sign',-0.499997,'P.D. only',Injury,'05 - Turning movement',downtown,0
Weekday,Evening,Road,'01 - Clear','01 - Daylight','01 - Dry','02 - Stop sign',-0.499991,'P.D. only',Injury,'02 - Angle',Ottawa_south,0
Weekday,Noon,Road,'06 - Strong wind','01 - Daylight','06 - Ice','01 - Traffic signal',-0.999982,'P.D. only',Injury,'03 - Rear end',mid_town,0
Weekday,Night,Road,'01 - Clear','01 - Daylight','01 - Dry','01 - Traffic signal',-0.628318,'P.D. only',Injury,'03 - Rear end',mid_town,0
Weekday,Noon,Road,'01 - Clear','01 - Daylight','01 - Dry','01 - Traffic signal',-0.899993,'P.D. only',Injury,'02 - Angle',downtown,0
Weekday,Evening,Road,'01 - Clear','01 - Daylight','01 - Dry','10 - No control',-0.72727,'P.D. only',Injury,'03 - Rear end',mid_town,0
Weekends,Night,Road,'02 - Rain','01 - Daylight','02 - Wet','02 - Stop sign',-0.111109,'P.D. only',Injury,'02 - Angle',mid_town,0
Weekday,Evening,Road,'01 - Clear','01 - Daylight','01 - Dry','02 - Stop sign',-0.999979,'P.D. only',Injury,'03 - Rear end',downtown,0
Weekday,Night,highway,'01 - Clear','01 - Daylight','01 - Dry','10 - No control',-0.874992,'P.D. only',Injury,'03 - Rear end',Ottawa_west,0
Weekends,Mid_Night,Road,'03 - Snow','07 - Dark','01 - Dry','01 - Traffic signal',-0.714271,'P.D. only',Injury,'99 - Other',Ottawa_west,0
Weekday,Evening,Road,'01 - Clear','01 - Daylight','01 - Dry','01 - Traffic signal',-0.526315,'P.D. only',Injury,'05 - Turning movement',downtown,0
Weekends,Evening,Road,'02 - Rain','01 - Daylight','02 - Wet','01 - Traffic signal',-0.714271,'P.D. only',Injury,'03 - Rear end',downtown,0
Weekday,Night,Road,'01 - Clear','05 - Dusk','06 - Ice','03 - Yield sign',-0.599996,'P.D. only',Injury,'02 - Angle',downtown,0
Weekday,Evening,Road,'01 - Clear','01 - Daylight','02 - Wet','01 - Traffic signal',0.999951,Injury,Injury,'07 - SMV other',downtown,1
Weekday,Mid_Night,Road,'01 - Clear','07 - Dark','02 - Wet','01 - Traffic signal',-0.636355,'P.D. only',Injury,'02 - Angle',Ottawa_south,0
Weekday,Night,Road,'01 - Clear','01 - Daylight','01 - Dry','01 - Traffic signal',-0.782606,'P.D. only',Injury,'04 - Sideswipe',downtown,0
Weekday,Evening,Road,'01 - Clear','01 - Daylight','01 - Dry','01 - Traffic signal',-0.574073,'P.D. only',Injury,'03 - Rear end',mid_town,0
Weekday,Evening,Road,'01 - Clear','01 - Daylight','01 - Dry','01 - Traffic signal',-0.636361,'P.D. only',Injury,'03 - Rear end',Ottawa_west,0
Weekday,Mid_Night,Road,'01 - Clear','07 - Dark','01 - Dry','10 - No control',0.999971,Injury,Injury,'07 - SMV other',downtown,1
Weekday,Mid_Night,Road,'01 - Clear','01 - Daylight','01 - Dry','02 - Stop sign',-0.42857,'P.D. only',Injury,'02 - Angle',mid_town,0
Weekday,Mid_Night,Road,'03 - Snow','07 - Dark','03 - Loose snow','01 - Traffic signal',-0.714281,'P.D. only',Injury,'04 - Sideswipe',downtown,0
Weekday,Mid_Night,Road,'03 - Snow','07 - Dark','03 - Loose snow','02 - Stop sign',-0.272724,'P.D. only',Injury,'07 - SMV other',downtown,1
Weekday,Night,Road,'01 - Clear','01 - Daylight','01 - Dry','01 - Traffic signal',-0.599996,'P.D. only',Injury,'03 - Rear end',Ottawa_south,0
Weekday,Evening,Road,'01 - Clear','01 - Daylight','01 - Dry','10 - No control',-0.684208,'P.D. only',Injury,'02 - Angle',downtown,0
Weekday,Afternoon,Road,'03 - Snow','01 - Daylight','04 - Slush','01 - Traffic signal',-0.769226,'P.D. only',Injury,'03 - Rear end',downtown,0
Weekday,Night,Road,'01 - Clear','01 - Daylight','01 - Dry','01 - Traffic signal',-0.605633,'P.D. only',Injury,'05 - Turning movement',downtown,0
Weekday,Mid_Night,Road,'01 - Clear','01 - Daylight','01 - Dry','01 - Traffic signal',-0.999963,'P.D. only',Injury,'05 - Turning movement',downtown,0
Weekday,Early_Morning,highway,'01 - Clear','07 - Dark','01 - Dry','10 - No control',-0.599982,'P.D. only',Injury,'07 - SMV other',Ottawa_west,0
Weekends,Afternoon,Road,'01 - Clear','01 - Daylight','01 - Dry','10 - No control',-0.576921,'P.D. only',Injury,'07 - SMV other',downtown,0
Weekday,Noon,Road,'01 - Clear','03 - Dawn','01 - Dry','01 - Traffic signal',-0.599991,'P.D. only',Injury,'03 - Rear end',downtown,0
Weekday,Night,Road,'01 - Clear','07 - Dark','02 - Wet','02 - Stop sign',0.615381,Injury,Injury,'07 - SMV other',mid_town,1
Weekends,Evening,highway,'01 - Clear','01 - Daylight','01 - Dry','10 - No control',-0.999971,'P.D. only',Injury,'03 - Rear end',mid_town,0
Weekday,Noon,highway,'01 - Clear','01 - Daylight','01 - Dry','10 - No control',-0.454542,'P.D. only',Injury,'03 - Rear end',mid_town,0
Weekday,Night,highway,'03 - Snow','01 - Daylight','03 - Loose snow','10 - No control',-0.666659,'P.D. only',Injury,'07 - SMV other',downtown,0
Weekday,Mid_Night,Road,'01 - Clear','01 - Daylight','01 - Dry','02 - Stop sign',0.333317,Injury,Injury,'07 - SMV other',Ottawa_west,1
Weekday,Night,Road,'01 - Clear','01 - Daylight','01 - Dry','02 - Stop sign',-0.89473,'P.D. only',Injury,'03 - Rear end',downtown,0
Weekends,Evening,Road,'01 - Clear','01 - Daylight','01 - Dry','10 - No control',-0.599982,'P.D. only',Injury,'07 - SMV other',Ottawa_east,0
Weekday,Afternoon,Road,'01 - Clear','01 - Daylight','01 - Dry','10 - No control',-0.359998,'P.D. only',Injury,'03 - Rear end',downtown,0
Weekday,Night,Road,'01 - Clear','07 - Dark','02 - Wet','02 - Stop sign',0.999979,Injury,Injury,'07 - SMV other',downtown,1
Weekday,Afternoon,Road,'01 - Clear','01 - Daylight','01 - Dry','01 - Traffic signal',-0.592591,'P.D. only',Injury,'03 - Rear end',downtown,0
Weekday,Night,Road,'01 - Clear','01 - Daylight','01 - Dry','01 - Traffic signal',-0.333331,'P.D. only',Injury,'02 - Angle',mid_town,0
Weekday,Mid_Night,Road,'01 - Clear','05 - Dusk','01 - Dry','01 - Traffic signal',0.599982,Injury,Injury,'07 - SMV other',downtown,1
Weekday,Noon,Road,'01 - Clear','01 - Daylight','02 - Wet','02 - Stop sign',-0.581393,'P.D. only',Injury,'02 - Angle',downtown,0
Weekday,Evening,Road,'01 - Clear','01 - Daylight','01 - Dry','10 - No control',-0.428567,'P.D. only',Injury,'07 - SMV other',mid_town,0
Weekday,Night,Road,'01 - Clear','07 - Dark','04 - Slush','01 - Traffic signal',-0.806448,'P.D. only',Injury,'03 - Rear end',mid_town,0
Weekends,Morning,Road,'01 - Clear','07 - Dark','01 - Dry','10 - No control',-0.999951,'P.D. only',Injury,'07 - SMV other',Ottawa_south,0
Weekday,Mid_Night,Road,'01 - Clear','05 - Dusk','01 - Dry','10 - No control',-0.6923,'P.D. only',Injury,'04 - Sideswipe',Ottawa_east,0
Weekday,Noon,Road,'01 - Clear','01 - Daylight','01 - Dry','10 - No control',-0.481479,'P.D. only',Injury,'04 - Sideswipe',downtown,0
Weekends,Morning,Road,'07 - Fog/mist/smoke/dust','03 - Dawn','01 - Dry','10 - No control',-0.799988,'P.D. only',Injury,'07 - SMV other',Ottawa_south,0
Weekday,Evening,Road,'01 - Clear','01 - Daylight','01 - Dry','02 - Stop sign',-0.586204,'P.D. only',Injury,'02 - Angle',downtown,0
Weekday,Night,Road,'01 - Clear','01 - Daylight','01 - Dry','01 - Traffic signal',-0.628318,'P.D. only',Injury,'03 - Rear end',mid_town,0
Weekday,Noon,Road,'01 - Clear','01 - Daylight','01 - Dry','01 - Traffic signal',0.142854,Injury,Injury,'05 - Turning movement',Ottawa_east,0
Weekday,Mid_Night,Road,'01 - Clear','07 - Dark','01 - Dry','10 - No control',-0.724134,'P.D. only',Injury,'07 - SMV other',Ottawa_south,0
Weekday,Evening,Road,'01 - Clear','01 - Daylight','01 - Dry','01 - Traffic signal',-0.526315,'P.D. only',Injury,'05 - Turning movement',downtown,0
Weekends,Night,Road,'01 - Clear','01 - Daylight','01 - Dry','01 - Traffic signal',-0.699995,'P.D. only',Injury,'03 - Rear end',mid_town,0
Weekday,Evening,Road,'03 - Snow','01 - Daylight','04 - Slush','01 - Traffic signal',-0.874992,'P.D. only',Injury,'02 - Angle',mid_town,0
Weekday,Night,Road,'01 - Clear','01 - Daylight','01 - Dry','02 - Stop sign',-0.285711,'P.D. only',Injury,'02 - Angle',Ottawa_south,0
Weekday,Evening,Road,'01 - Clear','01 - Daylight','01 - Dry','10 - No control',0.999951,Injury,Injury,'07 - SMV other',mid_town,1
Weekday,Noon,Road,'01 - Clear','01 - Daylight','01 - Dry','02 - Stop sign',-0.624994,'P.D. only',Injury,'02 - Angle',downtown,0
Weekday,Afternoon,Road,'01 - Clear','01 - Daylight','01 - Dry','01 - Traffic signal',-0.333317,'P.D. only',Injury,'02 - Angle',Ottawa_south,0
Weekday,Evening,Road,'01 - Clear','01 - Daylight','01 - Dry','01 - Traffic signal',-0.574073,'P.D. only',Injury,'03 - Rear end',mid_town,0
Weekday,Mid_Night,Road,'01 - Clear','07 - Dark','01 - Dry','01 - Traffic signal',-0.578943,'P.D. only',Injury,'02 - Angle',downtown,0
Weekday,Evening,Road,'01 - Clear','01 - Daylight','01 - Dry','01 - Traffic signal',0.999993,Injury,Injury,'07 - SMV other',downtown,1
Weekday,Evening,Road,'01 - Clear','01 - Daylight','01 - Dry','01 - Traffic signal',-0.574073,'P.D. only',Injury,'03 - Rear end',mid_town,0
Weekday,Night,Road,'01 - Clear','01 - Daylight','01 - Dry','10 - No control',-0.599999,'P.D. only',Injury,'03 - Rear end',mid_town,0
Weekday,Night,Road,'01 - Clear','07 - Dark','01 - Dry','01 - Traffic signal',0.428562,Injury,Injury,'07 - SMV other',Ottawa_west,1
Weekday,Night,Road,'01 - Clear','01 - Daylight','01 - Dry','01 - Traffic signal',-0.441859,'P.D. only',Injury,'05 - Turning movement',mid_town,0
Weekday,Evening,highway,'03 - Snow','01 - Daylight','03 - Loose snow','10 - No control',-0.777771,'P.D. only',Injury,'07 - SMV other',Ottawa_east,0
Weekday,Evening,Road,'01 - Clear','01 - Daylight','01 - Dry','01 - Traffic signal',-0.333332,'P.D. only',Injury,'02 - Angle',mid_town,0
Weekends,Night,highway,'01 - Clear','01 - Daylight','01 - Dry','10 - No control',-0.999976,'P.D. only',Injury,'03 - Rear end',mid_town,0
Weekday,Noon,Road,'01 - Clear','01 - Daylight','01 - Dry','01 - Traffic signal',-0.555547,'P.D. only',Injury,'03 - Rear end',Ottawa_south,0
Weekday,Noon,Road,'01 - Clear','01 - Daylight','01 - Dry','01 - Traffic signal',0.199994,Injury,Injury,'05 - Turning movement',Ottawa_west,0
Weekday,Night,Road,'01 - Clear','01 - Daylight','01 - Dry','01 - Traffic signal',-0.333331,'P.D. only',Injury,'02 - Angle',mid_town,0
Weekday,Night,Road,'01 - Clear','01 - Daylight','01 - Dry','02 - Stop sign',-0.285711,'P.D. only',Injury,'02 - Angle',Ottawa_south,0
Weekday,Evening,Road,'01 - Clear','01 - Daylight','01 - Dry','01 - Traffic signal',-0.526315,'P.D. only',Injury,'05 - Turning movement',downtown,0
Weekday,Morning,Road,'01 - Clear','07 - Dark','01 - Dry','10 - No control',-0.599998,'P.D. only',Injury,'07 - SMV other',downtown,0
Weekday,Evening,Road,'01 - Clear','01 - Daylight','01 - Dry','10 - No control',-0.594202,'P.D. only',Injury,'03 - Rear end',downtown,0
Weekday,Afternoon,Road,'03 - Snow','01 - Daylight','06 - Ice','02 - Stop sign',-0.66665,'P.D. only',Injury,'02 - Angle',downtown,0
Weekends,Evening,Road,'05 - Drifting Snow','01 - Daylight','06 - Ice','02 - Stop sign',-0.999976,'P.D. only',Injury,'07 - SMV other',Ottawa_east,0
Weekday,Night,Road,'01 - Clear','01 - Daylight','02 - Wet','02 - Stop sign',-0.749998,'P.D. only',Injury,'03 - Rear end',mid_town,0
Weekends,Evening,Road,'01 - Clear','01 - Daylight','01 - Dry','10 - No control',-0.999951,'P.D. only',Injury,'07 - SMV other',mid_town,0
Weekday,Night,Road,'01 - Clear','01 - Daylight','01 - Dry','10 - No control',-0.599999,'P.D. only',Injury,'03 - Rear end',mid_town,0
Weekday,Night,Road,'03 - Snow','07 - Dark','02 - Wet','10 - No control',-0.999963,'P.D. only',Injury,'03 - Rear end',Ottawa_east,0
Weekday,Evening,Road,'01 - Clear','01 - Daylight','01 - Dry','10 - No control',-0.857138,'P.D. only',Injury,'04 - Sideswipe',mid_town,0
Weekday,Night,Road,'01 - Clear','07 - Dark','01 - Dry','10 - No control',0.199994,Injury,Injury,'07 - SMV other',Ottawa_east,1
Weekday,Evening,Road,'01 - Clear','01 - Daylight','01 - Dry','01 - Traffic signal',-0.574073,'P.D. only',Injury,'03 - Rear end',mid_town,0
Weekday,Evening,Road,'01 - Clear','01 - Daylight','01 - Dry','10 - No control',0.999951,Injury,Injury,'07 - SMV other',mid_town,1
Weekday,Night,Road,'01 - Clear','01 - Daylight','01 - Dry','10 - No control',0.999987,Injury,Injury,'07 - SMV other',downtown,1
Weekday,Night,Road,'01 - Clear','07 - Dark','01 - Dry','01 - Traffic signal',-0.846144,'P.D. only',Injury,'03 - Rear end',mid_town,0
Weekday,Night,Road,'03 - Snow','01 - Daylight','04 - Slush','01 - Traffic signal',-0.909085,'P.D. only',Injury,'03 - Rear end',downtown,0
Weekday,Night,Road,'01 - Clear','01 - Daylight','01 - Dry','01 - Traffic signal',-0.628318,'P.D. only',Injury,'03 - Rear end',mid_town,0
Weekday,Afternoon,Road,'01 - Clear','01 - Daylight','01 - Dry','02 - Stop sign',-0.636355,'P.D. only',Injury,'02 - Angle',downtown,0
Weekday,Noon,highway,'04 - Freezing Rain','01 - Daylight','04 - Slush','10 - No control',-0.999951,'P.D. only',Injury,'07 - SMV other',mid_town,0
Weekday,Evening,Road,'01 - Clear','01 - Daylight','01 - Dry','01 - Traffic signal',-0.333328,'P.D. only',Injury,'02 - Angle',Ottawa_east,0
Weekday,Evening,Road,'02 - Rain','01 - Daylight','02 - Wet','02 - Stop sign',0.166665,Injury,Injury,'02 - Angle',Ottawa_south,0
Weekday,Noon,Road,'01 - Clear','01 - Daylight','01 - Dry','10 - No control',-0.333329,'P.D. only',Injury,'03 - Rear end',Ottawa_east,0
Weekday,Evening,Road,'01 - Clear','01 - Daylight','01 - Dry','03 - Yield sign',-0.517239,'P.D. only',Injury,'02 - Angle',Ottawa_south,0
Weekday,Mid_Night,Road,'01 - Clear','07 - Dark','01 - Dry','10 - No control',-0.749986,'P.D. only',Injury,'03 - Rear end',Ottawa_west,0
Weekday,Night,Road,'01 - Clear','01 - Daylight','01 - Dry','01 - Traffic signal',-0.999951,'P.D. only',Injury,'99 - Other',Ottawa_east,0
Weekday,Evening,Road,'03 - Snow','01 - Daylight','03 - Loose snow','10 - No control',-0.999951,'P.D. only',Injury,'07 - SMV other',mid_town,0