DATE,TIME,Road_type,ENVIRONMENT,LIGHT,SURFACE_CONDITION,TRAFFIC_CONTROL,'prediction margin','predicted COLLISION_CLASSIFICATION',COLLISION_CLASSIFICATION,IMPACT_TYPE,Location,NO_OF_PEDESTRIANS
Weekday,Night,Road,'04 - Freezing Rain','01 - Daylight','02 - Wet','01 - Traffic signal',0.624994,'P.D. only','P.D. only','03 - Rear end',Ottawa_west,0
Weekday,Afternoon,Road,'01 - Clear','01 - Daylight','05 - Packed snow','02 - Stop sign',0.888885,'P.D. only','P.D. only','06 - SMV unattended vehicle',Ottawa_west,0
Weekday,Mid_Night,highway,'01 - Clear','07 - Dark','03 - Loose snow','10 - No control',0.999976,'P.D. only','P.D. only','07 - SMV other',mid_town,0
Weekday,Mid_Night,highway,'01 - Clear','01 - Daylight','01 - Dry','01 - Traffic signal',0.33333,'P.D. only','P.D. only','02 - Angle',downtown,0
Weekday,Night,Road,'01 - Clear','01 - Daylight','01 - Dry','01 - Traffic signal',0.586206,'P.D. only','P.D. only','03 - Rear end',mid_town,0
Weekends,Evening,Road,'01 - Clear','01 - Daylight','01 - Dry','03 - Yield sign',0.416664,'P.D. only','P.D. only','02 - Angle',mid_town,0
Weekends,Mid_Night,Road,'01 - Clear','07 - Dark','02 - Wet','03 - Yield sign',0.727268,'P.D. only','P.D. only','99 - Other',downtown,0
Weekday,Mid_Night,highway,'02 - Rain','07 - Dark','04 - Slush','10 - No control',0.999971,'P.D. only','P.D. only','07 - SMV other',Ottawa_west,0
Weekday,Noon,Road,'01 - Clear','07 - Dark','06 - Ice','01 - Traffic signal',0.749986,'P.D. only','P.D. only','03 - Rear end',Ottawa_east,0
Weekday,Evening,Road,'01 - Clear','01 - Daylight','01 - Dry','10 - No control',0.960782,'P.D. only','P.D. only','06 - SMV unattended vehicle',downtown,0
Weekends,Night,Road,'03 - Snow','07 - Dark','06 - Ice','10 - No control',0.999951,'P.D. only','P.D. only','03 - Rear end',mid_town,0
Weekday,Evening,Road,'01 - Clear','01 - Daylight','01 - Dry','01 - Traffic signal',0.603603,'P.D. only','P.D. only','03 - Rear end',mid_town,0
Weekends,Evening,Road,'01 - Clear','01 - Daylight','01 - Dry','10 - No control',0.749986,'P.D. only','P.D. only','03 - Rear end',Ottawa_south,0
Weekday,Evening,Road,'03 - Snow','01 - Daylight','04 - Slush','10 - No control',0.846149,'P.D. only','P.D. only','03 - Rear end',downtown,0
Weekday,Noon,Road,'01 - Clear','01 - Daylight','01 - Dry','02 - Stop sign',0.999963,'P.D. only','P.D. only','03 - Rear end',mid_town,0
Weekday,Night,Road,'01 - Clear','01 - Daylight','01 - Dry','02 - Stop sign',0.826082,'P.D. only','P.D. only','03 - Rear end',downtown,0
Weekday,Mid_Night,Road,'03 - Snow','07 - Dark','06 - Ice','01 - Traffic signal',0.333329,'P.D. only','P.D. only','99 - Other',Ottawa_east,0
Weekday,Night,highway,'01 - Clear','05 - Dusk','01 - Dry','10 - No control',0.111109,'P.D. only','P.D. only','03 - Rear end',downtown,0
Weekday,Noon,Road,'01 - Clear','01 - Daylight','01 - Dry','01 - Traffic signal',-0.499982,Injury,'P.D. only','05 - Turning movement',Ottawa_west,0
Weekday,Evening,highway,'01 - Clear','01 - Daylight','01 - Dry','10 - No control',0.399999,'P.D. only','P.D. only','07 - SMV other',Ottawa_east,0
Weekday,Evening,Road,'01 - Clear','01 - Daylight','01 - Dry','10 - No control',0.565214,'P.D. only','P.D. only','02 - Angle',mid_town,0
Weekends,Evening,Road,'03 - Snow','01 - Daylight','03 - Loose snow','01 - Traffic signal',0.333317,'P.D. only','P.D. only','03 - Rear end',Ottawa_west,0
Weekday,Evening,Road,'01 - Clear','01 - Daylight','01 - Dry','01 - Traffic signal',0.603603,'P.D. only','P.D. only','03 - Rear end',mid_town,0
Weekday,Night,Road,'01 - Clear','01 - Daylight','01 - Dry','10 - No control',0.525772,'P.D. only','P.D. only','03 - Rear end',mid_town,0
Weekday,Evening,Road,'01 - Clear','01 - Daylight','01 - Dry','01 - Traffic signal',0.603603,'P.D. only','P.D. only','03 - Rear end',mid_town,0
Weekday,Night,Road,'01 - Clear','01 - Daylight','01 - Dry','10 - No control',0.525772,'P.D. only','P.D. only','03 - Rear end',mid_town,0
Weekday,Evening,Road,'03 - Snow','01 - Daylight','03 - Loose snow','01 - Traffic signal',0.99999,'P.D. only','P.D. only','07 - SMV other',Ottawa_west,0
Weekday,Night,Road,'01 - Clear','01 - Daylight','01 - Dry','10 - No control',0.655169,'P.D. only','P.D. only','03 - Rear end',Ottawa_east,0
Weekday,Evening,Road,'01 - Clear','01 - Daylight','01 - Dry','02 - Stop sign',0.609754,'P.D. only','P.D. only','04 - Sideswipe',Ottawa_east,0
Weekends,Night,Road,'03 - Snow','07 - Dark','06 - Ice','02 - Stop sign',0.999982,'P.D. only','P.D. only','02 - Angle',mid_town,0
Weekday,Mid_Night,Road,'01 - Clear','07 - Dark','01 - Dry','10 - No control',0.674416,'P.D. only','P.D. only','07 - SMV other',Ottawa_west,0
Weekends,Night,highway,'03 - Snow','01 - Daylight','06 - Ice','10 - No control',0.999976,'P.D. only','P.D. only','04 - Sideswipe',downtown,0
Weekday,Night,Road,'03 - Snow','07 - Dark','02 - Wet','10 - No control',0.999984,'P.D. only','P.D. only','06 - SMV unattended vehicle',downtown,0
Weekday,Noon,Road,'01 - Clear','01 - Daylight','01 - Dry','01 - Traffic signal',0.866658,'P.D. only','P.D. only','03 - Rear end',Ottawa_west,0
Weekday,Morning,Road,'01 - Clear','07 - Dark','01 - Dry','10 - No control',0.666663,'P.D. only','P.D. only','04 - Sideswipe',downtown,0
Weekday,Night,Road,'01 - Clear','01 - Daylight','01 - Dry','10 - No control',0.525772,'P.D. only','P.D. only','03 - Rear end',mid_town,0
Weekday,Evening,highway,'01 - Clear','01 - Daylight','01 - Dry','01 - Traffic signal',0.648648,'P.D. only','P.D. only','03 - Rear end',mid_town,0
Weekday,Mid_Night,Road,'01 - Clear','07 - Dark','01 - Dry','10 - No control',0.999976,'P.D. only','P.D. only','06 - SMV unattended vehicle',Ottawa_west,0
Weekends,Evening,highway,'03 - Snow','01 - Daylight','03 - Loose snow','10 - No control',0.999992,'P.D. only','P.D. only','04 - Sideswipe',mid_town,0
Weekday,Noon,Road,'01 - Clear','01 - Daylight','01 - Dry','10 - No control',0.666663,'P.D. only','P.D. only','03 - Rear end',downtown,0
Weekends,Evening,Road,'01 - Clear','01 - Daylight','01 - Dry','03 - Yield sign',0.416664,'P.D. only','P.D. only','02 - Angle',mid_town,0
Weekday,Evening,highway,'01 - Clear','01 - Daylight','01 - Dry','10 - No control',0.777765,'P.D. only','P.D. only','07 - SMV other',Ottawa_west,0
Weekday,Noon,Road,'01 - Clear','03 - Dawn','02 - Wet','10 - No control',0.799988,'P.D. only','P.D. only','07 - SMV other',mid_town,0
Weekday,Evening,Road,'03 - Snow','01 - Daylight','02 - Wet','10 - No control',0.93103,'P.D. only','P.D. only','03 - Rear end',mid_town,0
Weekday,Noon,Road,'01 - Clear','01 - Daylight','01 - Dry','10 - No control',0.499997,'P.D. only','P.D. only','04 - Sideswipe',downtown,0
Weekends,Evening,highway,'03 - Snow','01 - Daylight','04 - Slush','10 - No control',0.999976,'P.D. only','P.D. only','04 - Sideswipe',mid_town,0
Weekday,Evening,Road,'01 - Clear','01 - Daylight','01 - Dry','02 - Stop sign',0.428562,'P.D. only','P.D. only','02 - Angle',Ottawa_south,0
Weekday,Mid_Night,Road,'01 - Clear','07 - Dark','01 - Dry','10 - No control',0.999963,'P.D. only','P.D. only','05 - Turning movement',mid_town,0
Weekday,Noon,Road,'03 - Snow','07 - Dark','02 - Wet','10 - No control',0.499982,'P.D. only','P.D. only','07 - SMV other',Ottawa_south,0
Weekday,Noon,Road,'01 - Clear','01 - Daylight','01 - Dry','01 - Traffic signal',0.999951,'P.D. only','P.D. only','05 - Turning movement',Ottawa_south,0
Weekday,Noon,Road,'01 - Clear','01 - Daylight','01 - Dry','01 - Traffic signal',0.653844,'P.D. only','P.D. only','03 - Rear end',mid_town,0
Weekends,Evening,Road,'01 - Clear','01 - Daylight','01 - Dry','10 - No control',0.333317,'P.D. only','P.D. only','07 - SMV other',mid_town,0
Weekday,Night,highway,'02 - Rain','01 - Daylight','02 - Wet','10 - No control',0.499982,'P.D. only','P.D. only','03 - Rear end',Ottawa_west,0
Weekday,Evening,Road,'03 - Snow','01 - Daylight','03 - Loose snow','10 - No control',0.937496,'P.D. only','P.D. only','99 - Other',downtown,0
Weekends,Night,Road,'01 - Clear','01 - Daylight','01 - Dry','02 - Stop sign',0.277777,'P.D. only','P.D. only','05 - Turning movement',mid_town,0
Weekday,Mid_Night,Road,'01 - Clear','07 - Dark','01 - Dry','01 - Traffic signal',0.499995,'P.D. only','P.D. only','05 - Turning movement',mid_town,0
Weekday,Early_Morning,highway,'03 - Snow','07 - Dark','03 - Loose snow','10 - No control',0.857134,'P.D. only','P.D. only','07 - SMV other',Ottawa_west,0
Weekday,Mid_Night,Road,'01 - Clear','07 - Dark','01 - Dry','10 - No control',0.833323,'P.D. only','P.D. only','07 - SMV other',downtown,0
Weekends,Afternoon,Road,'01 - Clear','01 - Daylight','01 - Dry','02 - Stop sign',0.599982,'P.D. only','P.D. only','02 - Angle',downtown,0
Weekday,Evening,Road,'01 - Clear','01 - Daylight','01 - Dry','10 - No control',0.666665,'P.D. only','P.D. only','03 - Rear end',downtown,0
Weekday,Evening,highway,'01 - Clear','01 - Daylight','01 - Dry','01 - Traffic signal',0.999971,'P.D. only','P.D. only','04 - Sideswipe',downtown,0
Weekends,Afternoon,Road,'01 - Clear','01 - Daylight','01 - Dry','01 - Traffic signal',0.999951,'P.D. only','P.D. only','07 - SMV other',mid_town,0
Weekends,Night,highway,'01 - Clear','05 - Dusk','03 - Loose snow','10 - No control',0.333329,'P.D. only','P.D. only','07 - SMV other',mid_town,0
Weekday,Night,Road,'01 - Clear','05 - Dusk','01 - Dry','01 - Traffic signal',0.555547,'P.D. only','P.D. only','03 - Rear end',mid_town,0
Weekday,Evening,Road,'03 - Snow','01 - Daylight','03 - Loose snow','10 - No control',0.909088,'P.D. only','P.D. only','02 - Angle',downtown,0
Weekday,Night,Road,'01 - Clear','01 - Daylight','01 - Dry','10 - No control',0.333331,'P.D. only','P.D. only','05 - Turning movement',downtown,0
Weekends,Night,Road,'01 - Clear','01 - Daylight','01 - Dry','01 - Traffic signal',0.749993,'P.D. only','P.D. only','05 - Turning movement',downtown,0
Weekday,Mid_Night,Road,'03 - Snow','07 - Dark','06 - Ice','10 - No control',0.999988,'P.D. only','P.D. only','07 - SMV other',Ottawa_east,0
Weekday,Evening,Road,'01 - Clear','01 - Daylight','02 - Wet','01 - Traffic signal',0.466662,'P.D. only','P.D. only','03 - Rear end',mid_town,0
Weekday,Evening,highway,'01 - Clear','01 - Daylight','01 - Dry','10 - No control',0.469386,'P.D. only','P.D. only','03 - Rear end',downtown,0
Weekday,Afternoon,Road,'02 - Rain','01 - Daylight','02 - Wet','02 - Stop sign',0.555553,'P.D. only','P.D. only','02 - Angle',downtown,0
Weekday,Noon,Road,'01 - Clear','01 - Daylight','01 - Dry','01 - Traffic signal',0.795916,'P.D. only','P.D. only','03 - Rear end',downtown,0
Weekends,Mid_Night,Road,'01 - Clear','07 - Dark','01 - Dry','10 - No control',0.888882,'P.D. only','P.D. only','07 - SMV other',Ottawa_south,0
Weekday,Evening,Road,'01 - Clear','01 - Daylight','01 - Dry','10 - No control',0.794116,'P.D. only','P.D. only','04 - Sideswipe',downtown,0
Weekday,Night,Road,'02 - Rain','01 - Daylight','02 - Wet','10 - No control',0.999976,'P.D. only','P.D. only','04 - Sideswipe',mid_town,0
Weekends,Evening,Road,'01 - Clear','01 - Daylight','05 - Packed snow','10 - No control',0.999989,'P.D. only','P.D. only','06 - SMV unattended vehicle',Ottawa_west,0
Weekday,Evening,Road,'01 - Clear','01 - Daylight','01 - Dry','02 - Stop sign',0.499998,'P.D. only','P.D. only','02 - Angle',downtown,0
Weekday,Night,Road,'03 - Snow','07 - Dark','03 - Loose snow','02 - Stop sign',0.999979,'P.D. only','P.D. only','02 - Angle',downtown,0
Weekday,Night,Road,'01 - Clear','01 - Daylight','01 - Dry','10 - No control',0.525772,'P.D. only','P.D. only','03 - Rear end',mid_town,0
Weekday,Mid_Night,Road,'01 - Clear','07 - Dark','01 - Dry','10 - No control',0.818171,'P.D. only','P.D. only','06 - SMV unattended vehicle',mid_town,0
Weekends,Evening,Road,'01 - Clear','01 - Daylight','01 - Dry','10 - No control',0.857134,'P.D. only','P.D. only','02 - Angle',downtown,0
Weekday,Evening,Road,'01 - Clear','01 - Daylight','02 - Wet','01 - Traffic signal',0.519997,'P.D. only','P.D. only','03 - Rear end',downtown,0
Weekends,Night,Road,'01 - Clear','01 - Daylight','01 - Dry','10 - No control',0.999991,'P.D. only','P.D. only','06 - SMV unattended vehicle',downtown,0
Weekends,Night,Road,'01 - Clear','07 - Dark','01 - Dry','10 - No control',0.999951,'P.D. only','P.D. only','03 - Rear end',downtown,0
Weekday,Noon,Road,'01 - Clear','01 - Daylight','01 - Dry','01 - Traffic signal',0.795916,'P.D. only','P.D. only','03 - Rear end',downtown,0
Weekday,Mid_Night,highway,'01 - Clear','07 - Dark','01 - Dry','10 - No control',0.428562,'P.D. only','P.D. only','04 - Sideswipe',mid_town,0
Weekday,Night,Road,'01 - Clear','01 - Daylight','01 - Dry','10 - No control',0.763156,'P.D. only','P.D. only','04 - Sideswipe',downtown,0
Weekday,Noon,Road,'03 - Snow','01 - Daylight','03 - Loose snow','10 - No control',0.749995,'P.D. only','P.D. only','07 - SMV other',downtown,0
Weekday,Night,Road,'03 - Snow','07 - Dark','03 - Loose snow','10 - No control',0.624994,'P.D. only','P.D. only','04 - Sideswipe',mid_town,0
Weekday,Night,Road,'01 - Clear','01 - Daylight','02 - Wet','10 - No control',0.809518,'P.D. only','P.D. only','05 - Turning movement',Ottawa_east,0
Weekday,Night,Road,'01 - Clear','07 - Dark','04 - Slush','10 - No control',0.999982,'P.D. only','P.D. only','06 - SMV unattended vehicle',mid_town,0
Weekends,Evening,highway,'03 - Snow','01 - Daylight','02 - Wet','10 - No control',0.999951,'P.D. only','P.D. only','07 - SMV other',downtown,0
Weekday,Night,Road,'01 - Clear','01 - Daylight','01 - Dry','10 - No control',0.525772,'P.D. only','P.D. only','03 - Rear end',mid_town,0
Weekday,Afternoon,Road,'01 - Clear','01 - Daylight','01 - Dry','01 - Traffic signal',0.999984,'P.D. only','P.D. only','04 - Sideswipe',mid_town,0
Weekday,Evening,Road,'01 - Clear','01 - Daylight','01 - Dry','10 - No control',0.794116,'P.D. only','P.D. only','04 - Sideswipe',downtown,0
Weekday,Evening,Road,'01 - Clear','01 - Daylight','01 - Dry','01 - Traffic signal',0.302325,'P.D. only','P.D. only','02 - Angle',downtown,0
Weekday,Night,Road,'01 - Clear','01 - Daylight','01 - Dry','10 - No control',0.763156,'P.D. only','P.D. only','04 - Sideswipe',downtown,0
Weekends,Evening,Road,'02 - Rain','01 - Daylight','06 - Ice','01 - Traffic signal',0.627117,'P.D. only','P.D. only','03 - Rear end',Ottawa_east,0
Weekday,Noon,Road,'01 - Clear','01 - Daylight','01 - Dry','01 - Traffic signal',0.33333,'P.D. only','P.D. only','05 - Turning movement',mid_town,0
Weekday,Night,Road,'01 - Clear','01 - Daylight','01 - Dry','01 - Traffic signal',0.669064,'P.D. only','P.D. only','03 - Rear end',downtown,0
Weekday,Night,highway,'01 - Clear','01 - Daylight','01 - Dry','10 - No control',0.757572,'P.D. only','P.D. only','03 - Rear end',mid_town,0
Weekday,Afternoon,Road,'02 - Rain','01 - Daylight','02 - Wet','02 - Stop sign',0.333317,'P.D. only','P.D. only','02 - Angle',mid_town,0
Weekday,Night,Road,'01 - Clear','01 - Daylight','01 - Dry','01 - Traffic signal',0.636355,'P.D. only','P.D. only','05 - Turning movement',Ottawa_east,0
Weekends,Evening,highway,'01 - Clear','01 - Daylight','01 - Dry','10 - No control',0,Injury,'P.D. only','07 - SMV other',downtown,0
Weekday,Night,highway,'01 - Clear','01 - Daylight','01 - Dry','10 - No control',0.839995,'P.D. only','P.D. only','04 - Sideswipe',downtown,0
Weekday,Mid_Night,highway,'01 - Clear','07 - Dark','01 - Dry','10 - No control',0.599991,'P.D. only','P.D. only','04 - Sideswipe',downtown,0
Weekday,Early_Morning,highway,'02 - Rain','07 - Dark','04 - Slush','10 - No control',0.529407,'P.D. only','P.D. only','07 - SMV other',Ottawa_west,0
Weekends,Night,Road,'01 - Clear','07 - Dark','01 - Dry','10 - No control',0.857134,'P.D. only','P.D. only','02 - Angle',mid_town,0
Weekday,Noon,highway,'01 - Clear','07 - Dark','06 - Ice','10 - No control',0.736839,'P.D. only','P.D. only','04 - Sideswipe',mid_town,0
Weekday,Mid_Night,Road,'01 - Clear','07 - Dark','01 - Dry','10 - No control',0.687497,'P.D. only','P.D. only','07 - SMV other',Ottawa_south,0
Weekday,Noon,Road,'01 - Clear','07 - Dark','06 - Ice','01 - Traffic signal',0.624994,'P.D. only','P.D. only','03 - Rear end',downtown,0
Weekday,Night,Road,'01 - Clear','01 - Daylight','01 - Dry','10 - No control',0.941172,'P.D. only','P.D. only','06 - SMV unattended vehicle',downtown,0
Weekday,Night,Road,'01 - Clear','05 - Dusk','01 - Dry','10 - No control',0.599982,'P.D. only','P.D. only','04 - Sideswipe',mid_town,0
Weekday,Noon,highway,'01 - Clear','01 - Daylight','05 - Packed snow','10 - No control',0.999976,'P.D. only','P.D. only','04 - Sideswipe',mid_town,0
Weekday,Noon,Road,'01 - Clear','01 - Daylight','01 - Dry','10 - No control',0.846144,'P.D. only','P.D. only','04 - Sideswipe',mid_town,0
Weekday,Noon,Road,'03 - Snow','01 - Daylight','04 - Slush','01 - Traffic signal',0.483869,'P.D. only','P.D. only','05 - Turning movement',Ottawa_east,0
Weekday,Noon,Road,'01 - Clear','01 - Daylight','01 - Dry','10 - No control',0.499997,'P.D. only','P.D. only','04 - Sideswipe',downtown,0
Weekends,Mid_Night,Road,'01 - Clear','07 - Dark','02 - Wet','01 - Traffic signal',0.66665,'P.D. only','P.D. only','01 - Approaching',downtown,0
Weekday,Night,Road,'01 - Clear','01 - Daylight','01 - Dry','10 - No control',0.99999,'P.D. only','P.D. only','07 - SMV other',downtown,0
Weekday,Night,Road,'06 - Strong wind','01 - Daylight','02 - Wet','01 - Traffic signal',0.999985,'P.D. only','P.D. only','04 - Sideswipe',mid_town,0
Weekday,Noon,Road,'01 - Clear','01 - Daylight','01 - Dry','01 - Traffic signal',0.795916,'P.D. only','P.D. only','03 - Rear end',downtown,0
Weekday,Noon,Road,'01 - Clear','01 - Daylight','01 - Dry','01 - Traffic signal',0.866658,'P.D. only','P.D. only','04 - Sideswipe',mid_town,0
Weekday,Mid_Night,Road,'01 - Clear','07 - Dark','01 - Dry','10 - No control',0.687497,'P.D. only','P.D. only','07 - SMV other',Ottawa_south,0
Weekday,Night,Road,'01 - Clear','01 - Daylight','01 - Dry','01 - Traffic signal',0.441859,'P.D. only','P.D. only','05 - Turning movement',mid_town,0
Weekday,Night,Road,'01 - Clear','01 - Daylight','01 - Dry','02 - Stop sign',0.333325,'P.D. only','P.D. only','05 - Turning movement',Ottawa_west,0
Weekends,Mid_Night,Road,'01 - Clear','07 - Dark','01 - Dry','10 - No control',0.999991,'P.D. only','P.D. only','06 - SMV unattended vehicle',downtown,0
Weekday,Night,Road,'01 - Clear','07 - Dark','01 - Dry','10 - No control',0.599982,'P.D. only','P.D. only','07 - SMV other',Ottawa_south,0
Weekday,Evening,Road,'01 - Clear','01 - Daylight','02 - Wet','02 - Stop sign',0.333317,'P.D. only','P.D. only','05 - Turning movement',downtown,0
Weekday,Evening,Road,'01 - Clear','01 - Daylight','01 - Dry','01 - Traffic signal',0.603603,'P.D. only','P.D. only','03 - Rear end',mid_town,0
Weekday,Evening,Road,'03 - Snow','01 - Daylight','02 - Wet','01 - Traffic signal',0.677418,'P.D. only','P.D. only','03 - Rear end',mid_town,0
Weekends,Night,highway,'03 - Snow','05 - Dusk','03 - Loose snow','10 - No control',0.799988,'P.D. only','P.D. only','03 - Rear end',mid_town,0
Weekday,Night,Road,'01 - Clear','01 - Daylight','01 - Dry','10 - No control',0.874992,'P.D. only','P.D. only','06 - SMV unattended vehicle',mid_town,0
Weekday,Evening,Road,'05 - Drifting Snow','01 - Daylight','06 - Ice','10 - No control',0.999951,'P.D. only','P.D. only','07 - SMV other',Ottawa_south,0
Weekday,Night,highway,'01 - Clear','05 - Dusk','01 - Dry','10 - No control',0.499982,'P.D. only','P.D. only','03 - Rear end',mid_town,0
Weekday,Mid_Night,Road,'01 - Clear','07 - Dark','02 - Wet','10 - No control',0.999951,'P.D. only','P.D. only','07 - SMV other',Ottawa_south,0
Weekends,Mid_Night,Road,'01 - Clear','01 - Daylight','01 - Dry','10 - No control',0.999951,'P.D. only','P.D. only','06 - SMV unattended vehicle',Ottawa_south,0
Weekday,Noon,Road,'02 - Rain','01 - Daylight','02 - Wet','01 - Traffic signal',0.999976,'P.D. only','P.D. only','03 - Rear end',mid_town,0
Weekday,Evening,Road,'01 - Clear','01 - Daylight','01 - Dry','10 - No control',0.767439,'P.D. only','P.D. only','03 - Rear end',mid_town,0
Weekday,Night,highway,'03 - Snow','01 - Daylight','03 - Loose snow','10 - No control',0.789468,'P.D. only','P.D. only','07 - SMV other',mid_town,0
Weekday,Night,Road,'01 - Clear','01 - Daylight','01 - Dry','01 - Traffic signal',0.545451,'P.D. only','P.D. only','03 - Rear end',Ottawa_south,0
Weekday,Mid_Night,Road,'03 - Snow','07 - Dark','03 - Loose snow','01 - Traffic signal',0.999951,'P.D. only','P.D. only','02 - Angle',downtown,0
Weekends,Night,Road,'01 - Clear','01 - Daylight','02 - Wet','01 - Traffic signal',0.666661,'P.D. only','P.D. only','03 - Rear end',Ottawa_south,0
Weekday,Noon,Road,'01 - Clear','07 - Dark','01 - Dry','01 - Traffic signal',0.729729,'P.D. only','P.D. only','03 - Rear end',downtown,0
Weekday,Night,Road,'01 - Clear','01 - Daylight','01 - Dry','01 - Traffic signal',0.586206,'P.D. only','P.D. only','03 - Rear end',mid_town,0
Weekday,Noon,Road,'02 - Rain','01 - Daylight','02 - Wet','10 - No control',0.799988,'P.D. only','P.D. only','03 - Rear end',mid_town,0
Weekday,Night,Road,'02 - Rain','01 - Daylight','02 - Wet','01 - Traffic signal',0.724134,'P.D. only','P.D. only','03 - Rear end',mid_town,0
Weekday,Afternoon,Road,'01 - Clear','01 - Daylight','02 - Wet','10 - No control',0.6923,'P.D. only','P.D. only','05 - Turning movement',Ottawa_west,0
Weekday,Night,Road,'03 - Snow','07 - Dark','03 - Loose snow','10 - No control',0.916661,'P.D. only','P.D. only','07 - SMV other',mid_town,0
Weekday,Afternoon,Road,'01 - Clear','01 - Daylight','06 - Ice','10 - No control',0.999989,'P.D. only','P.D. only','99 - Other',downtown,0
Weekday,Evening,Road,'03 - Snow','01 - Daylight','03 - Loose snow','10 - No control',0.714271,'P.D. only','P.D. only','03 - Rear end',downtown,0
Weekday,Mid_Night,Road,'03 - Snow','00 - Unknown','03 - Loose snow','10 - No control',0.999963,'P.D. only','P.D. only','06 - SMV unattended vehicle',downtown,0
Weekday,Noon,Road,'03 - Snow','01 - Daylight','02 - Wet','01 - Traffic signal',0,Injury,'P.D. only','05 - Turning movement',mid_town,0
Weekends,Evening,Road,'01 - Clear','01 - Daylight','01 - Dry','10 - No control',0.733326,'P.D. only','P.D. only','04 - Sideswipe',downtown,0
Weekday,Mid_Night,highway,'01 - Clear','07 - Dark','01 - Dry','10 - No control',0.636355,'P.D. only','P.D. only','03 - Rear end',mid_town,0
Weekday,Night,Road,'02 - Rain','01 - Daylight','02 - Wet','01 - Traffic signal',0.724134,'P.D. only','P.D. only','03 - Rear end',mid_town,0
Weekday,Evening,Road,'01 - Clear','01 - Daylight','01 - Dry','10 - No control',0.739126,'P.D. only','P.D. only','05 - Turning movement',downtown,0
Weekday,Evening,Road,'01 - Clear','01 - Daylight','01 - Dry','01 - Traffic signal',0.458823,'P.D. only','P.D. only','05 - Turning movement',downtown,0
Weekday,Night,Road,'02 - Rain','01 - Daylight','02 - Wet','02 - Stop sign',0.638888,'P.D. only','P.D. only','03 - Rear end',mid_town,0
Weekends,Evening,Road,'03 - Snow','01 - Daylight','02 - Wet','01 - Traffic signal',0.629626,'P.D. only','P.D. only','03 - Rear end',downtown,0
Weekday,Night,Road,'03 - Snow','01 - Daylight','02 - Wet','01 - Traffic signal',0.599994,'P.D. only','P.D. only','02 - Angle',downtown,0
Weekday,Evening,Road,'01 - Clear','01 - Daylight','05 - Packed snow','10 - No control',0.975902,'P.D. only','P.D. only','06 - SMV unattended vehicle',downtown,0
Weekday,Mid_Night,Road,'01 - Clear','07 - Dark','01 - Dry','10 - No control',0.538455,'P.D. only','P.D. only','04 - Sideswipe',downtown,0
Weekends,Mid_Night,Road,'01 - Clear','07 - Dark','01 - Dry','10 - No control',0.999971,'P.D. only','P.D. only','06 - SMV unattended vehicle',Ottawa_south,0
Weekday,Night,Road,'01 - Clear','01 - Daylight','04 - Slush','01 - Traffic signal',0.999984,'P.D. only','P.D. only','05 - Turning movement',Ottawa_south,0
Weekends,Evening,Road,'02 - Rain','01 - Daylight','02 - Wet','01 - Traffic signal',0.73333,'P.D. only','P.D. only','04 - Sideswipe',downtown,0
Weekends,Mid_Night,Road,'02 - Rain','07 - Dark','02 - Wet','01 - Traffic signal',0.285711,'P.D. only','P.D. only','05 - Turning movement',mid_town,0
Weekday,Mid_Night,highway,'01 - Clear','07 - Dark','04 - Slush','10 - No control',0.523806,'P.D. only','P.D. only','07 - SMV other',Ottawa_west,0
Weekday,Evening,Road,'01 - Clear','01 - Daylight','01 - Dry','01 - Traffic signal',0.36842,'P.D. only','P.D. only','05 - Turning movement',mid_town,0
Weekday,Early_Morning,Road,'01 - Clear','07 - Dark','01 - Dry','02 - Stop sign',0.818171,'P.D. only','P.D. only','07 - SMV other',Ottawa_east,0
Weekends,Afternoon,highway,'01 - Clear','01 - Daylight','01 - Dry','10 - No control',0.272724,'P.D. only','P.D. only','07 - SMV other',Ottawa_east,0
Weekends,Mid_Night,Road,'01 - Clear','07 - Dark','01 - Dry','01 - Traffic signal',0.499991,'P.D. only','P.D. only','05 - Turning movement',mid_town,0
Weekday,Evening,Road,'03 - Snow','01 - Daylight','03 - Loose snow','02 - Stop sign',0.499982,'P.D. only','P.D. only','05 - Turning movement',mid_town,0
Weekday,Night,Road,'01 - Clear','01 - Daylight','01 - Dry','01 - Traffic signal',0.586206,'P.D. only','P.D. only','03 - Rear end',mid_town,0
Weekday,Mid_Night,highway,'01 - Clear','07 - Dark','01 - Dry','10 - No control',0.428562,'P.D. only','P.D. only','04 - Sideswipe',mid_town,0
Weekday,Evening,Road,'01 - Clear','01 - Daylight','01 - Dry','01 - Traffic signal',0,Injury,'P.D. only','99 - Other',mid_town,0
Weekday,Mid_Night,Road,'02 - Rain','07 - Dark','04 - Slush','10 - No control',0.760868,'P.D. only','P.D. only','07 - SMV other',Ottawa_west,0
Weekday,Noon,Road,'01 - Clear','01 - Daylight','01 - Dry','10 - No control',0.999971,'P.D. only','P.D. only','04 - Sideswipe',Ottawa_east,0
Weekday,Evening,Road,'01 - Clear','01 - Daylight','01 - Dry','10 - No control',0.730768,'P.D. only','P.D. only','05 - Turning movement',Ottawa_south,0