DATE,TIME,Road_type,ENVIRONMENT,LIGHT,SURFACE_CONDITION,TRAFFIC_CONTROL,'prediction margin','predicted COLLISION_CLASSIFICATION',COLLISION_CLASSIFICATION,IMPACT_TYPE,Location,NO_OF_PEDESTRIANS
Weekday,Night,highway,'01 - Clear','01 - Daylight','01 - Dry','10 - No control',0.839995,'P.D. only','P.D. only','04 - Sideswipe',downtown,0
Weekends,Noon,Road,'03 - Snow','01 - Daylight','04 - Slush','01 - Traffic signal',0.749986,'P.D. only','P.D. only','03 - Rear end',downtown,0
Weekday,Noon,Road,'03 - Snow','01 - Daylight','06 - Ice','01 - Traffic signal',0,Injury,'P.D. only','02 - Angle',mid_town,0
Weekday,Evening,Road,'01 - Clear','01 - Daylight','01 - Dry','02 - Stop sign',0.566037,'P.D. only','P.D. only','02 - Angle',Ottawa_west,0
Weekday,Morning,highway,'02 - Rain','07 - Dark','02 - Wet','10 - No control',0.681816,'P.D. only','P.D. only','07 - SMV other',downtown,0
Weekday,Mid_Night,Road,'01 - Clear','07 - Dark','02 - Wet','01 - Traffic signal',0.714271,'P.D. only','P.D. only','03 - Rear end',downtown,0
Weekday,Early_Morning,Road,'02 - Rain','07 - Dark','02 - Wet','10 - No control',0.666659,'P.D. only','P.D. only','07 - SMV other',Ottawa_east,0
Weekday,Evening,Road,'01 - Clear','01 - Daylight','01 - Dry','01 - Traffic signal',0.627118,'P.D. only','P.D. only','03 - Rear end',downtown,0
Weekday,Evening,Road,'01 - Clear','01 - Daylight','01 - Dry','01 - Traffic signal',0.714271,'P.D. only','P.D. only','05 - Turning movement',Ottawa_south,0
Weekends,Afternoon,highway,'04 - Freezing Rain','01 - Daylight','05 - Packed snow','10 - No control',0.714271,'P.D. only','P.D. only','04 - Sideswipe',Ottawa_west,0
Weekday,Night,Road,'01 - Clear','05 - Dusk','01 - Dry','02 - Stop sign',0.672725,'P.D. only','P.D. only','03 - Rear end',downtown,0
Weekday,Noon,Road,'03 - Snow','01 - Daylight','05 - Packed snow','10 - No control',0.999984,'P.D. only','P.D. only','07 - SMV other',downtown,0
Weekends,Night,highway,'01 - Clear','07 - Dark','04 - Slush','10 - No control',-0.333317,Injury,'P.D. only','07 - SMV other',Ottawa_west,0
Weekday,Mid_Night,highway,'01 - Clear','07 - Dark','01 - Dry','10 - No control',0.599991,'P.D. only','P.D. only','04 - Sideswipe',downtown,0
Weekends,Mid_Night,Road,'01 - Clear','05 - Dusk','01 - Dry','10 - No control',0.99999,'P.D. only','P.D. only','06 - SMV unattended vehicle',Ottawa_south,0
Weekends,Night,Road,'05 - Drifting Snow','01 - Daylight','06 - Ice','01 - Traffic signal',0.6923,'P.D. only','P.D. only','03 - Rear end',Ottawa_south,0
Weekday,Night,Road,'01 - Clear','01 - Daylight','01 - Dry','01 - Traffic signal',0.538459,'P.D. only','P.D. only','03 - Rear end',Ottawa_east,0
Weekday,Night,Road,'01 - Clear','01 - Daylight','01 - Dry','01 - Traffic signal',0.772725,'P.D. only','P.D. only','04 - Sideswipe',downtown,0
Weekends,Early_Morning,Road,'03 - Snow','07 - Dark','04 - Slush','10 - No control',0.846144,'P.D. only','P.D. only','06 - SMV unattended vehicle',mid_town,0
Weekday,Mid_Night,Road,'01 - Clear','07 - Dark','02 - Wet','01 - Traffic signal',0.472221,'P.D. only','P.D. only','05 - Turning movement',downtown,0
Weekends,Mid_Night,Road,'01 - Clear','07 - Dark','06 - Ice','10 - No control',0.744679,'P.D. only','P.D. only','02 - Angle',Ottawa_south,0
Weekday,Noon,Road,'01 - Clear','01 - Daylight','01 - Dry','02 - Stop sign',0.454543,'P.D. only','P.D. only','05 - Turning movement',Ottawa_west,0
Weekends,Evening,Road,'01 - Clear','01 - Daylight','02 - Wet','01 - Traffic signal',0.666663,'P.D. only','P.D. only','04 - Sideswipe',mid_town,0
Weekday,Mid_Night,Road,'03 - Snow','07 - Dark','03 - Loose snow','10 - No control',0.499982,'P.D. only','P.D. only','07 - SMV other',downtown,0
Weekday,Noon,Road,'01 - Clear','01 - Daylight','01 - Dry','01 - Traffic signal',0.795916,'P.D. only','P.D. only','03 - Rear end',downtown,0
Weekends,Mid_Night,Road,'01 - Clear','07 - Dark','01 - Dry','01 - Traffic signal',0.66665,'P.D. only','P.D. only','02 - Angle',downtown,0
Weekends,Evening,Road,'01 - Clear','01 - Daylight','01 - Dry','10 - No control',0.428562,'P.D. only','P.D. only','05 - Turning movement',downtown,0
Weekday,Night,Road,'01 - Clear','07 - Dark','01 - Dry','01 - Traffic signal',0.636355,'P.D. only','P.D. only','03 - Rear end',mid_town,0
Weekday,Mid_Night,Road,'01 - Clear','07 - Dark','01 - Dry','02 - Stop sign',0.642855,'P.D. only','P.D. only','07 - SMV other',mid_town,0
Weekday,Afternoon,Road,'01 - Clear','01 - Daylight','02 - Wet','10 - No control',0,Injury,'P.D. only','03 - Rear end',downtown,0
Weekends,Evening,Road,'01 - Clear','01 - Daylight','01 - Dry','10 - No control',0.999963,'P.D. only','P.D. only','04 - Sideswipe',mid_town,0
Weekday,Evening,Road,'01 - Clear','01 - Daylight','01 - Dry','01 - Traffic signal',0.85185,'P.D. only','P.D. only','04 - Sideswipe',downtown,0
Weekday,Night,Road,'03 - Snow','05 - Dusk','05 - Packed snow','01 - Traffic signal',0.466664,'P.D. only','P.D. only','05 - Turning movement',mid_town,0
Weekday,Mid_Night,Road,'01 - Clear','07 - Dark','01 - Dry','01 - Traffic signal',0.499995,'P.D. only','P.D. only','05 - Turning movement',mid_town,0
Weekday,Afternoon,highway,'01 - Clear','01 - Daylight','01 - Dry','10 - No control',0.499991,'P.D. only','P.D. only','07 - SMV other',downtown,0
Weekday,Evening,Road,'03 - Snow','01 - Daylight','03 - Loose snow','01 - Traffic signal',0.529407,'P.D. only','P.D. only','03 - Rear end',downtown,0
Weekday,Night,Road,'01 - Clear','01 - Daylight','01 - Dry','10 - No control',0.562497,'P.D. only','P.D. only','02 - Angle',mid_town,0
Weekday,Noon,Road,'01 - Clear','03 - Dawn','01 - Dry','01 - Traffic signal',0.999982,'P.D. only','P.D. only','05 - Turning movement',downtown,0
Weekday,Mid_Night,Road,'01 - Clear','07 - Dark','01 - Dry','01 - Traffic signal',0.473681,'P.D. only','P.D. only','02 - Angle',downtown,0
Weekends,Night,Road,'03 - Snow','07 - Dark','03 - Loose snow','01 - Traffic signal',0.874992,'P.D. only','P.D. only','02 - Angle',Ottawa_south,0
Weekends,Afternoon,Road,'03 - Snow','01 - Daylight','03 - Loose snow','01 - Traffic signal',0.759996,'P.D. only','P.D. only','05 - Turning movement',Ottawa_east,0
Weekends,Night,Road,'01 - Clear','07 - Dark','02 - Wet','10 - No control',0.999951,'P.D. only','P.D. only','04 - Sideswipe',Ottawa_west,0
Weekday,Evening,Road,'02 - Rain','01 - Daylight','02 - Wet','01 - Traffic signal',0.444441,'P.D. only','P.D. only','05 - Turning movement',Ottawa_south,0
Weekday,Evening,Road,'03 - Snow','01 - Daylight','03 - Loose snow','10 - No control',0.999963,'P.D. only','P.D. only','07 - SMV other',Ottawa_west,0
Weekends,Mid_Night,highway,'01 - Clear','05 - Dusk','02 - Wet','10 - No control',0.741932,'P.D. only','P.D. only','07 - SMV other',downtown,0
Weekday,Night,Road,'01 - Clear','01 - Daylight','01 - Dry','01 - Traffic signal',0.882349,'P.D. only','P.D. only','04 - Sideswipe',mid_town,0
Weekday,Evening,Road,'01 - Clear','01 - Daylight','02 - Wet','01 - Traffic signal',0.519997,'P.D. only','P.D. only','03 - Rear end',downtown,0
Weekday,Evening,Road,'01 - Clear','01 - Daylight','01 - Dry','01 - Traffic signal',0.85185,'P.D. only','P.D. only','04 - Sideswipe',downtown,0
Weekday,Early_Morning,highway,'01 - Clear','07 - Dark','01 - Dry','10 - No control',0.499982,'P.D. only','P.D. only','07 - SMV other',Ottawa_west,0
Weekday,Mid_Night,Road,'02 - Rain','05 - Dusk','02 - Wet','01 - Traffic signal',0,Injury,'P.D. only','05 - Turning movement',mid_town,0
Weekday,Night,Road,'01 - Clear','01 - Daylight','01 - Dry','01 - Traffic signal',0.33333,'P.D. only','P.D. only','05 - Turning movement',Ottawa_west,0
Weekday,Night,Road,'01 - Clear','01 - Daylight','01 - Dry','01 - Traffic signal',0.333325,'P.D. only','P.D. only','07 - SMV other',downtown,0
Weekday,Night,Road,'01 - Clear','01 - Daylight','01 - Dry','01 - Traffic signal',0.593749,'P.D. only','P.D. only','05 - Turning movement',downtown,0
Weekday,Mid_Night,Road,'02 - Rain','07 - Dark','02 - Wet','01 - Traffic signal',0.999971,'P.D. only','P.D. only','02 - Angle',downtown,0
Weekends,Afternoon,Road,'01 - Clear','01 - Daylight','01 - Dry','01 - Traffic signal',0.499994,'P.D. only','P.D. only','03 - Rear end',mid_town,0
Weekday,Night,Road,'01 - Clear','01 - Daylight','01 - Dry','02 - Stop sign',0.333325,'P.D. only','P.D. only','05 - Turning movement',Ottawa_west,0
Weekday,Night,Road,'01 - Clear','01 - Daylight','01 - Dry','02 - Stop sign',0.555551,'P.D. only','P.D. only','05 - Turning movement',downtown,0
Weekday,Noon,Road,'01 - Clear','01 - Daylight','01 - Dry','10 - No control',0.999979,'P.D. only','P.D. only','07 - SMV other',Ottawa_east,0
Weekday,Afternoon,highway,'01 - Clear','01 - Daylight','01 - Dry','10 - No control',0.999963,'P.D. only','P.D. only','03 - Rear end',mid_town,0
Weekday,Night,Road,'01 - Clear','01 - Daylight','01 - Dry','01 - Traffic signal',0.33333,'P.D. only','P.D. only','05 - Turning movement',Ottawa_west,0
Weekday,Mid_Night,Road,'01 - Clear','07 - Dark','01 - Dry','01 - Traffic signal',0.473681,'P.D. only','P.D. only','02 - Angle',downtown,0
Weekday,Night,Road,'02 - Rain','01 - Daylight','02 - Wet','01 - Traffic signal',0.599994,'P.D. only','P.D. only','03 - Rear end',downtown,0
Weekday,Night,Road,'01 - Clear','01 - Daylight','01 - Dry','10 - No control',0.813951,'P.D. only','P.D. only','02 - Angle',downtown,0
Weekday,Night,Road,'02 - Rain','07 - Dark','02 - Wet','10 - No control',0.999951,'P.D. only','P.D. only','04 - Sideswipe',Ottawa_west,0
Weekday,Noon,Road,'01 - Clear','03 - Dawn','06 - Ice','01 - Traffic signal',0.799988,'P.D. only','P.D. only','03 - Rear end',Ottawa_west,0
Weekday,Early_Morning,Road,'01 - Clear','07 - Dark','01 - Dry','10 - No control',0.333325,'P.D. only','P.D. only','07 - SMV other',downtown,0
Weekday,Night,Road,'01 - Clear','01 - Daylight','01 - Dry','01 - Traffic signal',0.999976,'P.D. only','P.D. only','05 - Turning movement',Ottawa_south,0
Weekends,Mid_Night,Road,'01 - Clear','07 - Dark','01 - Dry','01 - Traffic signal',0.499991,'P.D. only','P.D. only','05 - Turning movement',mid_town,0
Weekday,Night,Road,'01 - Clear','01 - Daylight','02 - Wet','10 - No control',0.749986,'P.D. only','P.D. only','03 - Rear end',downtown,0
Weekday,Night,Road,'01 - Clear','07 - Dark','01 - Dry','10 - No control',0.333325,'P.D. only','P.D. only','03 - Rear end',Ottawa_east,0
Weekends,Mid_Night,Road,'01 - Clear','07 - Dark','02 - Wet','10 - No control',0.999988,'P.D. only','P.D. only','05 - Turning movement',downtown,0
Weekday,Noon,Road,'01 - Clear','03 - Dawn','01 - Dry','10 - No control',0.666659,'P.D. only','P.D. only','01 - Approaching',Ottawa_west,0
Weekday,Evening,Road,'01 - Clear','01 - Daylight','01 - Dry','10 - No control',0.794116,'P.D. only','P.D. only','04 - Sideswipe',downtown,0
Weekday,Evening,highway,'01 - Clear','01 - Daylight','02 - Wet','10 - No control',0.714271,'P.D. only','P.D. only','99 - Other',Ottawa_west,0
Weekday,Night,Road,'01 - Clear','01 - Daylight','01 - Dry','10 - No control',0.57647,'P.D. only','P.D. only','03 - Rear end',downtown,0
Weekday,Noon,Road,'01 - Clear','01 - Daylight','01 - Dry','10 - No control',0.999989,'P.D. only','P.D. only','06 - SMV unattended vehicle',downtown,0
Weekday,Night,highway,'01 - Clear','05 - Dusk','02 - Wet','01 - Traffic signal',0.757572,'P.D. only','P.D. only','04 - Sideswipe',downtown,0
Weekday,Mid_Night,Road,'01 - Clear','07 - Dark','01 - Dry','10 - No control',0.65217,'P.D. only','P.D. only','03 - Rear end',downtown,0
Weekday,Evening,Road,'01 - Clear','01 - Daylight','01 - Dry','10 - No control',0.749995,'P.D. only','P.D. only','04 - Sideswipe',mid_town,0
Weekday,Afternoon,Road,'01 - Clear','01 - Daylight','01 - Dry','01 - Traffic signal',0.999984,'P.D. only','P.D. only','04 - Sideswipe',mid_town,0
Weekday,Night,Road,'01 - Clear','07 - Dark','01 - Dry','10 - No control',0.999982,'P.D. only','P.D. only','06 - SMV unattended vehicle',downtown,0
Weekday,Evening,Road,'01 - Clear','01 - Daylight','01 - Dry','10 - No control',0.777765,'P.D. only','P.D. only','07 - SMV other',Ottawa_south,0
Weekends,Night,Road,'01 - Clear','07 - Dark','01 - Dry','01 - Traffic signal',0.999951,'P.D. only','P.D. only','04 - Sideswipe',downtown,0
Weekday,Noon,Road,'01 - Clear','01 - Daylight','01 - Dry','01 - Traffic signal',0.795916,'P.D. only','P.D. only','03 - Rear end',downtown,0
Weekday,Noon,Road,'01 - Clear','01 - Daylight','01 - Dry','02 - Stop sign',-0.66665,Injury,'P.D. only','02 - Angle',Ottawa_south,0
Weekends,Evening,Road,'03 - Snow','01 - Daylight','04 - Slush','02 - Stop sign',0.615381,'P.D. only','P.D. only','02 - Angle',mid_town,0
Weekday,Night,Road,'01 - Clear','07 - Dark','02 - Wet','01 - Traffic signal',0.599982,'P.D. only','P.D. only','03 - Rear end',downtown,0
Weekday,Night,Road,'01 - Clear','05 - Dusk','04 - Slush','02 - Stop sign',0.363634,'P.D. only','P.D. only','05 - Turning movement',Ottawa_south,0
Weekends,Evening,Road,'01 - Clear','01 - Daylight','01 - Dry','02 - Stop sign',0.348836,'P.D. only','P.D. only','03 - Rear end',Ottawa_east,0
Weekday,Evening,Road,'01 - Clear','01 - Daylight','01 - Dry','01 - Traffic signal',0.302325,'P.D. only','P.D. only','02 - Angle',downtown,0
Weekends,Night,highway,'01 - Clear','07 - Dark','01 - Dry','10 - No control',0.333317,'P.D. only','P.D. only','03 - Rear end',downtown,0
Weekday,Noon,Road,'01 - Clear','01 - Daylight','04 - Slush','03 - Yield sign',0.916661,'P.D. only','P.D. only','06 - SMV unattended vehicle',mid_town,0
Weekday,Noon,Road,'01 - Clear','01 - Daylight','01 - Dry','10 - No control',0.999971,'P.D. only','P.D. only','07 - SMV other',mid_town,0
Weekends,Evening,Road,'01 - Clear','01 - Daylight','08 - Loose sand or gravel','10 - No control',0.555547,'P.D. only','P.D. only','03 - Rear end',Ottawa_east,0
Weekday,Evening,Road,'01 - Clear','01 - Daylight','02 - Wet','10 - No control',0.999971,'P.D. only','P.D. only','04 - Sideswipe',mid_town,0
Weekday,Early_Morning,Road,'01 - Clear','07 - Dark','01 - Dry','02 - Stop sign',0.636355,'P.D. only','P.D. only','07 - SMV other',Ottawa_south,0
Weekends,Noon,Road,'01 - Clear','01 - Daylight','01 - Dry','01 - Traffic signal',0.599999,'P.D. only','P.D. only','03 - Rear end',downtown,0
Weekday,Evening,Road,'01 - Clear','01 - Daylight','03 - Loose snow','02 - Stop sign',0.499994,'P.D. only','P.D. only','05 - Turning movement',downtown,0
Weekends,Afternoon,Road,'01 - Clear','01 - Daylight','06 - Ice','10 - No control',0.999976,'P.D. only','P.D. only','06 - SMV unattended vehicle',mid_town,0
Weekday,Afternoon,highway,'03 - Snow','01 - Daylight','03 - Loose snow','10 - No control',0.818171,'P.D. only','P.D. only','03 - Rear end',mid_town,0
Weekends,Noon,Road,'03 - Snow','03 - Dawn','03 - Loose snow','01 - Traffic signal',0.809522,'P.D. only','P.D. only','04 - Sideswipe',mid_town,0
Weekday,Evening,Road,'01 - Clear','01 - Daylight','01 - Dry','10 - No control',0.675673,'P.D. only','P.D. only','02 - Angle',downtown,0
Weekday,Night,Road,'01 - Clear','01 - Daylight','01 - Dry','10 - No control',0.525772,'P.D. only','P.D. only','03 - Rear end',mid_town,0
Weekday,Night,Road,'01 - Clear','05 - Dusk','01 - Dry','01 - Traffic signal',0.599991,'P.D. only','P.D. only','03 - Rear end',downtown,0
Weekends,Evening,Road,'03 - Snow','01 - Daylight','03 - Loose snow','10 - No control',0.866658,'P.D. only','P.D. only','03 - Rear end',Ottawa_west,0
Weekday,Night,Road,'01 - Clear','01 - Daylight','02 - Wet','10 - No control',0.777771,'P.D. only','P.D. only','05 - Turning movement',Ottawa_south,0
Weekday,Night,Road,'01 - Clear','01 - Daylight','01 - Dry','01 - Traffic signal',0.575755,'P.D. only','P.D. only','02 - Angle',downtown,0
Weekends,Evening,Road,'01 - Clear','01 - Daylight','01 - Dry','10 - No control',0.999963,'P.D. only','P.D. only','04 - Sideswipe',mid_town,0
Weekday,Night,Road,'01 - Clear','01 - Daylight','01 - Dry','02 - Stop sign',0.348836,'P.D. only','P.D. only','02 - Angle',downtown,0
Weekday,Noon,Road,'01 - Clear','03 - Dawn','02 - Wet','02 - Stop sign',0.53846,'P.D. only','P.D. only','03 - Rear end',mid_town,0
Weekends,Evening,Road,'01 - Clear','01 - Daylight','01 - Dry','10 - No control',0.199994,'P.D. only','P.D. only','07 - SMV other',Ottawa_east,0
Weekends,Night,Road,'01 - Clear','01 - Daylight','01 - Dry','10 - No control',0.880595,'P.D. only','P.D. only','06 - SMV unattended vehicle',Ottawa_west,0
Weekends,Night,Road,'01 - Clear','01 - Daylight','01 - Dry','10 - No control',0.666659,'P.D. only','P.D. only','04 - Sideswipe',downtown,0
Weekends,Mid_Night,highway,'02 - Rain','07 - Dark','02 - Wet','01 - Traffic signal',0.499997,'P.D. only','P.D. only','03 - Rear end',mid_town,0
Weekday,Evening,Road,'01 - Clear','01 - Daylight','01 - Dry','10 - No control',0.675673,'P.D. only','P.D. only','02 - Angle',downtown,0
Weekday,Evening,Road,'01 - Clear','01 - Daylight','01 - Dry','02 - Stop sign',0.499991,'P.D. only','P.D. only','05 - Turning movement',downtown,0
Weekday,Night,Road,'01 - Clear','01 - Daylight','01 - Dry','10 - No control',0.562497,'P.D. only','P.D. only','02 - Angle',mid_town,0
Weekday,Noon,Road,'01 - Clear','01 - Daylight','03 - Loose snow','02 - Stop sign',0.199994,'P.D. only','P.D. only','03 - Rear end',Ottawa_east,0
Weekday,Evening,Road,'01 - Clear','01 - Daylight','01 - Dry','01 - Traffic signal',0.627118,'P.D. only','P.D. only','03 - Rear end',downtown,0
Weekends,Noon,Road,'00 - Unknown','01 - Daylight','00 - Unknown','10 - No control',0.999976,'P.D. only','P.D. only','06 - SMV unattended vehicle',mid_town,0
Weekends,Mid_Night,Road,'01 - Clear','07 - Dark','01 - Dry','10 - No control',0.999991,'P.D. only','P.D. only','07 - SMV other',Ottawa_west,0
Weekday,Afternoon,Road,'02 - Rain','01 - Daylight','02 - Wet','01 - Traffic signal',0.83333,'P.D. only','P.D. only','04 - Sideswipe',downtown,0
Weekday,Night,Road,'01 - Clear','01 - Daylight','02 - Wet','01 - Traffic signal',0.999982,'P.D. only','P.D. only','03 - Rear end',mid_town,0
Weekday,Evening,Road,'01 - Clear','01 - Daylight','01 - Dry','10 - No control',0.767439,'P.D. only','P.D. only','03 - Rear end',mid_town,0
Weekday,Afternoon,highway,'03 - Snow','01 - Daylight','03 - Loose snow','10 - No control',0.999951,'P.D. only','P.D. only','04 - Sideswipe',downtown,0
Weekends,Afternoon,Road,'01 - Clear','01 - Daylight','01 - Dry','01 - Traffic signal',0.499994,'P.D. only','P.D. only','03 - Rear end',mid_town,0
Weekday,Night,Road,'01 - Clear','01 - Daylight','02 - Wet','01 - Traffic signal',0.599991,'P.D. only','P.D. only','03 - Rear end',downtown,0
Weekday,Noon,Road,'01 - Clear','01 - Daylight','02 - Wet','02 - Stop sign',0.294116,'P.D. only','P.D. only','02 - Angle',mid_town,0
Weekday,Mid_Night,highway,'01 - Clear','07 - Dark','02 - Wet','10 - No control',0.999992,'P.D. only','P.D. only','07 - SMV other',Ottawa_south,0
Weekday,Noon,Road,'02 - Rain','01 - Daylight','02 - Wet','10 - No control',0.687497,'P.D. only','P.D. only','04 - Sideswipe',mid_town,0
Weekday,Night,Road,'01 - Clear','01 - Daylight','01 - Dry','01 - Traffic signal',0.485712,'P.D. only','P.D. only','03 - Rear end',Ottawa_west,0
Weekday,Evening,Road,'03 - Snow','01 - Daylight','03 - Loose snow','01 - Traffic signal',0.999951,'P.D. only','P.D. only','04 - Sideswipe',mid_town,0
Weekday,Evening,Road,'01 - Clear','01 - Daylight','01 - Dry','10 - No control',0.384611,'P.D. only','P.D. only','07 - SMV other',mid_town,0
Weekday,Night,Road,'01 - Clear','05 - Dusk','02 - Wet','10 - No control',0.714278,'P.D. only','P.D. only','05 - Turning movement',downtown,0
Weekday,Evening,Road,'01 - Clear','01 - Daylight','01 - Dry','01 - Traffic signal',0.285713,'P.D. only','P.D. only','02 - Angle',mid_town,0
Weekday,Mid_Night,Road,'01 - Clear','07 - Dark','01 - Dry','10 - No control',0.733326,'P.D. only','P.D. only','07 - SMV other',mid_town,0
Weekends,Evening,highway,'01 - Clear','01 - Daylight','01 - Dry','10 - No control',0.272724,'P.D. only','P.D. only','99 - Other',Ottawa_west,0
Weekends,Evening,Road,'03 - Snow','01 - Daylight','03 - Loose snow','01 - Traffic signal',0.999985,'P.D. only','P.D. only','04 - Sideswipe',mid_town,0
Weekday,Evening,highway,'01 - Clear','01 - Daylight','01 - Dry','10 - No control',0.909085,'P.D. only','P.D. only','04 - Sideswipe',downtown,0
Weekday,Mid_Night,Road,'01 - Clear','07 - Dark','01 - Dry','02 - Stop sign',0.729727,'P.D. only','P.D. only','07 - SMV other',Ottawa_east,0
Weekday,Evening,highway,'01 - Clear','01 - Daylight','01 - Dry','01 - Traffic signal',0.582088,'P.D. only','P.D. only','03 - Rear end',Ottawa_west,0
Weekday,Mid_Night,Road,'02 - Rain','07 - Dark','02 - Wet','10 - No control',0.714282,'P.D. only','P.D. only','07 - SMV other',Ottawa_west,0
Weekday,Mid_Night,Road,'02 - Rain','07 - Dark','02 - Wet','10 - No control',0.999951,'P.D. only','P.D. only','07 - SMV other',downtown,0
Weekday,Evening,Road,'01 - Clear','01 - Daylight','01 - Dry','01 - Traffic signal',0.627118,'P.D. only','P.D. only','03 - Rear end',downtown,0
Weekends,Morning,Road,'01 - Clear','07 - Dark','01 - Dry','10 - No control',0.999951,'P.D. only','P.D. only','07 - SMV other',downtown,0
Weekday,Noon,Road,'01 - Clear','01 - Daylight','01 - Dry','01 - Traffic signal',0.99999,'P.D. only','P.D. only','03 - Rear end',Ottawa_east,0
Weekday,Mid_Night,highway,'01 - Clear','07 - Dark','02 - Wet','10 - No control',0.624994,'P.D. only','P.D. only','04 - Sideswipe',downtown,0
Weekday,Mid_Night,highway,'01 - Clear','07 - Dark','01 - Dry','10 - No control',0.499995,'P.D. only','P.D. only','07 - SMV other',Ottawa_west,0
Weekday,Noon,Road,'01 - Clear','01 - Daylight','01 - Dry','01 - Traffic signal',0.272724,'P.D. only','P.D. only','02 - Angle',Ottawa_east,0
Weekday,Night,Road,'02 - Rain','05 - Dusk','02 - Wet','10 - No control',0.487178,'P.D. only','P.D. only','03 - Rear end',downtown,0
Weekday,Night,Road,'01 - Clear','01 - Daylight','01 - Dry','10 - No control',0.999984,'P.D. only','P.D. only','06 - SMV unattended vehicle',Ottawa_west,0
Weekday,Noon,Road,'02 - Rain','03 - Dawn','02 - Wet','02 - Stop sign',0.333329,'P.D. only','P.D. only','05 - Turning movement',Ottawa_west,0
Weekday,Night,Road,'02 - Rain','01 - Daylight','02 - Wet','01 - Traffic signal',0.599994,'P.D. only','P.D. only','03 - Rear end',downtown,0
Weekday,Afternoon,Road,'01 - Clear','01 - Daylight','02 - Wet','03 - Yield sign',0.833323,'P.D. only','P.D. only','02 - Angle',mid_town,0
Weekday,Night,Road,'01 - Clear','01 - Daylight','01 - Dry','10 - No control',0.763156,'P.D. only','P.D. only','04 - Sideswipe',downtown,0
Weekday,Night,Road,'01 - Clear','01 - Daylight','01 - Dry','02 - Stop sign',0.999988,'P.D. only','P.D. only','03 - Rear end',Ottawa_west,0
Weekends,Noon,highway,'01 - Clear','01 - Daylight','03 - Loose snow','10 - No control',0.846151,'P.D. only','P.D. only','04 - Sideswipe',downtown,0
Weekday,Mid_Night,Road,'01 - Clear','07 - Dark','01 - Dry','01 - Traffic signal',0.65714,'P.D. only','P.D. only','03 - Rear end',mid_town,0
Weekends,Night,Road,'01 - Clear','01 - Daylight','01 - Dry','10 - No control',0.639998,'P.D. only','P.D. only','02 - Angle',Ottawa_east,0
Weekends,Evening,Road,'01 - Clear','01 - Daylight','01 - Dry','01 - Traffic signal',0.470586,'P.D. only','P.D. only','03 - Rear end',mid_town,0
Weekends,Night,Road,'01 - Clear','01 - Daylight','01 - Dry','10 - No control',0.333317,'P.D. only','P.D. only','05 - Turning movement',Ottawa_east,0
Weekends,Night,Road,'01 - Clear','05 - Dusk','01 - Dry','01 - Traffic signal',0.799988,'P.D. only','P.D. only','99 - Other',downtown,0
Weekday,Evening,Road,'01 - Clear','01 - Daylight','01 - Dry','01 - Traffic signal',0.285713,'P.D. only','P.D. only','02 - Angle',mid_town,0
Weekends,Mid_Night,Road,'03 - Snow','07 - Dark','04 - Slush','10 - No control',0.999976,'P.D. only','P.D. only','06 - SMV unattended vehicle',downtown,0
Weekends,Evening,Road,'01 - Clear','01 - Daylight','01 - Dry','10 - No control',0.466662,'P.D. only','P.D. only','03 - Rear end',mid_town,0
Weekday,Mid_Night,Road,'01 - Clear','07 - Dark','01 - Dry','10 - No control',0.674416,'P.D. only','P.D. only','07 - SMV other',Ottawa_west,0
Weekday,Noon,Road,'01 - Clear','01 - Daylight','01 - Dry','03 - Yield sign',0.818176,'P.D. only','P.D. only','04 - Sideswipe',Ottawa_east,0
Weekday,Night,Road,'01 - Clear','07 - Dark','06 - Ice','10 - No control',0.999951,'P.D. only','P.D. only','03 - Rear end',downtown,0
Weekday,Evening,Road,'01 - Clear','01 - Daylight','01 - Dry','10 - No control',0.767439,'P.D. only','P.D. only','03 - Rear end',mid_town,0
Weekday,Noon,highway,'01 - Clear','01 - Daylight','01 - Dry','10 - No control',0.999963,'P.D. only','P.D. only','04 - Sideswipe',mid_town,0
Weekends,Mid_Night,highway,'02 - Rain','07 - Dark','02 - Wet','10 - No control',0.999989,'P.D. only','P.D. only','07 - SMV other',Ottawa_west,0
Weekday,Mid_Night,highway,'01 - Clear','07 - Dark','01 - Dry','10 - No control',0.599991,'P.D. only','P.D. only','04 - Sideswipe',downtown,0
Weekends,Evening,Road,'00 - Unknown','01 - Daylight','00 - Unknown','10 - No control',0.999996,'P.D. only','P.D. only','06 - SMV unattended vehicle',downtown,0
Weekends,Evening,Road,'03 - Snow','01 - Daylight','04 - Slush','01 - Traffic signal',0.777771,'P.D. only','P.D. only','03 - Rear end',Ottawa_west,0
Weekday,Night,Road,'02 - Rain','01 - Daylight','02 - Wet','01 - Traffic signal',0.735847,'P.D. only','P.D. only','07 - SMV other',mid_town,0
Weekday,Night,Road,'01 - Clear','01 - Daylight','01 - Dry','01 - Traffic signal',0.593749,'P.D. only','P.D. only','05 - Turning movement',downtown,0
Weekends,Evening,Road,'01 - Clear','01 - Daylight','01 - Dry','10 - No control',0.733326,'P.D. only','P.D. only','04 - Sideswipe',downtown,0