DATE,TIME,Road_type,ENVIRONMENT,LIGHT,SURFACE_CONDITION,TRAFFIC_CONTROL,'prediction margin','predicted COLLISION_CLASSIFICATION',COLLISION_CLASSIFICATION,IMPACT_TYPE,Location,NO_OF_PEDESTRIANS
Weekday,Night,highway,'01 - Clear','01 - Daylight','01 - Dry','10 - No control',0.757572,'P.D. only','P.D. only','03 - Rear end',mid_town,0
Weekday,Night,Road,'01 - Clear','01 - Daylight','01 - Dry','01 - Traffic signal',-0.999963,Injury,'P.D. only','07 - SMV other',mid_town,0
Weekday,Noon,Road,'01 - Clear','01 - Daylight','01 - Dry','08 - Traffic gate',0.583332,'P.D. only','P.D. only','03 - Rear end',mid_town,0
Weekday,Afternoon,Road,'02 - Rain','01 - Daylight','02 - Wet','01 - Traffic signal',0.799988,'P.D. only','P.D. only','03 - Rear end',downtown,0
Weekday,Evening,Road,'01 - Clear','01 - Daylight','01 - Dry','01 - Traffic signal',0.302325,'P.D. only','P.D. only','02 - Angle',downtown,0
Weekday,Evening,highway,'01 - Clear','01 - Daylight','01 - Dry','10 - No control',0.499982,'P.D. only','P.D. only','99 - Other',downtown,0
Weekends,Early_Morning,highway,'07 - Fog/mist/smoke/dust','07 - Dark','01 - Dry','10 - No control',0.517239,'P.D. only','P.D. only','07 - SMV other',Ottawa_south,0
Weekday,Afternoon,Road,'01 - Clear','01 - Daylight','01 - Dry','01 - Traffic signal',0.999963,'P.D. only','P.D. only','05 - Turning movement',Ottawa_west,0
Weekday,Noon,Road,'01 - Clear','01 - Daylight','01 - Dry','01 - Traffic signal',0.795916,'P.D. only','P.D. only','03 - Rear end',downtown,0
Weekday,Evening,Road,'01 - Clear','01 - Daylight','01 - Dry','02 - Stop sign',0.45098,'P.D. only','P.D. only','02 - Angle',Ottawa_east,0
Weekday,Night,Road,'04 - Freezing Rain','07 - Dark','02 - Wet','10 - No control',0.636359,'P.D. only','P.D. only','01 - Approaching',downtown,0
Weekends,Afternoon,Road,'01 - Clear','01 - Daylight','01 - Dry','10 - No control',0.999951,'P.D. only','P.D. only','06 - SMV unattended vehicle',downtown,0
Weekday,Night,highway,'01 - Clear','01 - Daylight','01 - Dry','01 - Traffic signal',0.999951,'P.D. only','P.D. only','03 - Rear end',Ottawa_west,0
Weekday,Evening,Road,'02 - Rain','01 - Daylight','01 - Dry','10 - No control',0.538455,'P.D. only','P.D. only','07 - SMV other',Ottawa_west,0
Weekday,Mid_Night,Road,'01 - Clear','07 - Dark','01 - Dry','10 - No control',0.65217,'P.D. only','P.D. only','03 - Rear end',downtown,0
Weekday,Mid_Night,Road,'03 - Snow','07 - Dark','05 - Packed snow','10 - No control',0.999963,'P.D. only','P.D. only','03 - Rear end',Ottawa_east,0
Weekends,Morning,Road,'02 - Rain','07 - Dark','02 - Wet','02 - Stop sign',0.599982,'P.D. only','P.D. only','07 - SMV other',Ottawa_south,0
Weekday,Night,Road,'01 - Clear','01 - Daylight','01 - Dry','10 - No control',0.999984,'P.D. only','P.D. only','06 - SMV unattended vehicle',Ottawa_west,0
Weekday,Evening,Road,'01 - Clear','01 - Daylight','01 - Dry','10 - No control',0.794116,'P.D. only','P.D. only','04 - Sideswipe',downtown,0
Weekday,Afternoon,Road,'01 - Clear','01 - Daylight','03 - Loose snow','01 - Traffic signal',0.80769,'P.D. only','P.D. only','03 - Rear end',mid_town,0
Weekday,Mid_Night,Road,'01 - Clear','07 - Dark','02 - Wet','10 - No control',0.599982,'P.D. only','P.D. only','07 - SMV other',Ottawa_west,0
Weekday,Evening,Road,'01 - Clear','01 - Daylight','04 - Slush','10 - No control',0.714283,'P.D. only','P.D. only','02 - Angle',mid_town,0
Weekends,Afternoon,Road,'01 - Clear','01 - Daylight','01 - Dry','01 - Traffic signal',0.333317,'P.D. only','P.D. only','05 - Turning movement',downtown,0
Weekday,Night,Road,'01 - Clear','01 - Daylight','01 - Dry','02 - Stop sign',0.826082,'P.D. only','P.D. only','03 - Rear end',downtown,0
Weekends,Evening,Road,'02 - Rain','01 - Daylight','02 - Wet','10 - No control',0.529407,'P.D. only','P.D. only','02 - Angle',downtown,0
Weekday,Night,Road,'01 - Clear','01 - Daylight','01 - Dry','10 - No control',0.57647,'P.D. only','P.D. only','03 - Rear end',downtown,0
Weekday,Night,highway,'01 - Clear','01 - Daylight','01 - Dry','10 - No control',0.839995,'P.D. only','P.D. only','04 - Sideswipe',downtown,0
Weekday,Mid_Night,Road,'01 - Clear','07 - Dark','01 - Dry','01 - Traffic signal',0.586204,'P.D. only','P.D. only','03 - Rear end',downtown,0
Weekday,Night,Road,'01 - Clear','05 - Dusk','01 - Dry','01 - Traffic signal',0.999951,'P.D. only','P.D. only','03 - Rear end',Ottawa_west,0
Weekday,Noon,highway,'02 - Rain','01 - Daylight','02 - Wet','10 - No control',0.6129,'P.D. only','P.D. only','03 - Rear end',downtown,0
Weekends,Evening,Road,'02 - Rain','01 - Daylight','02 - Wet','01 - Traffic signal',0.599991,'P.D. only','P.D. only','03 - Rear end',mid_town,0
Weekday,Afternoon,Road,'03 - Snow','01 - Daylight','05 - Packed snow','01 - Traffic signal',0.999951,'P.D. only','P.D. only','03 - Rear end',Ottawa_west,0
Weekends,Mid_Night,Road,'03 - Snow','07 - Dark','03 - Loose snow','10 - No control',0.999979,'P.D. only','P.D. only','05 - Turning movement',downtown,0
Weekday,Night,Road,'01 - Clear','07 - Dark','02 - Wet','01 - Traffic signal',0.499998,'P.D. only','P.D. only','05 - Turning movement',mid_town,0
Weekends,Early_Morning,Road,'02 - Rain','07 - Dark','06 - Ice','01 - Traffic signal',0.999951,'P.D. only','P.D. only','07 - SMV other',mid_town,0
Weekday,Noon,Road,'01 - Clear','01 - Daylight','01 - Dry','10 - No control',0.499997,'P.D. only','P.D. only','04 - Sideswipe',downtown,0
Weekday,Noon,Road,'01 - Clear','07 - Dark','02 - Wet','01 - Traffic signal',0.826082,'P.D. only','P.D. only','04 - Sideswipe',Ottawa_south,0
Weekday,Afternoon,Road,'01 - Clear','01 - Daylight','01 - Dry','02 - Stop sign',0.347825,'P.D. only','P.D. only','02 - Angle',Ottawa_east,0
Weekday,Mid_Night,Road,'01 - Clear','07 - Dark','01 - Dry','01 - Traffic signal',0.606059,'P.D. only','P.D. only','02 - Angle',Ottawa_south,0
Weekday,Night,Road,'02 - Rain','05 - Dusk','02 - Wet','10 - No control',0.764699,'P.D. only','P.D. only','04 - Sideswipe',downtown,0
Weekday,Evening,highway,'01 - Clear','01 - Daylight','01 - Dry','10 - No control',0.999988,'P.D. only','P.D. only','03 - Rear end',mid_town,0
Weekday,Mid_Night,Road,'01 - Clear','07 - Dark','01 - Dry','10 - No control',0.674416,'P.D. only','P.D. only','07 - SMV other',Ottawa_west,0
Weekday,Night,Road,'01 - Clear','05 - Dusk','01 - Dry','01 - Traffic signal',0.555547,'P.D. only','P.D. only','03 - Rear end',mid_town,0
Weekends,Evening,Road,'01 - Clear','01 - Daylight','01 - Dry','01 - Traffic signal',0.333317,'P.D. only','P.D. only','05 - Turning movement',Ottawa_east,0
Weekday,Mid_Night,highway,'01 - Clear','07 - Dark','01 - Dry','10 - No control',0.999951,'P.D. only','P.D. only','07 - SMV other',mid_town,0
Weekday,Evening,Road,'01 - Clear','01 - Daylight','06 - Ice','10 - No control',0.636359,'P.D. only','P.D. only','03 - Rear end',Ottawa_east,0
Weekday,Afternoon,Road,'03 - Snow','01 - Daylight','03 - Loose snow','01 - Traffic signal',0.764699,'P.D. only','P.D. only','03 - Rear end',Ottawa_east,0
Weekday,Mid_Night,Road,'01 - Clear','07 - Dark','01 - Dry','01 - Traffic signal',0.727271,'P.D. only','P.D. only','07 - SMV other',Ottawa_south,0
Weekday,Evening,highway,'01 - Clear','01 - Daylight','05 - Packed snow','01 - Traffic signal',0.629628,'P.D. only','P.D. only','03 - Rear end',Ottawa_west,0
Weekday,Night,Road,'01 - Clear','01 - Daylight','01 - Dry','01 - Traffic signal',0.593749,'P.D. only','P.D. only','05 - Turning movement',downtown,0
Weekday,Evening,Road,'01 - Clear','01 - Daylight','03 - Loose snow','10 - No control',0.839079,'P.D. only','P.D. only','04 - Sideswipe',downtown,0
Weekday,Noon,Road,'01 - Clear','01 - Daylight','01 - Dry','10 - No control',0.999971,'P.D. only','P.D. only','07 - SMV other',mid_town,0
Weekday,Noon,highway,'01 - Clear','01 - Daylight','00 - Unknown','10 - No control',0.272724,'P.D. only','P.D. only','07 - SMV other',downtown,0
Weekday,Afternoon,Road,'03 - Snow','01 - Daylight','02 - Wet','10 - No control',0.999987,'P.D. only','P.D. only','06 - SMV unattended vehicle',downtown,0
Weekday,Night,Road,'01 - Clear','01 - Daylight','01 - Dry','01 - Traffic signal',0.441859,'P.D. only','P.D. only','05 - Turning movement',mid_town,0
Weekday,Afternoon,Road,'01 - Clear','01 - Daylight','01 - Dry','01 - Traffic signal',0.714271,'P.D. only','P.D. only','03 - Rear end',Ottawa_west,0
Weekday,Night,Road,'01 - Clear','01 - Daylight','01 - Dry','10 - No control',0.763156,'P.D. only','P.D. only','04 - Sideswipe',downtown,0
Weekday,Evening,Road,'01 - Clear','01 - Daylight','03 - Loose snow','01 - Traffic signal',0.622377,'P.D. only','P.D. only','03 - Rear end',mid_town,0
Weekday,Night,highway,'01 - Clear','01 - Daylight','01 - Dry','10 - No control',0.65432,'P.D. only','P.D. only','03 - Rear end',downtown,0
Weekday,Afternoon,highway,'01 - Clear','01 - Daylight','01 - Dry','10 - No control',0.461536,'P.D. only','P.D. only','03 - Rear end',downtown,0
Weekends,Night,Road,'01 - Clear','01 - Daylight','01 - Dry','10 - No control',0.499982,'P.D. only','P.D. only','07 - SMV other',Ottawa_west,0
Weekday,Noon,Road,'01 - Clear','01 - Daylight','01 - Dry','10 - No control',0.666663,'P.D. only','P.D. only','03 - Rear end',downtown,0
Weekday,Night,Road,'01 - Clear','01 - Daylight','01 - Dry','10 - No control',0.655169,'P.D. only','P.D. only','03 - Rear end',Ottawa_east,0
Weekday,Noon,Road,'01 - Clear','03 - Dawn','01 - Dry','10 - No control',0.499982,'P.D. only','P.D. only','03 - Rear end',mid_town,0
Weekday,Night,Road,'01 - Clear','07 - Dark','02 - Wet','10 - No control',0.833328,'P.D. only','P.D. only','07 - SMV other',Ottawa_south,0
Weekday,Evening,Road,'01 - Clear','01 - Daylight','05 - Packed snow','10 - No control',0.999996,'P.D. only','P.D. only','06 - SMV unattended vehicle',mid_town,0
Weekday,Mid_Night,Road,'01 - Clear','01 - Daylight','01 - Dry','10 - No control',0.499982,'P.D. only','P.D. only','03 - Rear end',downtown,0
Weekday,Mid_Night,highway,'01 - Clear','07 - Dark','01 - Dry','10 - No control',0.499995,'P.D. only','P.D. only','07 - SMV other',Ottawa_west,0
Weekday,Afternoon,Road,'01 - Clear','01 - Daylight','01 - Dry','10 - No control',0.499991,'P.D. only','P.D. only','07 - SMV other',mid_town,0
Weekday,Night,Road,'01 - Clear','01 - Daylight','02 - Wet','01 - Traffic signal',0.89473,'P.D. only','P.D. only','04 - Sideswipe',Ottawa_west,0
Weekday,Night,Road,'01 - Clear','07 - Dark','01 - Dry','10 - No control',0.333325,'P.D. only','P.D. only','03 - Rear end',Ottawa_east,0
Weekday,Night,Road,'01 - Clear','01 - Daylight','01 - Dry','01 - Traffic signal',0.999982,'P.D. only','P.D. only','02 - Angle',Ottawa_west,0
Weekday,Mid_Night,Road,'01 - Clear','01 - Daylight','01 - Dry','01 - Traffic signal',0.555547,'P.D. only','P.D. only','03 - Rear end',mid_town,0
Weekends,Night,Road,'03 - Snow','07 - Dark','03 - Loose snow','10 - No control',0.947365,'P.D. only','P.D. only','06 - SMV unattended vehicle',Ottawa_west,0
Weekday,Night,Road,'03 - Snow','05 - Dusk','03 - Loose snow','10 - No control',0.999982,'P.D. only','P.D. only','03 - Rear end',Ottawa_south,0
Weekday,Night,Road,'01 - Clear','01 - Daylight','01 - Dry','10 - No control',0.763156,'P.D. only','P.D. only','04 - Sideswipe',downtown,0
Weekday,Afternoon,Road,'01 - Clear','01 - Daylight','01 - Dry','01 - Traffic signal',0.518517,'P.D. only','P.D. only','03 - Rear end',downtown,0
Weekday,Evening,highway,'02 - Rain','01 - Daylight','02 - Wet','01 - Traffic signal',0.285711,'P.D. only','P.D. only','03 - Rear end',Ottawa_west,0
Weekends,Early_Morning,Road,'01 - Clear','07 - Dark','01 - Dry','10 - No control',0.555547,'P.D. only','P.D. only','07 - SMV other',Ottawa_south,0
Weekday,Afternoon,Road,'01 - Clear','01 - Daylight','01 - Dry','01 - Traffic signal',0.518517,'P.D. only','P.D. only','03 - Rear end',downtown,0
Weekday,Night,Road,'01 - Clear','07 - Dark','01 - Dry','01 - Traffic signal',0.636355,'P.D. only','P.D. only','03 - Rear end',mid_town,0
Weekday,Noon,Road,'01 - Clear','01 - Daylight','01 - Dry','10 - No control',0.999984,'P.D. only','P.D. only','06 - SMV unattended vehicle',mid_town,0
Weekday,Evening,Road,'01 - Clear','01 - Daylight','02 - Wet','01 - Traffic signal',0.999976,'P.D. only','P.D. only','05 - Turning movement',downtown,0
Weekends,Evening,Road,'03 - Snow','01 - Daylight','03 - Loose snow','10 - No control',0.846149,'P.D. only','P.D. only','03 - Rear end',mid_town,0
Weekday,Night,highway,'01 - Clear','01 - Daylight','01 - Dry','10 - No control',0.714271,'P.D. only','P.D. only','07 - SMV other',Ottawa_west,0
Weekday,Evening,Road,'01 - Clear','01 - Daylight','04 - Slush','01 - Traffic signal',0.363635,'P.D. only','P.D. only','02 - Angle',mid_town,0
Weekends,Night,highway,'01 - Clear','01 - Daylight','01 - Dry','10 - No control',0.69565,'P.D. only','P.D. only','04 - Sideswipe',mid_town,0
Weekday,Night,Road,'03 - Snow','07 - Dark','03 - Loose snow','01 - Traffic signal',0.749986,'P.D. only','P.D. only','05 - Turning movement',Ottawa_south,0
Weekday,Evening,Road,'04 - Freezing Rain','01 - Daylight','04 - Slush','10 - No control',0.999963,'P.D. only','P.D. only','07 - SMV other',mid_town,0
Weekday,Mid_Night,Road,'03 - Snow','07 - Dark','03 - Loose snow','10 - No control',0.999951,'P.D. only','P.D. only','06 - SMV unattended vehicle',mid_town,0
Weekday,Evening,Road,'01 - Clear','01 - Daylight','01 - Dry','10 - No control',0.846144,'P.D. only','P.D. only','05 - Turning movement',mid_town,0
Weekday,Night,Road,'01 - Clear','01 - Daylight','01 - Dry','10 - No control',0.368418,'P.D. only','P.D. only','07 - SMV other',Ottawa_south,0
Weekday,Night,Road,'01 - Clear','01 - Daylight','01 - Dry','01 - Traffic signal',0.796874,'P.D. only','P.D. only','04 - Sideswipe',Ottawa_south,0
Weekends,Evening,highway,'03 - Snow','01 - Daylight','05 - Packed snow','10 - No control',0.999951,'P.D. only','P.D. only','07 - SMV other',Ottawa_west,0
Weekday,Night,highway,'01 - Clear','01 - Daylight','01 - Dry','10 - No control',0.785712,'P.D. only','P.D. only','01 - Approaching',mid_town,0
Weekday,Noon,highway,'04 - Freezing Rain','01 - Daylight','06 - Ice','10 - No control',0.272724,'P.D. only','P.D. only','07 - SMV other',Ottawa_west,0
Weekday,Mid_Night,highway,'03 - Snow','07 - Dark','03 - Loose snow','10 - No control',0.999951,'P.D. only','P.D. only','07 - SMV other',downtown,0
Weekday,Mid_Night,Road,'01 - Clear','05 - Dusk','01 - Dry','10 - No control',0.714284,'P.D. only','P.D. only','03 - Rear end',downtown,0
Weekday,Night,highway,'01 - Clear','01 - Daylight','01 - Dry','01 - Traffic signal',0.999951,'P.D. only','P.D. only','03 - Rear end',Ottawa_west,0
Weekends,Mid_Night,Road,'01 - Clear','00 - Unknown','01 - Dry','10 - No control',0.999951,'P.D. only','P.D. only','06 - SMV unattended vehicle',mid_town,0
Weekends,Night,highway,'01 - Clear','01 - Daylight','01 - Dry','01 - Traffic signal',0.621619,'P.D. only','P.D. only','03 - Rear end',mid_town,0
Weekday,Evening,highway,'01 - Clear','01 - Daylight','06 - Ice','10 - No control',0.857134,'P.D. only','P.D. only','04 - Sideswipe',mid_town,0
Weekends,Night,Road,'01 - Clear','01 - Daylight','01 - Dry','10 - No control',0.666659,'P.D. only','P.D. only','04 - Sideswipe',downtown,0
Weekends,Night,Road,'01 - Clear','01 - Daylight','01 - Dry','01 - Traffic signal',0.999979,'P.D. only','P.D. only','03 - Rear end',Ottawa_south,0
Weekday,Mid_Night,Road,'01 - Clear','07 - Dark','01 - Dry','10 - No control',0.674416,'P.D. only','P.D. only','07 - SMV other',Ottawa_west,0
Weekends,Evening,Road,'03 - Snow','01 - Daylight','02 - Wet','01 - Traffic signal',0.655169,'P.D. only','P.D. only','03 - Rear end',mid_town,0
Weekday,Evening,Road,'03 - Snow','01 - Daylight','03 - Loose snow','10 - No control',0.739126,'P.D. only','P.D. only','06 - SMV unattended vehicle',mid_town,0
Weekday,Mid_Night,highway,'01 - Clear','07 - Dark','01 - Dry','10 - No control',0.999982,'P.D. only','P.D. only','07 - SMV other',Ottawa_south,0
Weekends,Night,Road,'01 - Clear','01 - Daylight','01 - Dry','10 - No control',0.999971,'P.D. only','P.D. only','02 - Angle',mid_town,0
Weekday,Morning,highway,'01 - Clear','03 - Dawn','01 - Dry','10 - No control',0.833323,'P.D. only','P.D. only','07 - SMV other',downtown,0
Weekday,Mid_Night,Road,'01 - Clear','07 - Dark','01 - Dry','10 - No control',0.674416,'P.D. only','P.D. only','07 - SMV other',Ottawa_west,0
Weekday,Mid_Night,highway,'03 - Snow','07 - Dark','04 - Slush','10 - No control',0.999976,'P.D. only','P.D. only','99 - Other',downtown,0
Weekends,Evening,Road,'01 - Clear','01 - Daylight','01 - Dry','01 - Traffic signal',0.619043,'P.D. only','P.D. only','05 - Turning movement',downtown,0
Weekday,Night,Road,'03 - Snow','01 - Daylight','05 - Packed snow','10 - No control',0.999951,'P.D. only','P.D. only','02 - Angle',Ottawa_east,0
Weekends,Night,Road,'01 - Clear','01 - Daylight','01 - Dry','10 - No control',0.499982,'P.D. only','P.D. only','07 - SMV other',Ottawa_west,0
Weekday,Evening,Road,'01 - Clear','01 - Daylight','01 - Dry','10 - No control',0.666665,'P.D. only','P.D. only','03 - Rear end',downtown,0
Weekday,Evening,Road,'01 - Clear','01 - Daylight','01 - Dry','10 - No control',0.999982,'P.D. only','P.D. only','02 - Angle',Ottawa_west,0
Weekday,Night,Road,'03 - Snow','07 - Dark','03 - Loose snow','10 - No control',0.749998,'P.D. only','P.D. only','01 - Approaching',Ottawa_south,0
Weekday,Night,Road,'01 - Clear','01 - Daylight','02 - Wet','10 - No control',0.499982,'P.D. only','P.D. only','04 - Sideswipe',mid_town,0
Weekday,Evening,Road,'01 - Clear','01 - Daylight','01 - Dry','01 - Traffic signal',0.603603,'P.D. only','P.D. only','03 - Rear end',mid_town,0
Weekday,Night,Road,'01 - Clear','01 - Daylight','01 - Dry','10 - No control',0.333331,'P.D. only','P.D. only','05 - Turning movement',downtown,0
Weekends,Mid_Night,Road,'01 - Clear','00 - Unknown','02 - Wet','10 - No control',0.999988,'P.D. only','P.D. only','06 - SMV unattended vehicle',downtown,0
Weekday,Afternoon,Road,'01 - Clear','01 - Daylight','01 - Dry','10 - No control',0.777765,'P.D. only','P.D. only','03 - Rear end',Ottawa_east,0
Weekday,Afternoon,Road,'03 - Snow','01 - Daylight','03 - Loose snow','10 - No control',0.999991,'P.D. only','P.D. only','99 - Other',downtown,0
Weekday,Night,Road,'01 - Clear','01 - Daylight','01 - Dry','01 - Traffic signal',0.593749,'P.D. only','P.D. only','05 - Turning movement',downtown,0
Weekday,Mid_Night,highway,'02 - Rain','07 - Dark','04 - Slush','10 - No control',0.999976,'P.D. only','P.D. only','07 - SMV other',downtown,0
Weekday,Mid_Night,Road,'01 - Clear','07 - Dark','03 - Loose snow','01 - Traffic signal',0.809518,'P.D. only','P.D. only','04 - Sideswipe',downtown,0
Weekday,Night,Road,'02 - Rain','01 - Daylight','02 - Wet','01 - Traffic signal',0.724134,'P.D. only','P.D. only','03 - Rear end',mid_town,0
Weekday,Afternoon,Road,'01 - Clear','01 - Daylight','01 - Dry','02 - Stop sign',0.333329,'P.D. only','P.D. only','02 - Angle',downtown,0
Weekday,Mid_Night,Road,'01 - Clear','07 - Dark','05 - Packed snow','10 - No control',0.999963,'P.D. only','P.D. only','06 - SMV unattended vehicle',downtown,0
Weekday,Evening,Road,'01 - Clear','01 - Daylight','02 - Wet','01 - Traffic signal',0.851847,'P.D. only','P.D. only','05 - Turning movement',Ottawa_east,0
Weekday,Night,Road,'02 - Rain','01 - Daylight','02 - Wet','01 - Traffic signal',0.999971,'P.D. only','P.D. only','04 - Sideswipe',mid_town,0
Weekday,Mid_Night,highway,'03 - Snow','07 - Dark','03 - Loose snow','10 - No control',0.999963,'P.D. only','P.D. only','07 - SMV other',Ottawa_west,0
Weekends,Evening,Road,'02 - Rain','01 - Daylight','02 - Wet','02 - Stop sign',0.6129,'P.D. only','P.D. only','03 - Rear end',mid_town,0
Weekday,Noon,Road,'01 - Clear','01 - Daylight','01 - Dry','01 - Traffic signal',0.795916,'P.D. only','P.D. only','03 - Rear end',downtown,0
Weekends,Afternoon,Road,'01 - Clear','01 - Daylight','01 - Dry','01 - Traffic signal',0.499982,'P.D. only','P.D. only','02 - Angle',downtown,0
Weekends,Evening,Road,'01 - Clear','01 - Daylight','01 - Dry','10 - No control',0.733326,'P.D. only','P.D. only','04 - Sideswipe',downtown,0
Weekday,Noon,Road,'01 - Clear','01 - Daylight','01 - Dry','10 - No control',0.773195,'P.D. only','P.D. only','04 - Sideswipe',Ottawa_south,0
Weekends,Evening,Road,'01 - Clear','01 - Daylight','03 - Loose snow','10 - No control',0.749986,'P.D. only','P.D. only','01 - Approaching',downtown,0
Weekday,Evening,Road,'01 - Clear','01 - Daylight','01 - Dry','10 - No control',0.794116,'P.D. only','P.D. only','04 - Sideswipe',downtown,0
Weekends,Mid_Night,Road,'02 - Rain','00 - Unknown','02 - Wet','10 - No control',0.499982,'P.D. only','P.D. only','07 - SMV other',downtown,0
Weekday,Noon,Road,'01 - Clear','01 - Daylight','01 - Dry','01 - Traffic signal',0.795916,'P.D. only','P.D. only','03 - Rear end',downtown,0
Weekends,Evening,Road,'03 - Snow','01 - Daylight','04 - Slush','01 - Traffic signal',0,Injury,'P.D. only','05 - Turning movement',mid_town,0
Weekday,Noon,Road,'01 - Clear','07 - Dark','01 - Dry','01 - Traffic signal',0.422221,'P.D. only','P.D. only','05 - Turning movement',mid_town,0
Weekends,Afternoon,Road,'01 - Clear','01 - Daylight','01 - Dry','02 - Stop sign',0.599982,'P.D. only','P.D. only','02 - Angle',downtown,0
Weekday,Evening,Road,'01 - Clear','01 - Daylight','02 - Wet','10 - No control',0.999979,'P.D. only','P.D. only','03 - Rear end',mid_town,0
Weekends,Night,Road,'02 - Rain','05 - Dusk','02 - Wet','10 - No control',0.999971,'P.D. only','P.D. only','06 - SMV unattended vehicle',downtown,0
Weekday,Night,Road,'01 - Clear','01 - Daylight','01 - Dry','01 - Traffic signal',0.586206,'P.D. only','P.D. only','03 - Rear end',mid_town,0
Weekday,Evening,Road,'01 - Clear','01 - Daylight','01 - Dry','10 - No control',0.960782,'P.D. only','P.D. only','06 - SMV unattended vehicle',downtown,0
Weekday,Evening,Road,'03 - Snow','01 - Daylight','04 - Slush','02 - Stop sign',0.999976,'P.D. only','P.D. only','02 - Angle',downtown,0
Weekends,Afternoon,highway,'03 - Snow','01 - Daylight','05 - Packed snow','10 - No control',0.714271,'P.D. only','P.D. only','07 - SMV other',mid_town,0
Weekends,Night,Road,'01 - Clear','01 - Daylight','01 - Dry','01 - Traffic signal',-0.333317,Injury,'P.D. only','02 - Angle',Ottawa_east,0
Weekends,Morning,Road,'01 - Clear','07 - Dark','01 - Dry','10 - No control',0.666663,'P.D. only','P.D. only','07 - SMV other',mid_town,0
Weekday,Night,Road,'01 - Clear','07 - Dark','02 - Wet','10 - No control',0.590907,'P.D. only','P.D. only','03 - Rear end',downtown,0
Weekday,Night,Road,'01 - Clear','07 - Dark','05 - Packed snow','02 - Stop sign',0.999963,'P.D. only','P.D. only','03 - Rear end',mid_town,0
Weekday,Noon,Road,'03 - Snow','01 - Daylight','03 - Loose snow','10 - No control',0.809518,'P.D. only','P.D. only','04 - Sideswipe',downtown,0
Weekday,Evening,Road,'01 - Clear','01 - Daylight','05 - Packed snow','01 - Traffic signal',0.555553,'P.D. only','P.D. only','03 - Rear end',Ottawa_east,0
Weekday,Night,Road,'02 - Rain','01 - Daylight','02 - Wet','01 - Traffic signal',0.444443,'P.D. only','P.D. only','02 - Angle',Ottawa_west,0
Weekends,Afternoon,Road,'01 - Clear','01 - Daylight','01 - Dry','01 - Traffic signal',0.77215,'P.D. only','P.D. only','04 - Sideswipe',downtown,0
Weekends,Afternoon,highway,'01 - Clear','01 - Daylight','02 - Wet','10 - No control',0.999971,'P.D. only','P.D. only','07 - SMV other',Ottawa_west,0
Weekday,Evening,Road,'03 - Snow','01 - Daylight','05 - Packed snow','10 - No control',0.999985,'P.D. only','P.D. only','07 - SMV other',Ottawa_south,0
Weekday,Mid_Night,Road,'01 - Clear','07 - Dark','02 - Wet','10 - No control',0.599982,'P.D. only','P.D. only','07 - SMV other',Ottawa_east,0
Weekday,Noon,Road,'01 - Clear','01 - Daylight','01 - Dry','01 - Traffic signal',0.799994,'P.D. only','P.D. only','02 - Angle',downtown,0
Weekday,Noon,Road,'01 - Clear','01 - Daylight','01 - Dry','10 - No control',0,Injury,'P.D. only','03 - Rear end',Ottawa_west,0
Weekday,Evening,Road,'02 - Rain','01 - Daylight','02 - Wet','02 - Stop sign',0.719998,'P.D. only','P.D. only','03 - Rear end',downtown,0
Weekday,Mid_Night,Road,'01 - Clear','07 - Dark','01 - Dry','01 - Traffic signal',0.882345,'P.D. only','P.D. only','04 - Sideswipe',downtown,0
Weekday,Afternoon,Road,'01 - Clear','01 - Daylight','03 - Loose snow','01 - Traffic signal',0.65432,'P.D. only','P.D. only','03 - Rear end',downtown,0
Weekday,Evening,Road,'01 - Clear','01 - Daylight','01 - Dry','10 - No control',0.739126,'P.D. only','P.D. only','05 - Turning movement',downtown,0
Weekday,Afternoon,Road,'01 - Clear','01 - Daylight','01 - Dry','01 - Traffic signal',0.518517,'P.D. only','P.D. only','03 - Rear end',downtown,0
Weekday,Morning,highway,'01 - Clear','07 - Dark','01 - Dry','10 - No control',0.599982,'P.D. only','P.D. only','07 - SMV other',Ottawa_west,0
Weekday,Evening,Road,'01 - Clear','01 - Daylight','01 - Dry','01 - Traffic signal',0.285713,'P.D. only','P.D. only','02 - Angle',mid_town,0
Weekday,Evening,Road,'03 - Snow','01 - Daylight','03 - Loose snow','10 - No control',0.749998,'P.D. only','P.D. only','03 - Rear end',mid_town,0
Weekday,Night,Road,'01 - Clear','01 - Daylight','01 - Dry','10 - No control',0.764699,'P.D. only','P.D. only','07 - SMV other',Ottawa_west,0
Weekday,Night,Road,'01 - Clear','01 - Daylight','01 - Dry','10 - No control',0.525772,'P.D. only','P.D. only','03 - Rear end',mid_town,0
Weekday,Night,Road,'01 - Clear','01 - Daylight','01 - Dry','10 - No control',0.525772,'P.D. only','P.D. only','03 - Rear end',mid_town,0
Weekday,Mid_Night,Road,'01 - Clear','07 - Dark','01 - Dry','01 - Traffic signal',0.473681,'P.D. only','P.D. only','02 - Angle',downtown,0