DATE,TIME,Road_type,ENVIRONMENT,LIGHT,SURFACE_CONDITION,TRAFFIC_CONTROL,'prediction margin','predicted COLLISION_CLASSIFICATION',COLLISION_CLASSIFICATION,IMPACT_TYPE,Location,NO_OF_PEDESTRIANS
Weekday,Noon,highway,'01 - Clear','03 - Dawn','01 - Dry','02 - Stop sign',0.499994,'P.D. only','P.D. only','02 - Angle',Ottawa_west,0
Weekday,Noon,Road,'02 - Rain','01 - Daylight','02 - Wet','01 - Traffic signal',0.333325,'P.D. only','P.D. only','03 - Rear end',downtown,0
Weekday,Evening,highway,'01 - Clear','01 - Daylight','06 - Ice','10 - No control',0.99999,'P.D. only','P.D. only','03 - Rear end',mid_town,0
Weekends,Night,Road,'01 - Clear','07 - Dark','01 - Dry','10 - No control',0.999951,'P.D. only','P.D. only','99 - Other',Ottawa_west,0
Weekday,Noon,Road,'01 - Clear','01 - Daylight','01 - Dry','01 - Traffic signal',0.795916,'P.D. only','P.D. only','03 - Rear end',downtown,0
Weekday,Night,highway,'03 - Snow','05 - Dusk','03 - Loose snow','10 - No control',0.999951,'P.D. only','P.D. only','04 - Sideswipe',Ottawa_west,0
Weekday,Afternoon,highway,'01 - Clear','01 - Daylight','01 - Dry','10 - No control',0.866658,'P.D. only','P.D. only','04 - Sideswipe',downtown,0
Weekends,Afternoon,Road,'01 - Clear','01 - Daylight','02 - Wet','01 - Traffic signal',0.333317,'P.D. only','P.D. only','03 - Rear end',downtown,0
Weekday,Afternoon,Road,'01 - Clear','01 - Daylight','01 - Dry','01 - Traffic signal',0.714271,'P.D. only','P.D. only','03 - Rear end',Ottawa_west,0
Weekday,Night,Road,'01 - Clear','07 - Dark','01 - Dry','01 - Traffic signal',0.999951,'P.D. only','P.D. only','02 - Angle',mid_town,0
Weekday,Mid_Night,Road,'01 - Clear','07 - Dark','02 - Wet','03 - Yield sign',0.66665,'P.D. only','P.D. only','07 - SMV other',Ottawa_east,0
Weekday,Mid_Night,highway,'03 - Snow','07 - Dark','03 - Loose snow','10 - No control',0.999951,'P.D. only','P.D. only','07 - SMV other',downtown,0
Weekends,Mid_Night,highway,'01 - Clear','07 - Dark','02 - Wet','10 - No control',0.833323,'P.D. only','P.D. only','07 - SMV other',Ottawa_south,0
Weekends,Night,Road,'01 - Clear','07 - Dark','01 - Dry','10 - No control',0.599982,'P.D. only','P.D. only','05 - Turning movement',Ottawa_south,0
Weekday,Early_Morning,Road,'02 - Rain','07 - Dark','02 - Wet','01 - Traffic signal',0.999976,'P.D. only','P.D. only','04 - Sideswipe',downtown,0
Weekday,Mid_Night,Road,'02 - Rain','01 - Daylight','02 - Wet','01 - Traffic signal',0.599982,'P.D. only','P.D. only','03 - Rear end',mid_town,0
Weekday,Mid_Night,Road,'01 - Clear','07 - Dark','04 - Slush','01 - Traffic signal',0.548385,'P.D. only','P.D. only','02 - Angle',downtown,0
Weekends,Evening,Road,'01 - Clear','01 - Daylight','01 - Dry','01 - Traffic signal',0.470586,'P.D. only','P.D. only','03 - Rear end',mid_town,0
Weekday,Evening,Road,'01 - Clear','01 - Daylight','04 - Slush','10 - No control',0.999951,'P.D. only','P.D. only','06 - SMV unattended vehicle',downtown,0
Weekday,Night,Road,'01 - Clear','01 - Daylight','01 - Dry','01 - Traffic signal',0.669064,'P.D. only','P.D. only','03 - Rear end',downtown,0
Weekday,Night,Road,'01 - Clear','01 - Daylight','01 - Dry','02 - Stop sign',0.999963,'P.D. only','P.D. only','99 - Other',downtown,0
Weekday,Night,Road,'01 - Clear','07 - Dark','01 - Dry','10 - No control',0.878784,'P.D. only','P.D. only','99 - Other',Ottawa_west,0
Weekday,Night,Road,'02 - Rain','01 - Daylight','02 - Wet','01 - Traffic signal',0.599994,'P.D. only','P.D. only','03 - Rear end',downtown,0
Weekday,Noon,Road,'01 - Clear','03 - Dawn','01 - Dry','01 - Traffic signal',0.999963,'P.D. only','P.D. only','03 - Rear end',Ottawa_south,0
Weekday,Evening,Road,'01 - Clear','01 - Daylight','01 - Dry','10 - No control',0.599991,'P.D. only','P.D. only','99 - Other',downtown,0
Weekday,Noon,Road,'01 - Clear','01 - Daylight','01 - Dry','01 - Traffic signal',0.874992,'P.D. only','P.D. only','04 - Sideswipe',downtown,0
Weekday,Night,Road,'01 - Clear','01 - Daylight','01 - Dry','01 - Traffic signal',0.586206,'P.D. only','P.D. only','03 - Rear end',mid_town,0
Weekday,Evening,Road,'01 - Clear','01 - Daylight','02 - Wet','01 - Traffic signal',0.999976,'P.D. only','P.D. only','05 - Turning movement',downtown,0
Weekends,Evening,Road,'01 - Clear','01 - Daylight','01 - Dry','01 - Traffic signal',0.608247,'P.D. only','P.D. only','06 - SMV unattended vehicle',downtown,0
Weekday,Noon,Road,'01 - Clear','01 - Daylight','01 - Dry','10 - No control',0.846144,'P.D. only','P.D. only','04 - Sideswipe',mid_town,0
Weekday,Night,Road,'02 - Rain','01 - Daylight','02 - Wet','01 - Traffic signal',0.999963,'P.D. only','P.D. only','04 - Sideswipe',downtown,0
Weekday,Evening,Road,'01 - Clear','01 - Daylight','01 - Dry','10 - No control',0.999993,'P.D. only','P.D. only','06 - SMV unattended vehicle',mid_town,0
Weekday,Night,Road,'01 - Clear','01 - Daylight','01 - Dry','01 - Traffic signal',0.575755,'P.D. only','P.D. only','02 - Angle',downtown,0
Weekday,Evening,Road,'01 - Clear','01 - Daylight','01 - Dry','02 - Stop sign',0.333317,'P.D. only','P.D. only','07 - SMV other',Ottawa_west,0
Weekday,Mid_Night,Road,'01 - Clear','07 - Dark','02 - Wet','01 - Traffic signal',0.853655,'P.D. only','P.D. only','04 - Sideswipe',downtown,0
Weekends,Morning,Road,'01 - Clear','07 - Dark','01 - Dry','01 - Traffic signal',0.999963,'P.D. only','P.D. only','07 - SMV other',Ottawa_west,0
Weekends,Evening,highway,'03 - Snow','01 - Daylight','03 - Loose snow','10 - No control',0.777765,'P.D. only','P.D. only','07 - SMV other',Ottawa_south,0
Weekday,Night,Road,'01 - Clear','05 - Dusk','02 - Wet','01 - Traffic signal',0.466662,'P.D. only','P.D. only','02 - Angle',mid_town,0
Weekday,Noon,Road,'01 - Clear','03 - Dawn','01 - Dry','10 - No control',0.483869,'P.D. only','P.D. only','02 - Angle',downtown,0
Weekends,Night,Road,'02 - Rain','01 - Daylight','02 - Wet','01 - Traffic signal',0.666659,'P.D. only','P.D. only','03 - Rear end',mid_town,0
Weekday,Night,Road,'01 - Clear','01 - Daylight','01 - Dry','01 - Traffic signal',0.669064,'P.D. only','P.D. only','03 - Rear end',downtown,0
Weekends,Evening,Road,'01 - Clear','01 - Daylight','01 - Dry','01 - Traffic signal',0.333331,'P.D. only','P.D. only','03 - Rear end',downtown,0
Weekends,Night,Road,'02 - Rain','01 - Daylight','02 - Wet','02 - Stop sign',0.826082,'P.D. only','P.D. only','03 - Rear end',downtown,0
Weekday,Afternoon,Road,'01 - Clear','01 - Daylight','02 - Wet','02 - Stop sign',0.333317,'P.D. only','P.D. only','02 - Angle',mid_town,0
Weekends,Night,Road,'01 - Clear','07 - Dark','02 - Wet','01 - Traffic signal',0.999988,'P.D. only','P.D. only','04 - Sideswipe',downtown,0
Weekday,Afternoon,Road,'01 - Clear','01 - Daylight','01 - Dry','02 - Stop sign',0.584905,'P.D. only','P.D. only','03 - Rear end',downtown,0
Weekday,Evening,Road,'01 - Clear','01 - Daylight','01 - Dry','10 - No control',0.749995,'P.D. only','P.D. only','04 - Sideswipe',mid_town,0
Weekday,Evening,Road,'01 - Clear','01 - Daylight','01 - Dry','01 - Traffic signal',0.302325,'P.D. only','P.D. only','02 - Angle',downtown,0
Weekday,Night,highway,'01 - Clear','01 - Daylight','01 - Dry','10 - No control',0.65432,'P.D. only','P.D. only','03 - Rear end',downtown,0
Weekday,Noon,highway,'01 - Clear','03 - Dawn','01 - Dry','10 - No control',0.999951,'P.D. only','P.D. only','03 - Rear end',Ottawa_west,0
Weekday,Noon,Road,'01 - Clear','01 - Daylight','01 - Dry','10 - No control',0.909085,'P.D. only','P.D. only','07 - SMV other',Ottawa_west,0
Weekday,Night,Road,'01 - Clear','05 - Dusk','01 - Dry','01 - Traffic signal',0.333325,'P.D. only','P.D. only','05 - Turning movement',mid_town,0
Weekends,Mid_Night,highway,'01 - Clear','01 - Daylight','01 - Dry','10 - No control',0.7037,'P.D. only','P.D. only','07 - SMV other',Ottawa_west,0
Weekday,Night,Road,'01 - Clear','01 - Daylight','01 - Dry','10 - No control',0.813951,'P.D. only','P.D. only','02 - Angle',downtown,0
Weekday,Noon,Road,'01 - Clear','01 - Daylight','01 - Dry','01 - Traffic signal',0.795916,'P.D. only','P.D. only','03 - Rear end',downtown,0
Weekday,Mid_Night,highway,'01 - Clear','07 - Dark','01 - Dry','10 - No control',0.599991,'P.D. only','P.D. only','04 - Sideswipe',downtown,0
Weekday,Night,Road,'01 - Clear','05 - Dusk','05 - Packed snow','02 - Stop sign',0.535713,'P.D. only','P.D. only','05 - Turning movement',downtown,0
Weekday,Afternoon,Road,'01 - Clear','01 - Daylight','01 - Dry','10 - No control',0.279998,'P.D. only','P.D. only','03 - Rear end',downtown,0
Weekday,Night,Road,'01 - Clear','01 - Daylight','01 - Dry','10 - No control',0.57647,'P.D. only','P.D. only','03 - Rear end',downtown,0
Weekday,Evening,highway,'01 - Clear','01 - Daylight','01 - Dry','10 - No control',0.909085,'P.D. only','P.D. only','04 - Sideswipe',downtown,0
Weekday,Noon,Road,'04 - Freezing Rain','01 - Daylight','06 - Ice','10 - No control',0.517239,'P.D. only','P.D. only','01 - Approaching',downtown,0
Weekday,Evening,Road,'01 - Clear','01 - Daylight','02 - Wet','10 - No control',0.705881,'P.D. only','P.D. only','05 - Turning movement',downtown,0
Weekends,Mid_Night,Road,'01 - Clear','07 - Dark','01 - Dry','01 - Traffic signal',0.454539,'P.D. only','P.D. only','05 - Turning movement',downtown,0
Weekday,Evening,Road,'01 - Clear','01 - Daylight','01 - Dry','01 - Traffic signal',0.302325,'P.D. only','P.D. only','02 - Angle',downtown,0
Weekday,Evening,highway,'01 - Clear','01 - Daylight','01 - Dry','10 - No control',0.469386,'P.D. only','P.D. only','03 - Rear end',downtown,0
Weekday,Night,Road,'01 - Clear','05 - Dusk','06 - Ice','01 - Traffic signal',0.999976,'P.D. only','P.D. only','03 - Rear end',Ottawa_south,0
Weekday,Afternoon,Road,'01 - Clear','01 - Daylight','01 - Dry','10 - No control',0,Injury,'P.D. only','07 - SMV other',Ottawa_south,0
Weekday,Mid_Night,Road,'01 - Clear','07 - Dark','01 - Dry','10 - No control',0.499991,'P.D. only','P.D. only','03 - Rear end',Ottawa_west,0
Weekday,Night,Road,'01 - Clear','01 - Daylight','01 - Dry','01 - Traffic signal',0.575755,'P.D. only','P.D. only','02 - Angle',downtown,0
Weekday,Afternoon,Road,'01 - Clear','01 - Daylight','01 - Dry','10 - No control',0.545451,'P.D. only','P.D. only','04 - Sideswipe',downtown,0
Weekday,Noon,highway,'01 - Clear','01 - Daylight','01 - Dry','10 - No control',0.846151,'P.D. only','P.D. only','03 - Rear end',downtown,0
Weekday,Mid_Night,Road,'03 - Snow','07 - Dark','04 - Slush','01 - Traffic signal',0.999951,'P.D. only','P.D. only','07 - SMV other',mid_town,0
Weekday,Night,Road,'01 - Clear','01 - Daylight','01 - Dry','10 - No control',0.874992,'P.D. only','P.D. only','06 - SMV unattended vehicle',mid_town,0
Weekday,Night,Road,'01 - Clear','01 - Daylight','01 - Dry','02 - Stop sign',0.788617,'P.D. only','P.D. only','04 - Sideswipe',mid_town,0
Weekday,Morning,Road,'02 - Rain','01 - Daylight','02 - Wet','10 - No control',0.846144,'P.D. only','P.D. only','07 - SMV other',Ottawa_west,0
Weekday,Night,Road,'01 - Clear','01 - Daylight','01 - Dry','10 - No control',0.363634,'P.D. only','P.D. only','05 - Turning movement',mid_town,0
Weekday,Night,Road,'03 - Snow','01 - Daylight','05 - Packed snow','01 - Traffic signal',0.999976,'P.D. only','P.D. only','02 - Angle',mid_town,0
Weekends,Night,Road,'01 - Clear','01 - Daylight','01 - Dry','10 - No control',0.333325,'P.D. only','P.D. only','03 - Rear end',Ottawa_east,0
Weekends,Night,Road,'01 - Clear','01 - Daylight','01 - Dry','02 - Stop sign',0.333317,'P.D. only','P.D. only','03 - Rear end',mid_town,0
Weekday,Night,Road,'01 - Clear','01 - Daylight','01 - Dry','10 - No control',0.999976,'P.D. only','P.D. only','04 - Sideswipe',Ottawa_west,0
Weekday,Noon,Road,'01 - Clear','03 - Dawn','06 - Ice','10 - No control',0.999971,'P.D. only','P.D. only','03 - Rear end',mid_town,0
Weekday,Night,Road,'01 - Clear','05 - Dusk','02 - Wet','01 - Traffic signal',0.999951,'P.D. only','P.D. only','03 - Rear end',mid_town,0
Weekday,Evening,Road,'01 - Clear','01 - Daylight','01 - Dry','10 - No control',0.846144,'P.D. only','P.D. only','05 - Turning movement',mid_town,0
Weekday,Noon,Road,'01 - Clear','01 - Daylight','01 - Dry','10 - No control',0.499997,'P.D. only','P.D. only','04 - Sideswipe',downtown,0
Weekday,Evening,Road,'01 - Clear','01 - Daylight','01 - Dry','01 - Traffic signal',0.627118,'P.D. only','P.D. only','03 - Rear end',downtown,0
Weekday,Night,Road,'01 - Clear','01 - Daylight','01 - Dry','01 - Traffic signal',0.538459,'P.D. only','P.D. only','03 - Rear end',Ottawa_east,0
Weekday,Mid_Night,Road,'01 - Clear','07 - Dark','01 - Dry','02 - Stop sign',-0.66665,'P.D. only',Injury,'02 - Angle',downtown,0
Weekday,Night,Road,'01 - Clear','01 - Daylight','01 - Dry','10 - No control',-0.714271,'P.D. only',Injury,'02 - Angle',Ottawa_south,0
Weekday,Night,Road,'01 - Clear','07 - Dark','02 - Wet','01 - Traffic signal',-0.599982,'P.D. only',Injury,'03 - Rear end',downtown,0
Weekday,Evening,Road,'01 - Clear','01 - Daylight','01 - Dry','01 - Traffic signal',0.884613,Injury,Injury,'07 - SMV other',mid_town,1
Weekday,Night,highway,'01 - Clear','01 - Daylight','01 - Dry','01 - Traffic signal',-0.999951,'P.D. only',Injury,'03 - Rear end',Ottawa_west,0
Weekday,Noon,Road,'01 - Clear','01 - Daylight','01 - Dry','01 - Traffic signal',-0.272724,'P.D. only',Injury,'02 - Angle',Ottawa_east,0
Weekends,Evening,Road,'01 - Clear','01 - Daylight','02 - Wet','01 - Traffic signal',-0.658534,'P.D. only',Injury,'05 - Turning movement',downtown,0
Weekday,Noon,Road,'01 - Clear','01 - Daylight','01 - Dry','10 - No control',-0.459458,'P.D. only',Injury,'03 - Rear end',mid_town,0
Weekday,Evening,Road,'01 - Clear','01 - Daylight','01 - Dry','01 - Traffic signal',-0.302325,'P.D. only',Injury,'02 - Angle',downtown,0
Weekday,Night,Road,'01 - Clear','07 - Dark','01 - Dry','02 - Stop sign',0.999985,Injury,Injury,'07 - SMV other',downtown,1
Weekday,Evening,Road,'01 - Clear','01 - Daylight','01 - Dry','10 - No control',-0.666665,'P.D. only',Injury,'03 - Rear end',downtown,0
Weekday,Night,Road,'03 - Snow','07 - Dark','03 - Loose snow','01 - Traffic signal',-0.749986,'P.D. only',Injury,'05 - Turning movement',Ottawa_south,0
Weekends,Night,Road,'01 - Clear','01 - Daylight','01 - Dry','10 - No control',-0.666659,'P.D. only',Injury,'04 - Sideswipe',downtown,0
Weekday,Noon,Road,'01 - Clear','01 - Daylight','01 - Dry','01 - Traffic signal',0.499982,Injury,Injury,'05 - Turning movement',Ottawa_west,0
Weekday,Mid_Night,Road,'01 - Clear','07 - Dark','01 - Dry','10 - No control',-0.999951,'P.D. only',Injury,'02 - Angle',mid_town,0
Weekday,Night,highway,'01 - Clear','05 - Dusk','02 - Wet','01 - Traffic signal',-0.999963,'P.D. only',Injury,'03 - Rear end',Ottawa_west,0
Weekday,Noon,Road,'01 - Clear','01 - Daylight','01 - Dry','10 - No control',-0.909085,'P.D. only',Injury,'07 - SMV other',Ottawa_west,0
Weekday,Noon,Road,'01 - Clear','01 - Daylight','01 - Dry','01 - Traffic signal',0.999979,Injury,Injury,'07 - SMV other',downtown,1
Weekday,Mid_Night,Road,'01 - Clear','07 - Dark','01 - Dry','02 - Stop sign',-0.558139,'P.D. only',Injury,'03 - Rear end',downtown,0
Weekday,Noon,Road,'01 - Clear','01 - Daylight','01 - Dry','01 - Traffic signal',0.333325,Injury,Injury,'02 - Angle',mid_town,0
Weekday,Afternoon,Road,'01 - Clear','01 - Daylight','01 - Dry','01 - Traffic signal',-0.478258,'P.D. only',Injury,'05 - Turning movement',downtown,0
Weekday,Mid_Night,highway,'01 - Clear','07 - Dark','01 - Dry','10 - No control',-0.999951,'P.D. only',Injury,'07 - SMV other',mid_town,0
Weekday,Afternoon,Road,'01 - Clear','01 - Daylight','02 - Wet','01 - Traffic signal',-0.66665,'P.D. only',Injury,'03 - Rear end',mid_town,0
Weekday,Night,Road,'01 - Clear','01 - Daylight','01 - Dry','10 - No control',-0.874992,'P.D. only',Injury,'03 - Rear end',Ottawa_south,0
Weekends,Noon,Road,'01 - Clear','01 - Daylight','01 - Dry','10 - No control',-0.999951,'P.D. only',Injury,'07 - SMV other',Ottawa_south,0
Weekday,Night,Road,'01 - Clear','07 - Dark','01 - Dry','01 - Traffic signal',-0.555547,'P.D. only',Injury,'05 - Turning movement',downtown,0
Weekends,Evening,Road,'01 - Clear','01 - Daylight','01 - Dry','01 - Traffic signal',-0.333331,'P.D. only',Injury,'03 - Rear end',downtown,0
Weekday,Night,Road,'05 - Drifting Snow','05 - Dusk','05 - Packed snow','10 - No control',-0.799988,'P.D. only',Injury,'07 - SMV other',Ottawa_south,0
Weekends,Night,Road,'01 - Clear','01 - Daylight','01 - Dry','01 - Traffic signal',0.111109,Injury,Injury,'05 - Turning movement',mid_town,0
Weekday,Evening,Road,'01 - Clear','01 - Daylight','01 - Dry','01 - Traffic signal',0.999995,Injury,Injury,'07 - SMV other',Ottawa_south,1
Weekday,Evening,Road,'01 - Clear','01 - Daylight','01 - Dry','01 - Traffic signal',-0.599999,'P.D. only',Injury,'07 - SMV other',Ottawa_west,0
Weekday,Evening,Road,'02 - Rain','01 - Daylight','02 - Wet','10 - No control',-0.999982,'P.D. only',Injury,'03 - Rear end',downtown,0
Weekday,Afternoon,Road,'01 - Clear','01 - Daylight','01 - Dry','10 - No control',-0.999951,'P.D. only',Injury,'03 - Rear end',Ottawa_south,0
Weekday,Night,Road,'01 - Clear','01 - Daylight','01 - Dry','01 - Traffic signal',-0.33333,'P.D. only',Injury,'05 - Turning movement',Ottawa_west,0
Weekday,Afternoon,Road,'03 - Snow','01 - Daylight','02 - Wet','01 - Traffic signal',-0.33333,'P.D. only',Injury,'02 - Angle',downtown,0
Weekday,Evening,Road,'01 - Clear','01 - Daylight','01 - Dry','01 - Traffic signal',-0.285713,'P.D. only',Injury,'02 - Angle',mid_town,0
Weekday,Early_Morning,Road,'01 - Clear','07 - Dark','01 - Dry','01 - Traffic signal',-0.322033,'P.D. only',Injury,'05 - Turning movement',downtown,0
Weekday,Night,Road,'01 - Clear','01 - Daylight','01 - Dry','01 - Traffic signal',-0.593749,'P.D. only',Injury,'05 - Turning movement',downtown,0
Weekday,Evening,Road,'01 - Clear','01 - Daylight','01 - Dry','10 - No control',-0.767439,'P.D. only',Injury,'03 - Rear end',mid_town,0
Weekday,Evening,Road,'01 - Clear','01 - Daylight','01 - Dry','01 - Traffic signal',0.884613,Injury,Injury,'07 - SMV other',mid_town,1
Weekday,Noon,Road,'01 - Clear','07 - Dark','02 - Wet','10 - No control',0.333331,Injury,Injury,'07 - SMV other',mid_town,1
Weekday,Noon,Road,'01 - Clear','03 - Dawn','06 - Ice','10 - No control',-0.799988,'P.D. only',Injury,'07 - SMV other',mid_town,0
Weekday,Afternoon,Road,'01 - Clear','01 - Daylight','01 - Dry','02 - Stop sign',0.789468,Injury,Injury,'07 - SMV other',downtown,1
Weekday,Night,Road,'01 - Clear','01 - Daylight','01 - Dry','10 - No control',-0.763156,'P.D. only',Injury,'04 - Sideswipe',downtown,0
Weekday,Mid_Night,Road,'02 - Rain','07 - Dark','02 - Wet','01 - Traffic signal',-0.999971,'P.D. only',Injury,'02 - Angle',downtown,0
Weekday,Mid_Night,Road,'03 - Snow','07 - Dark','03 - Loose snow','10 - No control',-0.999951,'P.D. only',Injury,'03 - Rear end',downtown,0
Weekday,Noon,Road,'01 - Clear','01 - Daylight','01 - Dry','01 - Traffic signal',-0.653844,'P.D. only',Injury,'03 - Rear end',mid_town,0
Weekday,Noon,highway,'01 - Clear','07 - Dark','06 - Ice','10 - No control',-0.499994,'P.D. only',Injury,'07 - SMV other',Ottawa_west,0
Weekday,Noon,Road,'01 - Clear','01 - Daylight','01 - Dry','01 - Traffic signal',-0.33333,'P.D. only',Injury,'05 - Turning movement',mid_town,0
Weekends,Evening,Road,'03 - Snow','01 - Daylight','04 - Slush','01 - Traffic signal',-0.749986,'P.D. only',Injury,'03 - Rear end',Ottawa_south,0
Weekday,Night,Road,'01 - Clear','01 - Daylight','01 - Dry','01 - Traffic signal',-0.06422,'P.D. only',Injury,'07 - SMV other',Ottawa_east,2
Weekday,Evening,Road,'01 - Clear','01 - Daylight','01 - Dry','01 - Traffic signal',0.999994,Injury,Injury,'07 - SMV other',downtown,1
Weekday,Night,Road,'01 - Clear','01 - Daylight','01 - Dry','01 - Traffic signal',-0.999976,'P.D. only',Injury,'05 - Turning movement',Ottawa_south,0
Weekday,Night,Road,'01 - Clear','01 - Daylight','02 - Wet','01 - Traffic signal',-0.599991,'P.D. only',Injury,'03 - Rear end',downtown,0
Weekday,Night,Road,'01 - Clear','01 - Daylight','01 - Dry','10 - No control',-0.333331,'P.D. only',Injury,'05 - Turning movement',downtown,0
Weekday,Evening,Road,'01 - Clear','01 - Daylight','01 - Dry','01 - Traffic signal',-0.603603,'P.D. only',Injury,'03 - Rear end',mid_town,0
Weekday,Evening,Road,'02 - Rain','01 - Daylight','02 - Wet','10 - No control',-0.812496,'P.D. only',Injury,'05 - Turning movement',downtown,0
Weekends,Night,highway,'03 - Snow','07 - Dark','03 - Loose snow','02 - Stop sign',-0.999971,'P.D. only',Injury,'02 - Angle',downtown,0
Weekday,Evening,Road,'01 - Clear','01 - Daylight','01 - Dry','01 - Traffic signal',-0.627118,'P.D. only',Injury,'03 - Rear end',downtown,0
Weekday,Evening,Road,'01 - Clear','01 - Daylight','01 - Dry','10 - No control',-0.565214,'P.D. only',Injury,'02 - Angle',mid_town,0
Weekday,Night,highway,'01 - Clear','07 - Dark','01 - Dry','10 - No control',-0.704916,'P.D. only',Injury,'07 - SMV other',Ottawa_west,0
Weekday,Evening,Road,'01 - Clear','01 - Daylight','01 - Dry','01 - Traffic signal',-0.603603,'P.D. only',Injury,'03 - Rear end',mid_town,0
Weekday,Mid_Night,highway,'03 - Snow','07 - Dark','05 - Packed snow','10 - No control',-0.999951,'P.D. only',Injury,'03 - Rear end',Ottawa_west,0
Weekday,Noon,Road,'01 - Clear','01 - Daylight','01 - Dry','01 - Traffic signal',0.999979,Injury,Injury,'07 - SMV other',downtown,1
Weekday,Night,Road,'01 - Clear','01 - Daylight','01 - Dry','02 - Stop sign',-0.199998,'P.D. only',Injury,'02 - Angle',Ottawa_south,0
Weekday,Night,Road,'01 - Clear','01 - Daylight','01 - Dry','01 - Traffic signal',-0.636355,'P.D. only',Injury,'05 - Turning movement',Ottawa_east,0
Weekday,Mid_Night,Road,'01 - Clear','07 - Dark','01 - Dry','10 - No control',-0.833323,'P.D. only',Injury,'07 - SMV other',downtown,0
Weekday,Afternoon,highway,'01 - Clear','01 - Daylight','01 - Dry','10 - No control',-0.333317,'P.D. only',Injury,'07 - SMV other',Ottawa_south,0
Weekends,Mid_Night,Road,'01 - Clear','07 - Dark','02 - Wet','01 - Traffic signal',-0.499991,'P.D. only',Injury,'05 - Turning movement',Ottawa_west,0
Weekday,Early_Morning,Road,'01 - Clear','07 - Dark','01 - Dry','01 - Traffic signal',-0.846149,'P.D. only',Injury,'07 - SMV other',mid_town,0
Weekday,Night,Road,'03 - Snow','07 - Dark','02 - Wet','01 - Traffic signal',-0.66665,'P.D. only',Injury,'02 - Angle',downtown,0
Weekday,Night,Road,'01 - Clear','01 - Daylight','01 - Dry','01 - Traffic signal',-0.485712,'P.D. only',Injury,'03 - Rear end',Ottawa_west,0
Weekday,Night,Road,'01 - Clear','01 - Daylight','01 - Dry','01 - Traffic signal',-0.575755,'P.D. only',Injury,'02 - Angle',downtown,0
Weekday,Evening,Road,'01 - Clear','01 - Daylight','01 - Dry','10 - No control',-0.794116,'P.D. only',Injury,'04 - Sideswipe',downtown,0
Weekday,Mid_Night,Road,'01 - Clear','05 - Dusk','01 - Dry','01 - Traffic signal',-0.679996,'P.D. only',Injury,'05 - Turning movement',Ottawa_east,0
Weekday,Night,Road,'01 - Clear','01 - Daylight','01 - Dry','10 - No control',-0.764699,'P.D. only',Injury,'07 - SMV other',Ottawa_west,0
Weekday,Night,Road,'01 - Clear','01 - Daylight','01 - Dry','01 - Traffic signal',-0.593749,'P.D. only',Injury,'05 - Turning movement',downtown,0
Weekday,Night,Road,'01 - Clear','01 - Daylight','02 - Wet','10 - No control',-0.523808,'P.D. only',Injury,'05 - Turning movement',mid_town,0
Weekday,Afternoon,Road,'01 - Clear','01 - Daylight','01 - Dry','01 - Traffic signal',-0.478258,'P.D. only',Injury,'05 - Turning movement',downtown,0
Weekday,Night,Road,'01 - Clear','01 - Daylight','01 - Dry','10 - No control',-0.874992,'P.D. only',Injury,'03 - Rear end',Ottawa_south,0
Weekday,Night,Road,'02 - Rain','01 - Daylight','02 - Wet','02 - Stop sign',-0.555547,'P.D. only',Injury,'02 - Angle',downtown,0
Weekday,Noon,Road,'01 - Clear','01 - Daylight','06 - Ice','10 - No control',-0.89473,'P.D. only',Injury,'07 - SMV other',Ottawa_east,0
Weekday,Mid_Night,Road,'01 - Clear','07 - Dark','01 - Dry','01 - Traffic signal',0.65217,Injury,Injury,'07 - SMV other',downtown,1
Weekday,Mid_Night,Road,'01 - Clear','01 - Daylight','01 - Dry','01 - Traffic signal',-0.544303,'P.D. only',Injury,'03 - Rear end',Ottawa_south,0
Weekday,Noon,Road,'01 - Clear','01 - Daylight','01 - Dry','01 - Traffic signal',-0.99999,'P.D. only',Injury,'03 - Rear end',Ottawa_east,0
Weekday,Evening,Road,'01 - Clear','01 - Daylight','01 - Dry','10 - No control',-0.666665,'P.D. only',Injury,'03 - Rear end',downtown,0
Weekends,Mid_Night,Road,'01 - Clear','07 - Dark','01 - Dry','10 - No control',-0.666663,'P.D. only',Injury,'01 - Approaching',mid_town,0
Weekday,Evening,Road,'01 - Clear','01 - Daylight','01 - Dry','01 - Traffic signal',-0.636361,'P.D. only',Injury,'03 - Rear end',Ottawa_west,0
Weekday,Noon,Road,'01 - Clear','01 - Daylight','01 - Dry','02 - Stop sign',-0.333329,'P.D. only',Injury,'02 - Angle',mid_town,0
Weekday,Evening,Road,'01 - Clear','01 - Daylight','01 - Dry','02 - Stop sign',-0.428562,'P.D. only',Injury,'02 - Angle',Ottawa_south,0
Weekday,Evening,Road,'01 - Clear','01 - Daylight','01 - Dry','10 - No control',-0.666665,'P.D. only',Injury,'03 - Rear end',downtown,0
Weekday,Afternoon,Road,'01 - Clear','01 - Daylight','06 - Ice','10 - No control',0,Injury,Injury,'01 - Approaching',mid_town,0
Weekends,Evening,Road,'01 - Clear','01 - Daylight','01 - Dry','01 - Traffic signal',-0.499982,'P.D. only',Injury,'02 - Angle',Ottawa_east,0
Weekday,Afternoon,Road,'02 - Rain','01 - Daylight','02 - Wet','02 - Stop sign',0.111109,Injury,Injury,'02 - Angle',Ottawa_south,0
Weekday,Night,Road,'01 - Clear','05 - Dusk','02 - Wet','10 - No control',-0.767439,'P.D. only',Injury,'03 - Rear end',mid_town,0