DATE,TIME,Road_type,ENVIRONMENT,LIGHT,SURFACE_CONDITION,TRAFFIC_CONTROL,'prediction margin','predicted COLLISION_CLASSIFICATION',COLLISION_CLASSIFICATION,IMPACT_TYPE,Location,NO_OF_PEDESTRIANS
Weekends,Night,Road,'01 - Clear','01 - Daylight','01 - Dry','01 - Traffic signal',-0.799988,'P.D. only',Injury,'04 - Sideswipe',downtown,0
Weekday,Afternoon,highway,'03 - Snow','01 - Daylight','06 - Ice','10 - No control',-0.333325,'P.D. only',Injury,'04 - Sideswipe',mid_town,0
Weekday,Night,Road,'01 - Clear','05 - Dusk','02 - Wet','10 - No control',-0.538455,'P.D. only',Injury,'07 - SMV other',mid_town,0
Weekday,Afternoon,Road,'03 - Snow','01 - Daylight','03 - Loose snow','01 - Traffic signal',-0.66665,'P.D. only',Injury,'03 - Rear end',downtown,0
Weekday,Mid_Night,Road,'01 - Clear','07 - Dark','01 - Dry','10 - No control',-0.674416,'P.D. only',Injury,'07 - SMV other',Ottawa_west,0
Weekday,Afternoon,Road,'01 - Clear','01 - Daylight','01 - Dry','10 - No control',-0.428562,'P.D. only',Injury,'07 - SMV other',downtown,0
Weekday,Night,Road,'01 - Clear','01 - Daylight','01 - Dry','10 - No control',-0.57647,'P.D. only',Injury,'03 - Rear end',downtown,0
Weekday,Noon,Road,'02 - Rain','07 - Dark','02 - Wet','01 - Traffic signal',0.749986,Injury,Injury,'07 - SMV other',downtown,1
Weekday,Afternoon,highway,'01 - Clear','01 - Daylight','01 - Dry','10 - No control',-0.461536,'P.D. only',Injury,'03 - Rear end',downtown,0
Weekday,Night,Road,'01 - Clear','01 - Daylight','01 - Dry','10 - No control',-0.525772,'P.D. only',Injury,'03 - Rear end',mid_town,0
Weekday,Night,Road,'01 - Clear','01 - Daylight','01 - Dry','10 - No control',-0.368418,'P.D. only',Injury,'07 - SMV other',Ottawa_south,0
Weekday,Evening,Road,'01 - Clear','01 - Daylight','01 - Dry','10 - No control',-0.675673,'P.D. only',Injury,'02 - Angle',downtown,0
Weekends,Mid_Night,Road,'01 - Clear','07 - Dark','01 - Dry','01 - Traffic signal',-0.777765,'P.D. only',Injury,'03 - Rear end',mid_town,0
Weekday,Afternoon,Road,'03 - Snow','01 - Daylight','03 - Loose snow','10 - No control',-0.866662,'P.D. only',Injury,'03 - Rear end',mid_town,0
Weekday,Mid_Night,Road,'01 - Clear','07 - Dark','01 - Dry','01 - Traffic signal',-0.473681,'P.D. only',Injury,'02 - Angle',downtown,0
Weekday,Night,Road,'01 - Clear','01 - Daylight','01 - Dry','10 - No control',-0.57647,'P.D. only',Injury,'03 - Rear end',downtown,0
Weekday,Night,Road,'01 - Clear','01 - Daylight','01 - Dry','01 - Traffic signal',-0.669064,'P.D. only',Injury,'03 - Rear end',downtown,0
Weekday,Night,Road,'01 - Clear','07 - Dark','01 - Dry','01 - Traffic signal',-0.555547,'P.D. only',Injury,'05 - Turning movement',downtown,0
Weekday,Afternoon,Road,'03 - Snow','01 - Daylight','04 - Slush','10 - No control',-0.999987,'P.D. only',Injury,'07 - SMV other',Ottawa_east,0
Weekday,Night,highway,'03 - Snow','05 - Dusk','02 - Wet','10 - No control',-0.999951,'P.D. only',Injury,'04 - Sideswipe',downtown,0
Weekday,Evening,Road,'01 - Clear','01 - Daylight','02 - Wet','10 - No control',-0.999995,'P.D. only',Injury,'01 - Approaching',mid_town,0
Weekday,Noon,Road,'01 - Clear','01 - Daylight','01 - Dry','10 - No control',-0.428567,'P.D. only',Injury,'03 - Rear end',Ottawa_east,0
Weekday,Night,Road,'01 - Clear','07 - Dark','01 - Dry','01 - Traffic signal',-0.499982,'P.D. only',Injury,'02 - Angle',downtown,0
Weekday,Mid_Night,Road,'01 - Clear','01 - Daylight','01 - Dry','01 - Traffic signal',0.893616,Injury,Injury,'07 - SMV other',Ottawa_east,1
Weekday,Night,Road,'01 - Clear','01 - Daylight','02 - Wet','01 - Traffic signal',-0.666666,'P.D. only',Injury,'05 - Turning movement',downtown,0
Weekday,Noon,Road,'01 - Clear','03 - Dawn','03 - Loose snow','02 - Stop sign',-0.571423,'P.D. only',Injury,'02 - Angle',Ottawa_east,0
Weekday,Mid_Night,Road,'01 - Clear','07 - Dark','05 - Packed snow','10 - No control',-0.733332,'P.D. only',Injury,'07 - SMV other',Ottawa_west,0
Weekends,Evening,Road,'02 - Rain','01 - Daylight','02 - Wet','01 - Traffic signal',-0.333328,'P.D. only',Injury,'05 - Turning movement',Ottawa_east,0
Weekends,Evening,Road,'01 - Clear','01 - Daylight','02 - Wet','02 - Stop sign',-0.499994,'P.D. only',Injury,'04 - Sideswipe',downtown,0
Weekday,Mid_Night,Road,'02 - Rain','07 - Dark','02 - Wet','10 - No control',-0.999976,'P.D. only',Injury,'99 - Other',Ottawa_west,0
Weekday,Night,Road,'01 - Clear','01 - Daylight','01 - Dry','02 - Stop sign',-0.348836,'P.D. only',Injury,'02 - Angle',downtown,0
Weekends,Afternoon,Road,'01 - Clear','01 - Daylight','01 - Dry','01 - Traffic signal',-0.523806,'P.D. only',Injury,'02 - Angle',Ottawa_south,0
Weekday,Evening,Road,'01 - Clear','01 - Daylight','02 - Wet','02 - Stop sign',0.799988,Injury,Injury,'07 - SMV other',downtown,1
Weekday,Evening,Road,'01 - Clear','01 - Daylight','01 - Dry','10 - No control',-0.777765,'P.D. only',Injury,'07 - SMV other',Ottawa_south,0
Weekday,Evening,Road,'01 - Clear','01 - Daylight','01 - Dry','01 - Traffic signal',-0.599982,'P.D. only',Injury,'05 - Turning movement',Ottawa_east,0
Weekday,Mid_Night,highway,'01 - Clear','07 - Dark','01 - Dry','03 - Yield sign',-0.624994,'P.D. only',Injury,'03 - Rear end',mid_town,0
Weekday,Noon,Road,'01 - Clear','03 - Dawn','03 - Loose snow','02 - Stop sign',-0.333317,'P.D. only',Injury,'01 - Approaching',Ottawa_east,0
Weekday,Noon,Road,'01 - Clear','01 - Daylight','01 - Dry','02 - Stop sign',0.999976,Injury,Injury,'07 - SMV other',Ottawa_east,1
Weekday,Evening,highway,'01 - Clear','01 - Daylight','01 - Dry','01 - Traffic signal',0,Injury,Injury,'02 - Angle',Ottawa_west,0
Weekday,Mid_Night,Road,'01 - Clear','07 - Dark','01 - Dry','01 - Traffic signal',-0.999984,'P.D. only',Injury,'03 - Rear end',Ottawa_east,0
Weekday,Evening,Road,'01 - Clear','01 - Daylight','01 - Dry','10 - No control',-0.384611,'P.D. only',Injury,'07 - SMV other',mid_town,0
Weekday,Mid_Night,Road,'01 - Clear','01 - Daylight','01 - Dry','02 - Stop sign',-0.333317,'P.D. only',Injury,'02 - Angle',downtown,0
Weekday,Night,Road,'03 - Snow','05 - Dusk','06 - Ice','10 - No control',-0.846151,'P.D. only',Injury,'03 - Rear end',Ottawa_east,0
Weekday,Evening,Road,'01 - Clear','01 - Daylight','01 - Dry','10 - No control',-0.794116,'P.D. only',Injury,'04 - Sideswipe',downtown,0
Weekends,Mid_Night,Road,'01 - Clear','07 - Dark','01 - Dry','10 - No control',-0.999951,'P.D. only',Injury,'07 - SMV other',downtown,0
Weekday,Evening,Road,'01 - Clear','01 - Daylight','01 - Dry','03 - Yield sign',-0.636362,'P.D. only',Injury,'02 - Angle',Ottawa_east,0
Weekday,Evening,Road,'01 - Clear','01 - Daylight','01 - Dry','01 - Traffic signal',-0.603603,'P.D. only',Injury,'03 - Rear end',mid_town,0
Weekday,Night,highway,'01 - Clear','01 - Daylight','01 - Dry','10 - No control',-0.866658,'P.D. only',Injury,'04 - Sideswipe',mid_town,0
Weekday,Night,Road,'01 - Clear','01 - Daylight','01 - Dry','01 - Traffic signal',-0.593749,'P.D. only',Injury,'05 - Turning movement',downtown,0
Weekday,Mid_Night,Road,'01 - Clear','07 - Dark','02 - Wet','10 - No control',-0.909085,'P.D. only',Injury,'05 - Turning movement',downtown,0
Weekday,Night,highway,'03 - Snow','01 - Daylight','02 - Wet','10 - No control',-0.764699,'P.D. only',Injury,'03 - Rear end',downtown,0
Weekday,Evening,Road,'03 - Snow','01 - Daylight','03 - Loose snow','01 - Traffic signal',-0.767439,'P.D. only',Injury,'02 - Angle',downtown,0
Weekday,Mid_Night,Road,'01 - Clear','05 - Dusk','01 - Dry','10 - No control',-0.729727,'P.D. only',Injury,'03 - Rear end',mid_town,0
Weekday,Night,Road,'01 - Clear','01 - Daylight','01 - Dry','01 - Traffic signal',0.999963,Injury,Injury,'07 - SMV other',mid_town,1
Weekday,Noon,highway,'01 - Clear','01 - Daylight','01 - Dry','10 - No control',-0.499997,'P.D. only',Injury,'03 - Rear end',mid_town,0
Weekday,Afternoon,Road,'01 - Clear','01 - Daylight','01 - Dry','01 - Traffic signal',0.999971,Injury,Injury,'07 - SMV other',downtown,1
Weekday,Mid_Night,Road,'01 - Clear','07 - Dark','01 - Dry','01 - Traffic signal',-0.749986,'P.D. only',Injury,'05 - Turning movement',Ottawa_west,0
Weekday,Mid_Night,Road,'01 - Clear','07 - Dark','01 - Dry','10 - No control',-0.684209,'P.D. only',Injury,'01 - Approaching',mid_town,0
Weekday,Night,Road,'01 - Clear','01 - Daylight','01 - Dry','02 - Stop sign',-0.6923,'P.D. only',Injury,'03 - Rear end',mid_town,0
Weekday,Afternoon,Road,'01 - Clear','01 - Daylight','01 - Dry','10 - No control',-0.545451,'P.D. only',Injury,'04 - Sideswipe',downtown,0
Weekday,Night,Road,'01 - Clear','01 - Daylight','01 - Dry','01 - Traffic signal',0.999992,Injury,Injury,'07 - SMV other',downtown,1
Weekends,Mid_Night,highway,'03 - Snow','07 - Dark','06 - Ice','10 - No control',-0.499982,'P.D. only',Injury,'07 - SMV other',mid_town,0
Weekday,Noon,Road,'01 - Clear','01 - Daylight','01 - Dry','10 - No control',-0.499997,'P.D. only',Injury,'04 - Sideswipe',downtown,0
Weekends,Evening,Road,'01 - Clear','01 - Daylight','01 - Dry','01 - Traffic signal',0.999963,Injury,Injury,'07 - SMV other',downtown,1
Weekends,Night,Road,'01 - Clear','01 - Daylight','01 - Dry','10 - No control',-0.574999,'P.D. only',Injury,'07 - SMV other',mid_town,0
Weekday,Mid_Night,Road,'01 - Clear','00 - Unknown','01 - Dry','10 - No control',-0.809518,'P.D. only',Injury,'03 - Rear end',mid_town,0
Weekends,Evening,Road,'01 - Clear','01 - Daylight','01 - Dry','10 - No control',-0.571427,'P.D. only',Injury,'07 - SMV other',Ottawa_south,0
Weekday,Night,Road,'01 - Clear','01 - Daylight','01 - Dry','01 - Traffic signal',-0.586206,'P.D. only',Injury,'03 - Rear end',mid_town,0
Weekends,Noon,Road,'01 - Clear','01 - Daylight','01 - Dry','10 - No control',-0.590907,'P.D. only',Injury,'02 - Angle',downtown,0
Weekday,Night,highway,'01 - Clear','01 - Daylight','01 - Dry','10 - No control',-0.65432,'P.D. only',Injury,'03 - Rear end',downtown,0
Weekends,Afternoon,Road,'03 - Snow','01 - Daylight','03 - Loose snow','01 - Traffic signal',-0.666663,'P.D. only',Injury,'05 - Turning movement',Ottawa_west,0
Weekday,Afternoon,Road,'01 - Clear','01 - Daylight','01 - Dry','03 - Yield sign',-0.58333,'P.D. only',Injury,'02 - Angle',Ottawa_east,0
Weekday,Night,Road,'01 - Clear','07 - Dark','01 - Dry','01 - Traffic signal',-0.446807,'P.D. only',Injury,'05 - Turning movement',Ottawa_south,0
Weekday,Evening,Road,'01 - Clear','01 - Daylight','02 - Wet','01 - Traffic signal',-0.777765,'P.D. only',Injury,'02 - Angle',downtown,0
Weekday,Night,highway,'01 - Clear','01 - Daylight','01 - Dry','10 - No control',-0.65432,'P.D. only',Injury,'03 - Rear end',downtown,0
Weekday,Mid_Night,Road,'03 - Snow','07 - Dark','03 - Loose snow','01 - Traffic signal',-0.599996,'P.D. only',Injury,'03 - Rear end',mid_town,0
Weekends,Night,Road,'01 - Clear','05 - Dusk','01 - Dry','01 - Traffic signal',-0.111109,'P.D. only',Injury,'05 - Turning movement',Ottawa_east,0
Weekday,Mid_Night,Road,'01 - Clear','07 - Dark','01 - Dry','10 - No control',0.333317,Injury,Injury,'03 - Rear end',Ottawa_south,0
Weekday,Night,Road,'01 - Clear','07 - Dark','01 - Dry','10 - No control',-0.749993,'P.D. only',Injury,'03 - Rear end',mid_town,0
Weekday,Night,Road,'01 - Clear','05 - Dusk','01 - Dry','01 - Traffic signal',-0.142854,'P.D. only',Injury,'05 - Turning movement',downtown,0
Weekday,Evening,Road,'01 - Clear','01 - Daylight','01 - Dry','01 - Traffic signal',0.999994,Injury,Injury,'07 - SMV other',downtown,1
Weekends,Mid_Night,highway,'01 - Clear','07 - Dark','01 - Dry','10 - No control',-0.333317,'P.D. only',Injury,'07 - SMV other',Ottawa_east,0
Weekday,Noon,highway,'01 - Clear','07 - Dark','06 - Ice','10 - No control',-0.666659,'P.D. only',Injury,'07 - SMV other',downtown,0
Weekday,Evening,Road,'01 - Clear','01 - Daylight','01 - Dry','01 - Traffic signal',-0.603603,'P.D. only',Injury,'03 - Rear end',mid_town,0
Weekday,Afternoon,Road,'01 - Clear','01 - Daylight','01 - Dry','10 - No control',-0.777765,'P.D. only',Injury,'03 - Rear end',Ottawa_east,0
Weekday,Evening,Road,'01 - Clear','01 - Daylight','01 - Dry','01 - Traffic signal',-0.870964,'P.D. only',Injury,'04 - Sideswipe',mid_town,0
Weekday,Noon,Road,'01 - Clear','01 - Daylight','01 - Dry','10 - No control',-0.374998,'P.D. only',Injury,'07 - SMV other',Ottawa_west,1
Weekends,Mid_Night,Road,'02 - Rain','05 - Dusk','02 - Wet','01 - Traffic signal',-0.333317,'P.D. only',Injury,'03 - Rear end',mid_town,0
Weekends,Afternoon,Road,'03 - Snow','01 - Daylight','03 - Loose snow','10 - No control',-0.599982,'P.D. only',Injury,'01 - Approaching',mid_town,0
Weekday,Evening,Road,'01 - Clear','01 - Daylight','01 - Dry','10 - No control',-0.666665,'P.D. only',Injury,'03 - Rear end',downtown,0
Weekday,Early_Morning,Road,'01 - Clear','07 - Dark','01 - Dry','10 - No control',-0.428562,'P.D. only',Injury,'07 - SMV other',mid_town,0
Weekday,Noon,highway,'01 - Clear','01 - Daylight','01 - Dry','10 - No control',-0.499997,'P.D. only',Injury,'03 - Rear end',mid_town,0
Weekday,Mid_Night,Road,'01 - Clear','07 - Dark','01 - Dry','01 - Traffic signal',-0.499995,'P.D. only',Injury,'05 - Turning movement',mid_town,0
Weekday,Evening,Road,'01 - Clear','01 - Daylight','01 - Dry','01 - Traffic signal',-0.599982,'P.D. only',Injury,'05 - Turning movement',Ottawa_east,0
Weekday,Mid_Night,highway,'01 - Clear','07 - Dark','01 - Dry','10 - No control',-0.428562,'P.D. only',Injury,'04 - Sideswipe',mid_town,0
Weekday,Afternoon,Road,'01 - Clear','01 - Daylight','01 - Dry','10 - No control',-0.857134,'P.D. only',Injury,'03 - Rear end',mid_town,0
Weekday,Night,Road,'01 - Clear','01 - Daylight','01 - Dry','02 - Stop sign',-0.714278,'P.D. only',Injury,'02 - Angle',mid_town,0
Weekday,Noon,Road,'01 - Clear','01 - Daylight','02 - Wet','01 - Traffic signal',-0.999963,'P.D. only',Injury,'03 - Rear end',Ottawa_west,0
Weekday,Night,Road,'01 - Clear','01 - Daylight','01 - Dry','10 - No control',-0.525772,'P.D. only',Injury,'03 - Rear end',mid_town,0
Weekday,Evening,Road,'02 - Rain','01 - Daylight','02 - Wet','01 - Traffic signal',-0.565214,'P.D. only',Injury,'03 - Rear end',downtown,0
Weekday,Mid_Night,Road,'02 - Rain','07 - Dark','02 - Wet','01 - Traffic signal',0.599982,Injury,Injury,'07 - SMV other',Ottawa_east,1
Weekday,Night,Road,'01 - Clear','07 - Dark','01 - Dry','01 - Traffic signal',-0.111109,'P.D. only',Injury,'05 - Turning movement',mid_town,0
Weekday,Evening,Road,'01 - Clear','01 - Daylight','01 - Dry','10 - No control',0.999979,Injury,Injury,'07 - SMV other',downtown,1
Weekday,Evening,Road,'01 - Clear','01 - Daylight','01 - Dry','02 - Stop sign',-0.333325,'P.D. only',Injury,'05 - Turning movement',Ottawa_east,0
Weekday,Night,Road,'02 - Rain','01 - Daylight','02 - Wet','01 - Traffic signal',-0.735847,'P.D. only',Injury,'07 - SMV other',mid_town,0
Weekday,Evening,Road,'01 - Clear','01 - Daylight','01 - Dry','01 - Traffic signal',-0.458823,'P.D. only',Injury,'05 - Turning movement',downtown,0
Weekday,Night,Road,'02 - Rain','01 - Daylight','02 - Wet','01 - Traffic signal',-0.999963,'P.D. only',Injury,'04 - Sideswipe',downtown,0
Weekday,Afternoon,Road,'01 - Clear','01 - Daylight','01 - Dry','01 - Traffic signal',-0.466662,'P.D. only',Injury,'05 - Turning movement',mid_town,0
Weekday,Mid_Night,Road,'03 - Snow','07 - Dark','05 - Packed snow','01 - Traffic signal',-0.999951,'P.D. only',Injury,'04 - Sideswipe',mid_town,0
Weekday,Night,Road,'02 - Rain','05 - Dusk','02 - Wet','02 - Stop sign',-0.499991,'P.D. only',Injury,'03 - Rear end',mid_town,0
Weekday,Noon,Road,'01 - Clear','01 - Daylight','01 - Dry','01 - Traffic signal',-0.111109,'P.D. only',Injury,'05 - Turning movement',Ottawa_east,0
Weekday,Noon,Road,'01 - Clear','01 - Daylight','01 - Dry','02 - Stop sign',0.999994,Injury,Injury,'07 - SMV other',downtown,1
Weekday,Night,Road,'02 - Rain','01 - Daylight','02 - Wet','01 - Traffic signal',-0.599994,'P.D. only',Injury,'03 - Rear end',downtown,0
Weekday,Mid_Night,Road,'01 - Clear','07 - Dark','01 - Dry','09 - Traffic controller',-0.275362,'P.D. only',Injury,'07 - SMV other',Ottawa_west,1
Weekday,Mid_Night,Road,'01 - Clear','07 - Dark','01 - Dry','01 - Traffic signal',-0.499995,'P.D. only',Injury,'05 - Turning movement',mid_town,0
Weekends,Noon,Road,'03 - Snow','01 - Daylight','03 - Loose snow','01 - Traffic signal',-0.999976,'P.D. only',Injury,'02 - Angle',downtown,0
Weekends,Afternoon,Road,'01 - Clear','01 - Daylight','01 - Dry','01 - Traffic signal',-0.499982,'P.D. only',Injury,'03 - Rear end',Ottawa_east,0
Weekday,Evening,Road,'03 - Snow','01 - Daylight','02 - Wet','01 - Traffic signal',-0.677418,'P.D. only',Injury,'03 - Rear end',mid_town,0
Weekday,Noon,Road,'03 - Snow','01 - Daylight','05 - Packed snow','01 - Traffic signal',-0.7037,'P.D. only',Injury,'02 - Angle',Ottawa_south,0
Weekday,Night,Road,'02 - Rain','01 - Daylight','02 - Wet','01 - Traffic signal',-0.499982,'P.D. only',Injury,'05 - Turning movement',Ottawa_west,0
Weekday,Afternoon,Road,'01 - Clear','01 - Daylight','01 - Dry','10 - No control',-0.73333,'P.D. only',Injury,'99 - Other',Ottawa_south,0
Weekends,Night,Road,'01 - Clear','01 - Daylight','01 - Dry','10 - No control',-0.199994,'P.D. only',Injury,'05 - Turning movement',mid_town,0
Weekends,Night,Road,'01 - Clear','01 - Daylight','01 - Dry','10 - No control',-0.499982,'P.D. only',Injury,'07 - SMV other',Ottawa_west,0
Weekday,Evening,Road,'01 - Clear','01 - Daylight','01 - Dry','10 - No control',-0.666665,'P.D. only',Injury,'03 - Rear end',downtown,0
Weekends,Mid_Night,Road,'03 - Snow','07 - Dark','02 - Wet','01 - Traffic signal',-0.428562,'P.D. only',Injury,'07 - SMV other',downtown,2
Weekends,Evening,Road,'01 - Clear','01 - Daylight','01 - Dry','01 - Traffic signal',-0.493975,'P.D. only',Injury,'07 - SMV other',mid_town,0
Weekday,Evening,Road,'02 - Rain','01 - Daylight','02 - Wet','01 - Traffic signal',-0.199994,'P.D. only',Injury,'05 - Turning movement',mid_town,0
Weekday,Mid_Night,Road,'02 - Rain','05 - Dusk','02 - Wet','10 - No control',-0.757572,'P.D. only',Injury,'02 - Angle',mid_town,0
Weekday,Mid_Night,Road,'03 - Snow','07 - Dark','04 - Slush','01 - Traffic signal',-0.571423,'P.D. only',Injury,'05 - Turning movement',downtown,0
Weekday,Evening,Road,'01 - Clear','01 - Daylight','01 - Dry','01 - Traffic signal',-0.302325,'P.D. only',Injury,'02 - Angle',downtown,0
Weekday,Night,Road,'01 - Clear','01 - Daylight','01 - Dry','01 - Traffic signal',-0.772725,'P.D. only',Injury,'04 - Sideswipe',downtown,0
Weekends,Night,Road,'01 - Clear','01 - Daylight','01 - Dry','02 - Stop sign',-0.142854,'P.D. only',Injury,'02 - Angle',downtown,0
Weekends,Evening,Road,'01 - Clear','01 - Daylight','01 - Dry','10 - No control',-0.499982,'P.D. only',Injury,'03 - Rear end',Ottawa_west,0
Weekday,Afternoon,Road,'01 - Clear','01 - Daylight','01 - Dry','10 - No control',-0.702701,'P.D. only',Injury,'05 - Turning movement',Ottawa_west,0
Weekday,Mid_Night,Road,'01 - Clear','07 - Dark','01 - Dry','01 - Traffic signal',-0.499995,'P.D. only',Injury,'05 - Turning movement',mid_town,0
Weekday,Noon,Road,'01 - Clear','07 - Dark','02 - Wet','10 - No control',-0.789472,'P.D. only',Injury,'02 - Angle',Ottawa_south,0
Weekday,Noon,Road,'01 - Clear','01 - Daylight','06 - Ice','10 - No control',-0.999971,'P.D. only',Injury,'03 - Rear end',mid_town,0
Weekday,Night,Road,'01 - Clear','01 - Daylight','01 - Dry','10 - No control',-0.363634,'P.D. only',Injury,'05 - Turning movement',mid_town,0
Weekday,Noon,Road,'01 - Clear','01 - Daylight','01 - Dry','01 - Traffic signal',-0.653844,'P.D. only',Injury,'03 - Rear end',mid_town,0
Weekday,Night,Road,'04 - Freezing Rain','07 - Dark','02 - Wet','01 - Traffic signal',-0.249995,'P.D. only',Injury,'05 - Turning movement',downtown,0
Weekday,Mid_Night,Road,'01 - Clear','07 - Dark','01 - Dry','10 - No control',-0.799988,'P.D. only',Injury,'06 - SMV unattended vehicle',Ottawa_east,0
Weekday,Evening,Road,'01 - Clear','01 - Daylight','01 - Dry','10 - No control',-0.767439,'P.D. only',Injury,'03 - Rear end',mid_town,0
Weekday,Night,Road,'01 - Clear','01 - Daylight','01 - Dry','10 - No control',-0.874992,'P.D. only',Injury,'03 - Rear end',Ottawa_south,0
Weekday,Night,Road,'01 - Clear','07 - Dark','01 - Dry','01 - Traffic signal',0.93103,Injury,Injury,'07 - SMV other',downtown,1
Weekday,Evening,Road,'01 - Clear','01 - Daylight','02 - Wet','02 - Stop sign',-0.446807,'P.D. only',Injury,'02 - Angle',mid_town,0
Weekends,Evening,Road,'01 - Clear','01 - Daylight','01 - Dry','01 - Traffic signal',-0.166665,'P.D. only',Injury,'02 - Angle',mid_town,0
Weekday,Evening,Road,'01 - Clear','01 - Daylight','02 - Wet','10 - No control',-0.272724,'P.D. only',Injury,'03 - Rear end',downtown,0
Weekday,Mid_Night,Road,'03 - Snow','07 - Dark','06 - Ice','10 - No control',-0.999982,'P.D. only',Injury,'07 - SMV other',Ottawa_south,0
Weekends,Night,Road,'01 - Clear','01 - Daylight','01 - Dry','10 - No control',-0.999971,'P.D. only',Injury,'04 - Sideswipe',mid_town,0
Weekends,Night,Road,'01 - Clear','01 - Daylight','01 - Dry','01 - Traffic signal',-0.666661,'P.D. only',Injury,'03 - Rear end',downtown,0
Weekday,Afternoon,Road,'01 - Clear','01 - Daylight','01 - Dry','10 - No control',-0.545451,'P.D. only',Injury,'04 - Sideswipe',downtown,0
Weekday,Afternoon,Road,'03 - Snow','01 - Daylight','04 - Slush','10 - No control',-0.999982,'P.D. only',Injury,'07 - SMV other',Ottawa_south,0
Weekday,Evening,Road,'02 - Rain','01 - Daylight','02 - Wet','10 - No control',-0.812496,'P.D. only',Injury,'05 - Turning movement',downtown,0
Weekday,Mid_Night,Road,'02 - Rain','07 - Dark','02 - Wet','01 - Traffic signal',0.499982,Injury,Injury,'07 - SMV other',Ottawa_south,1
Weekday,Night,Road,'01 - Clear','05 - Dusk','01 - Dry','10 - No control',-0.78571,'P.D. only',Injury,'01 - Approaching',mid_town,0
Weekday,Evening,Road,'01 - Clear','01 - Daylight','06 - Ice','02 - Stop sign',0.749986,Injury,Injury,'07 - SMV other',Ottawa_south,1
Weekday,Evening,Road,'01 - Clear','01 - Daylight','01 - Dry','01 - Traffic signal',-0.603603,'P.D. only',Injury,'03 - Rear end',mid_town,0
Weekends,Night,Road,'01 - Clear','01 - Daylight','01 - Dry','10 - No control',-0.333317,'P.D. only',Injury,'03 - Rear end',Ottawa_south,0
Weekday,Night,Road,'01 - Clear','01 - Daylight','01 - Dry','02 - Stop sign',-0.348836,'P.D. only',Injury,'02 - Angle',downtown,0
Weekday,Night,Road,'01 - Clear','05 - Dusk','02 - Wet','02 - Stop sign',-0.636355,'P.D. only',Injury,'02 - Angle',Ottawa_south,0
Weekday,Noon,highway,'01 - Clear','01 - Daylight','01 - Dry','02 - Stop sign',-0.428567,'P.D. only',Injury,'05 - Turning movement',downtown,0
Weekday,Evening,highway,'03 - Snow','01 - Daylight','06 - Ice','10 - No control',-0.999971,'P.D. only',Injury,'04 - Sideswipe',Ottawa_west,0
Weekday,Night,Road,'01 - Clear','01 - Daylight','01 - Dry','02 - Stop sign',-0.428567,'P.D. only',Injury,'02 - Angle',Ottawa_west,0
Weekday,Night,Road,'01 - Clear','01 - Daylight','01 - Dry','01 - Traffic signal',-0.441859,'P.D. only',Injury,'05 - Turning movement',mid_town,0
Weekday,Night,Road,'02 - Rain','01 - Daylight','02 - Wet','01 - Traffic signal',-0.999951,'P.D. only',Injury,'03 - Rear end',Ottawa_east,0
Weekday,Evening,Road,'01 - Clear','01 - Daylight','01 - Dry','01 - Traffic signal',0.884613,Injury,Injury,'07 - SMV other',mid_town,1
Weekday,Night,Road,'02 - Rain','01 - Daylight','02 - Wet','02 - Stop sign',-0.793099,'P.D. only',Injury,'05 - Turning movement',downtown,0
Weekday,Mid_Night,Road,'01 - Clear','07 - Dark','01 - Dry','01 - Traffic signal',0.65217,Injury,Injury,'07 - SMV other',downtown,1
Weekday,Evening,Road,'01 - Clear','01 - Daylight','01 - Dry','01 - Traffic signal',-0.302325,'P.D. only',Injury,'02 - Angle',downtown,0
Weekday,Mid_Night,Road,'02 - Rain','07 - Dark','02 - Wet','10 - No control',-0.916661,'P.D. only',Injury,'07 - SMV other',Ottawa_south,0
Weekday,Evening,Road,'01 - Clear','01 - Daylight','01 - Dry','01 - Traffic signal',-0.499991,'P.D. only',Injury,'02 - Angle',Ottawa_west,0
Weekday,Mid_Night,Road,'01 - Clear','07 - Dark','01 - Dry','10 - No control',-0.745097,'P.D. only',Injury,'01 - Approaching',downtown,0
Weekday,Noon,Road,'01 - Clear','01 - Daylight','02 - Wet','10 - No control',-0.632651,'P.D. only',Injury,'03 - Rear end',Ottawa_east,0
Weekends,Night,Road,'01 - Clear','01 - Daylight','02 - Wet','01 - Traffic signal',0.999971,Injury,Injury,'07 - SMV other',downtown,1
Weekday,Evening,Road,'01 - Clear','01 - Daylight','01 - Dry','10 - No control',-0.765957,'P.D. only',Injury,'01 - Approaching',downtown,0
Weekday,Early_Morning,Road,'02 - Rain','07 - Dark','02 - Wet','10 - No control',-0.6923,'P.D. only',Injury,'07 - SMV other',Ottawa_south,0
Weekday,Evening,Road,'01 - Clear','01 - Daylight','01 - Dry','10 - No control',0.428569,Injury,Injury,'07 - SMV other',Ottawa_south,1
Weekday,Noon,Road,'03 - Snow','01 - Daylight','03 - Loose snow','10 - No control',-0.999951,'P.D. only',Injury,'07 - SMV other',mid_town,0
Weekday,Early_Morning,highway,'01 - Clear','07 - Dark','01 - Dry','10 - No control',-0.499982,'P.D. only',Injury,'07 - SMV other',Ottawa_west,0
Weekday,Night,Road,'01 - Clear','01 - Daylight','01 - Dry','10 - No control',-0.333331,'P.D. only',Injury,'05 - Turning movement',downtown,0
Weekday,Night,Road,'02 - Rain','01 - Daylight','02 - Wet','10 - No control',-0.666663,'P.D. only',Injury,'03 - Rear end',mid_town,0
Weekday,Night,Road,'02 - Rain','01 - Daylight','02 - Wet','02 - Stop sign',0.333317,Injury,Injury,'02 - Angle',Ottawa_south,0
Weekday,Night,Road,'01 - Clear','01 - Daylight','01 - Dry','01 - Traffic signal',-0.669064,'P.D. only',Injury,'03 - Rear end',downtown,0
Weekends,Afternoon,Road,'01 - Clear','01 - Daylight','01 - Dry','01 - Traffic signal',-0.359999,'P.D. only',Injury,'02 - Angle',mid_town,0