DATE,TIME,Road_type,ENVIRONMENT,LIGHT,SURFACE_CONDITION,TRAFFIC_CONTROL,'prediction margin','predicted COLLISION_CLASSIFICATION',COLLISION_CLASSIFICATION,IMPACT_TYPE,Location,NO_OF_PEDESTRIANS
Weekday,Afternoon,Road,'01 - Clear','01 - Daylight','01 - Dry','01 - Traffic signal',0.999991,'P.D. only','P.D. only','04 - Sideswipe',downtown,0
Weekends,Morning,Road,'01 - Clear','07 - Dark','01 - Dry','10 - No control',0.999951,'P.D. only','P.D. only','07 - SMV other',downtown,0
Weekday,Mid_Night,highway,'01 - Clear','07 - Dark','01 - Dry','10 - No control',0.111109,'P.D. only','P.D. only','07 - SMV other',downtown,0
Weekday,Night,Road,'02 - Rain','01 - Daylight','02 - Wet','10 - No control',0.549295,'P.D. only','P.D. only','03 - Rear end',Ottawa_south,0
Weekday,Mid_Night,highway,'03 - Snow','07 - Dark','06 - Ice','10 - No control',0.999971,'P.D. only','P.D. only','04 - Sideswipe',downtown,0
Weekday,Evening,Road,'01 - Clear','01 - Daylight','01 - Dry','10 - No control',0.862065,'P.D. only','P.D. only','04 - Sideswipe',mid_town,0
Weekday,Evening,Road,'01 - Clear','01 - Daylight','01 - Dry','01 - Traffic signal',0.456789,'P.D. only','P.D. only','05 - Turning movement',downtown,0
Weekends,Night,Road,'04 - Freezing Rain','01 - Daylight','02 - Wet','10 - No control',0.419353,'P.D. only','P.D. only','02 - Angle',mid_town,0
Weekday,Noon,highway,'01 - Clear','01 - Daylight','01 - Dry','10 - No control',0.272724,'P.D. only','P.D. only','03 - Rear end',Ottawa_west,0
Weekday,Evening,Road,'01 - Clear','01 - Daylight','01 - Dry','01 - Traffic signal',0.769226,'P.D. only','P.D. only','04 - Sideswipe',mid_town,0
Weekday,Evening,Road,'01 - Clear','01 - Daylight','02 - Wet','01 - Traffic signal',0.428562,'P.D. only','P.D. only','02 - Angle',downtown,0
Weekday,Mid_Night,Road,'03 - Snow','07 - Dark','03 - Loose snow','10 - No control',0.882345,'P.D. only','P.D. only','01 - Approaching',mid_town,0
Weekday,Noon,highway,'07 - Fog/mist/smoke/dust','01 - Daylight','01 - Dry','10 - No control',0.999984,'P.D. only','P.D. only','04 - Sideswipe',downtown,0
Weekends,Evening,Road,'01 - Clear','01 - Daylight','01 - Dry','01 - Traffic signal',0.555553,'P.D. only','P.D. only','03 - Rear end',mid_town,0
Weekday,Evening,Road,'01 - Clear','01 - Daylight','01 - Dry','01 - Traffic signal',0.999951,'P.D. only','P.D. only','04 - Sideswipe',Ottawa_east,0
Weekday,Mid_Night,Road,'01 - Clear','07 - Dark','01 - Dry','10 - No control',0.999979,'P.D. only','P.D. only','06 - SMV unattended vehicle',Ottawa_west,0
Weekday,Night,highway,'01 - Clear','07 - Dark','02 - Wet','10 - No control',0.588233,'P.D. only','P.D. only','03 - Rear end',downtown,0
Weekday,Noon,Road,'01 - Clear','01 - Daylight','01 - Dry','11 - Roundabout',0.749986,'P.D. only','P.D. only','07 - SMV other',Ottawa_south,0
Weekday,Evening,Road,'01 - Clear','01 - Daylight','01 - Dry','01 - Traffic signal',0.456789,'P.D. only','P.D. only','05 - Turning movement',downtown,0
Weekends,Evening,highway,'03 - Snow','01 - Daylight','03 - Loose snow','10 - No control',0.904756,'P.D. only','P.D. only','07 - SMV other',Ottawa_west,0
Weekday,Evening,Road,'01 - Clear','01 - Daylight','02 - Wet','02 - Stop sign',0.777771,'P.D. only','P.D. only','02 - Angle',Ottawa_east,0
Weekends,Noon,Road,'03 - Snow','03 - Dawn','03 - Loose snow','10 - No control',0.999963,'P.D. only','P.D. only','07 - SMV other',Ottawa_east,0
Weekday,Evening,Road,'01 - Clear','01 - Daylight','01 - Dry','10 - No control',0.846144,'P.D. only','P.D. only','05 - Turning movement',mid_town,0
Weekends,Evening,Road,'03 - Snow','01 - Daylight','05 - Packed snow','02 - Stop sign',0.641023,'P.D. only','P.D. only','02 - Angle',downtown,0
Weekday,Noon,highway,'01 - Clear','01 - Daylight','06 - Ice','10 - No control',-0.333317,Injury,'P.D. only','03 - Rear end',Ottawa_west,0
Weekday,Night,Road,'01 - Clear','01 - Daylight','02 - Wet','10 - No control',0.333317,'P.D. only','P.D. only','02 - Angle',downtown,0
Weekday,Afternoon,Road,'03 - Snow','01 - Daylight','04 - Slush','10 - No control',0.636355,'P.D. only','P.D. only','07 - SMV other',Ottawa_east,0
Weekday,Night,Road,'01 - Clear','01 - Daylight','01 - Dry','01 - Traffic signal',0.683453,'P.D. only','P.D. only','03 - Rear end',downtown,0
Weekday,Noon,Road,'01 - Clear','01 - Daylight','01 - Dry','10 - No control',0.515149,'P.D. only','P.D. only','04 - Sideswipe',downtown,0
Weekends,Mid_Night,highway,'01 - Clear','07 - Dark','01 - Dry','10 - No control',0.999982,'P.D. only','P.D. only','07 - SMV other',downtown,0
Weekends,Evening,Road,'01 - Clear','01 - Daylight','01 - Dry','01 - Traffic signal',0.636355,'P.D. only','P.D. only','04 - Sideswipe',downtown,0
Weekday,Night,Road,'01 - Clear','01 - Daylight','01 - Dry','10 - No control',0.999979,'P.D. only','P.D. only','04 - Sideswipe',Ottawa_east,0
Weekday,Mid_Night,highway,'01 - Clear','07 - Dark','01 - Dry','10 - No control',0.653844,'P.D. only','P.D. only','04 - Sideswipe',Ottawa_west,0
Weekday,Afternoon,highway,'01 - Clear','01 - Daylight','01 - Dry','10 - No control',0.499991,'P.D. only','P.D. only','07 - SMV other',downtown,0
Weekday,Evening,Road,'02 - Rain','01 - Daylight','02 - Wet','01 - Traffic signal',0.685713,'P.D. only','P.D. only','03 - Rear end',Ottawa_south,0
Weekends,Night,Road,'01 - Clear','07 - Dark','01 - Dry','10 - No control',0.846151,'P.D. only','P.D. only','03 - Rear end',downtown,0
Weekday,Mid_Night,Road,'02 - Rain','00 - Unknown','02 - Wet','02 - Stop sign',0.857134,'P.D. only','P.D. only','06 - SMV unattended vehicle',downtown,0
Weekends,Night,Road,'02 - Rain','01 - Daylight','02 - Wet','01 - Traffic signal',0.93103,'P.D. only','P.D. only','04 - Sideswipe',mid_town,0
Weekends,Night,Road,'01 - Clear','01 - Daylight','01 - Dry','01 - Traffic signal',0.555547,'P.D. only','P.D. only','04 - Sideswipe',downtown,0
Weekday,Night,Road,'01 - Clear','01 - Daylight','01 - Dry','10 - No control',0.545454,'P.D. only','P.D. only','03 - Rear end',downtown,0
Weekday,Evening,Road,'01 - Clear','01 - Daylight','07 - Mud','02 - Stop sign',0.999971,'P.D. only','P.D. only','02 - Angle',Ottawa_east,0
Weekday,Afternoon,Road,'01 - Clear','01 - Daylight','01 - Dry','01 - Traffic signal',0.535713,'P.D. only','P.D. only','03 - Rear end',downtown,0
Weekday,Evening,Road,'01 - Clear','01 - Daylight','01 - Dry','01 - Traffic signal',0.649122,'P.D. only','P.D. only','03 - Rear end',downtown,0
Weekday,Evening,Road,'01 - Clear','01 - Daylight','02 - Wet','10 - No control',0.999971,'P.D. only','P.D. only','04 - Sideswipe',mid_town,0
Weekday,Night,Road,'01 - Clear','05 - Dusk','01 - Dry','10 - No control',0.777765,'P.D. only','P.D. only','03 - Rear end',downtown,0
Weekday,Night,highway,'01 - Clear','01 - Daylight','01 - Dry','10 - No control',0.620252,'P.D. only','P.D. only','03 - Rear end',downtown,0
Weekday,Evening,Road,'07 - Fog/mist/smoke/dust','01 - Daylight','01 - Dry','10 - No control',0.285711,'P.D. only','P.D. only','07 - SMV other',mid_town,0
Weekday,Evening,Road,'01 - Clear','01 - Daylight','01 - Dry','01 - Traffic signal',0.422221,'P.D. only','P.D. only','02 - Angle',downtown,0
Weekday,Night,Road,'01 - Clear','01 - Daylight','01 - Dry','10 - No control',0.624994,'P.D. only','P.D. only','03 - Rear end',Ottawa_south,0
Weekday,Night,Road,'01 - Clear','01 - Daylight','06 - Ice','02 - Stop sign',0.347825,'P.D. only','P.D. only','02 - Angle',downtown,0
Weekday,Mid_Night,Road,'01 - Clear','00 - Unknown','01 - Dry','10 - No control',0.999993,'P.D. only','P.D. only','06 - SMV unattended vehicle',downtown,0
Weekday,Night,highway,'03 - Snow','07 - Dark','05 - Packed snow','10 - No control',0.799996,'P.D. only','P.D. only','04 - Sideswipe',downtown,0
Weekday,Night,Road,'01 - Clear','01 - Daylight','01 - Dry','03 - Yield sign',0.999976,'P.D. only','P.D. only','04 - Sideswipe',Ottawa_east,0
Weekday,Afternoon,Road,'03 - Snow','01 - Daylight','03 - Loose snow','01 - Traffic signal',0.199994,'P.D. only','P.D. only','03 - Rear end',downtown,0
Weekday,Mid_Night,Road,'01 - Clear','07 - Dark','01 - Dry','02 - Stop sign',0.42857,'P.D. only','P.D. only','05 - Turning movement',mid_town,0
Weekday,Night,Road,'01 - Clear','07 - Dark','01 - Dry','01 - Traffic signal',0.799988,'P.D. only','P.D. only','03 - Rear end',downtown,0
Weekday,Noon,Road,'03 - Snow','01 - Daylight','04 - Slush','01 - Traffic signal',0.733326,'P.D. only','P.D. only','03 - Rear end',mid_town,0
Weekday,Mid_Night,Road,'01 - Clear','01 - Daylight','01 - Dry','10 - No control',0.333317,'P.D. only','P.D. only','03 - Rear end',downtown,0
Weekday,Night,Road,'01 - Clear','05 - Dusk','01 - Dry','01 - Traffic signal',0.777765,'P.D. only','P.D. only','03 - Rear end',mid_town,0
Weekends,Early_Morning,Road,'02 - Rain','07 - Dark','02 - Wet','10 - No control',0.769226,'P.D. only','P.D. only','01 - Approaching',downtown,0
Weekday,Noon,highway,'06 - Strong wind','01 - Daylight','06 - Ice','10 - No control',0.499982,'P.D. only','P.D. only','03 - Rear end',downtown,0
Weekends,Morning,highway,'01 - Clear','07 - Dark','01 - Dry','10 - No control',-0.333317,Injury,'P.D. only','07 - SMV other',downtown,0
Weekday,Evening,Road,'02 - Rain','01 - Daylight','02 - Wet','01 - Traffic signal',0.744679,'P.D. only','P.D. only','04 - Sideswipe',mid_town,0
Weekday,Night,Road,'01 - Clear','01 - Daylight','01 - Dry','10 - No control',0.860462,'P.D. only','P.D. only','02 - Angle',downtown,0
Weekday,Night,highway,'01 - Clear','01 - Daylight','01 - Dry','10 - No control',0.870964,'P.D. only','P.D. only','04 - Sideswipe',downtown,0
Weekday,Mid_Night,Road,'01 - Clear','07 - Dark','02 - Wet','10 - No control',0.777771,'P.D. only','P.D. only','02 - Angle',mid_town,0
Weekday,Evening,Road,'01 - Clear','01 - Daylight','01 - Dry','01 - Traffic signal',0.399997,'P.D. only','P.D. only','03 - Rear end',Ottawa_east,0
Weekday,Mid_Night,Road,'01 - Clear','01 - Daylight','01 - Dry','10 - No control',0.333317,'P.D. only','P.D. only','03 - Rear end',downtown,0
Weekday,Night,highway,'01 - Clear','01 - Daylight','01 - Dry','10 - No control',0.620252,'P.D. only','P.D. only','03 - Rear end',downtown,0
Weekday,Night,Road,'01 - Clear','01 - Daylight','01 - Dry','01 - Traffic signal',0.714271,'P.D. only','P.D. only','05 - Turning movement',Ottawa_south,0
Weekday,Afternoon,Road,'01 - Clear','01 - Daylight','01 - Dry','03 - Yield sign',0.519997,'P.D. only','P.D. only','02 - Angle',Ottawa_east,0
Weekday,Noon,Road,'01 - Clear','03 - Dawn','01 - Dry','10 - No control',0.999976,'P.D. only','P.D. only','07 - SMV other',Ottawa_south,0
Weekday,Night,Road,'01 - Clear','01 - Daylight','01 - Dry','01 - Traffic signal',0.542856,'P.D. only','P.D. only','05 - Turning movement',downtown,0
Weekday,Mid_Night,Road,'01 - Clear','07 - Dark','05 - Packed snow','10 - No control',0.749986,'P.D. only','P.D. only','02 - Angle',mid_town,0
Weekday,Evening,Road,'01 - Clear','01 - Daylight','01 - Dry','10 - No control',0.749998,'P.D. only','P.D. only','04 - Sideswipe',downtown,0
Weekday,Noon,Road,'02 - Rain','01 - Daylight','02 - Wet','01 - Traffic signal',0.999985,'P.D. only','P.D. only','02 - Angle',Ottawa_south,0
Weekday,Evening,Road,'01 - Clear','01 - Daylight','01 - Dry','10 - No control',0.959181,'P.D. only','P.D. only','06 - SMV unattended vehicle',downtown,0
Weekday,Afternoon,Road,'02 - Rain','01 - Daylight','02 - Wet','01 - Traffic signal',0.314284,'P.D. only','P.D. only','05 - Turning movement',mid_town,0
Weekday,Night,Road,'01 - Clear','01 - Daylight','01 - Dry','02 - Stop sign',0.666659,'P.D. only','P.D. only','03 - Rear end',mid_town,0
Weekends,Mid_Night,Road,'01 - Clear','07 - Dark','01 - Dry','10 - No control',0.99999,'P.D. only','P.D. only','06 - SMV unattended vehicle',downtown,0
Weekday,Early_Morning,highway,'01 - Clear','07 - Dark','02 - Wet','10 - No control',0.499982,'P.D. only','P.D. only','03 - Rear end',downtown,0
Weekends,Noon,Road,'03 - Snow','01 - Daylight','04 - Slush','01 - Traffic signal',-0.333317,Injury,'P.D. only','02 - Angle',downtown,0
Weekday,Night,Road,'01 - Clear','05 - Dusk','02 - Wet','01 - Traffic signal',0.899993,'P.D. only','P.D. only','04 - Sideswipe',mid_town,0
Weekday,Mid_Night,Road,'03 - Snow','07 - Dark','03 - Loose snow','10 - No control',0.837835,'P.D. only','P.D. only','06 - SMV unattended vehicle',downtown,0
Weekends,Evening,Road,'03 - Snow','01 - Daylight','05 - Packed snow','10 - No control',0.599982,'P.D. only','P.D. only','04 - Sideswipe',mid_town,0
Weekday,Afternoon,Road,'01 - Clear','01 - Daylight','01 - Dry','01 - Traffic signal',0.999985,'P.D. only','P.D. only','04 - Sideswipe',mid_town,0
Weekends,Mid_Night,highway,'01 - Clear','07 - Dark','02 - Wet','10 - No control',0.999988,'P.D. only','P.D. only','07 - SMV other',mid_town,0
Weekends,Night,highway,'01 - Clear','01 - Daylight','01 - Dry','10 - No control',0.999951,'P.D. only','P.D. only','03 - Rear end',downtown,0
Weekday,Morning,Road,'01 - Clear','07 - Dark','02 - Wet','10 - No control',0.866658,'P.D. only','P.D. only','07 - SMV other',Ottawa_south,0
Weekday,Night,Road,'01 - Clear','07 - Dark','01 - Dry','10 - No control',0.714278,'P.D. only','P.D. only','03 - Rear end',mid_town,0
Weekends,Noon,Road,'01 - Clear','01 - Daylight','01 - Dry','10 - No control',0.999963,'P.D. only','P.D. only','06 - SMV unattended vehicle',Ottawa_east,0
Weekday,Evening,Road,'01 - Clear','01 - Daylight','01 - Dry','01 - Traffic signal',0.548385,'P.D. only','P.D. only','03 - Rear end',Ottawa_west,0
Weekday,Night,Road,'01 - Clear','01 - Daylight','01 - Dry','02 - Stop sign',0.646153,'P.D. only','P.D. only','03 - Rear end',Ottawa_east,0
Weekday,Evening,Road,'01 - Clear','01 - Daylight','01 - Dry','01 - Traffic signal',0.714271,'P.D. only','P.D. only','03 - Rear end',Ottawa_south,0
Weekends,Evening,Road,'03 - Snow','01 - Daylight','03 - Loose snow','10 - No control',0.999993,'P.D. only','P.D. only','04 - Sideswipe',downtown,0
Weekday,Mid_Night,Road,'01 - Clear','07 - Dark','01 - Dry','01 - Traffic signal',0.96774,'P.D. only','P.D. only','04 - Sideswipe',Ottawa_east,0
Weekends,Evening,Road,'01 - Clear','01 - Daylight','01 - Dry','01 - Traffic signal',0,Injury,'P.D. only','03 - Rear end',Ottawa_south,0
Weekday,Evening,Road,'03 - Snow','01 - Daylight','03 - Loose snow','01 - Traffic signal',0.743587,'P.D. only','P.D. only','04 - Sideswipe',downtown,0
Weekday,Night,Road,'01 - Clear','01 - Daylight','01 - Dry','10 - No control',0.999995,'P.D. only','P.D. only','04 - Sideswipe',mid_town,0
Weekday,Mid_Night,Road,'03 - Snow','07 - Dark','03 - Loose snow','10 - No control',0.666663,'P.D. only','P.D. only','04 - Sideswipe',downtown,0
Weekday,Noon,Road,'05 - Drifting Snow','03 - Dawn','04 - Slush','10 - No control',0.866658,'P.D. only','P.D. only','07 - SMV other',Ottawa_south,0
Weekends,Evening,Road,'01 - Clear','01 - Daylight','01 - Dry','10 - No control',0.999991,'P.D. only','P.D. only','06 - SMV unattended vehicle',downtown,0
Weekends,Night,Road,'01 - Clear','01 - Daylight','01 - Dry','10 - No control',0.599999,'P.D. only','P.D. only','05 - Turning movement',downtown,0
Weekday,Mid_Night,Road,'01 - Clear','05 - Dusk','01 - Dry','01 - Traffic signal',0.230767,'P.D. only','P.D. only','07 - SMV other',downtown,0
Weekday,Noon,Road,'01 - Clear','01 - Daylight','01 - Dry','01 - Traffic signal',0.272724,'P.D. only','P.D. only','02 - Angle',Ottawa_east,0
Weekday,Evening,Road,'01 - Clear','01 - Daylight','03 - Loose snow','01 - Traffic signal',0.650602,'P.D. only','P.D. only','03 - Rear end',downtown,0
Weekday,Night,Road,'03 - Snow','05 - Dusk','06 - Ice','01 - Traffic signal',0.999971,'P.D. only','P.D. only','03 - Rear end',mid_town,0
Weekday,Evening,highway,'04 - Freezing Rain','01 - Daylight','06 - Ice','10 - No control',0.999963,'P.D. only','P.D. only','07 - SMV other',mid_town,0
Weekday,Night,Road,'05 - Drifting Snow','07 - Dark','06 - Ice','10 - No control',0.555547,'P.D. only','P.D. only','01 - Approaching',mid_town,0
Weekday,Night,Road,'01 - Clear','01 - Daylight','01 - Dry','10 - No control',0.749999,'P.D. only','P.D. only','04 - Sideswipe',downtown,0
Weekday,Night,Road,'01 - Clear','01 - Daylight','01 - Dry','10 - No control',0.666659,'P.D. only','P.D. only','02 - Angle',Ottawa_east,0
Weekday,Mid_Night,highway,'01 - Clear','05 - Dusk','01 - Dry','10 - No control',0.799994,'P.D. only','P.D. only','04 - Sideswipe',downtown,0
Weekends,Night,Road,'01 - Clear','01 - Daylight','01 - Dry','10 - No control',0.599982,'P.D. only','P.D. only','04 - Sideswipe',mid_town,0
Weekends,Early_Morning,Road,'03 - Snow','07 - Dark','03 - Loose snow','10 - No control',0.999951,'P.D. only','P.D. only','07 - SMV other',Ottawa_west,0
Weekday,Night,Road,'01 - Clear','01 - Daylight','01 - Dry','01 - Traffic signal',0.393938,'P.D. only','P.D. only','03 - Rear end',Ottawa_west,0
Weekday,Early_Morning,Road,'01 - Clear','07 - Dark','01 - Dry','10 - No control',0.333325,'P.D. only','P.D. only','07 - SMV other',downtown,0
Weekday,Noon,Road,'01 - Clear','01 - Daylight','03 - Loose snow','01 - Traffic signal',0.815788,'P.D. only','P.D. only','03 - Rear end',downtown,0
Weekday,Evening,Road,'01 - Clear','01 - Daylight','01 - Dry','10 - No control',0.478258,'P.D. only','P.D. only','02 - Angle',mid_town,0
Weekends,Morning,highway,'01 - Clear','07 - Dark','01 - Dry','01 - Traffic signal',0.692305,'P.D. only','P.D. only','03 - Rear end',downtown,0
Weekday,Night,Road,'01 - Clear','01 - Daylight','01 - Dry','01 - Traffic signal',0.888885,'P.D. only','P.D. only','04 - Sideswipe',mid_town,0
Weekday,Noon,Road,'01 - Clear','01 - Daylight','06 - Ice','01 - Traffic signal',0.499982,'P.D. only','P.D. only','03 - Rear end',downtown,0
Weekday,Night,highway,'01 - Clear','01 - Daylight','01 - Dry','01 - Traffic signal',0.999951,'P.D. only','P.D. only','03 - Rear end',mid_town,0
Weekday,Evening,Road,'01 - Clear','01 - Daylight','01 - Dry','02 - Stop sign',-0.199994,Injury,'P.D. only','05 - Turning movement',Ottawa_east,0
Weekday,Noon,Road,'03 - Snow','01 - Daylight','03 - Loose snow','10 - No control',0.999963,'P.D. only','P.D. only','06 - SMV unattended vehicle',Ottawa_south,0
Weekday,Evening,Road,'01 - Clear','01 - Daylight','01 - Dry','10 - No control',0.959181,'P.D. only','P.D. only','06 - SMV unattended vehicle',downtown,0
Weekday,Night,Road,'01 - Clear','01 - Daylight','02 - Wet','10 - No control',-0.888882,Injury,'P.D. only','07 - SMV other',downtown,1
Weekday,Afternoon,Road,'01 - Clear','01 - Daylight','01 - Dry','10 - No control',0.279998,'P.D. only','P.D. only','03 - Rear end',downtown,0
Weekends,Noon,Road,'01 - Clear','01 - Daylight','02 - Wet','10 - No control',0.999976,'P.D. only','P.D. only','04 - Sideswipe',downtown,0
Weekday,Evening,highway,'01 - Clear','01 - Daylight','01 - Dry','02 - Stop sign',0.333328,'P.D. only','P.D. only','05 - Turning movement',Ottawa_east,0
Weekday,Night,Road,'01 - Clear','01 - Daylight','01 - Dry','01 - Traffic signal',0.629032,'P.D. only','P.D. only','03 - Rear end',mid_town,0
Weekday,Night,Road,'01 - Clear','01 - Daylight','01 - Dry','01 - Traffic signal',0.542856,'P.D. only','P.D. only','05 - Turning movement',downtown,0
Weekends,Evening,Road,'03 - Snow','01 - Daylight','02 - Wet','01 - Traffic signal',0.428567,'P.D. only','P.D. only','02 - Angle',downtown,0
Weekday,Afternoon,Road,'01 - Clear','01 - Daylight','02 - Wet','01 - Traffic signal',0.999985,'P.D. only','P.D. only','03 - Rear end',downtown,0
Weekends,Afternoon,Road,'01 - Clear','01 - Daylight','01 - Dry','10 - No control',0.466662,'P.D. only','P.D. only','99 - Other',Ottawa_east,0
Weekday,Evening,Road,'01 - Clear','01 - Daylight','01 - Dry','01 - Traffic signal',0.388887,'P.D. only','P.D. only','05 - Turning movement',mid_town,0
Weekday,Night,Road,'01 - Clear','01 - Daylight','01 - Dry','02 - Stop sign',0.076922,'P.D. only','P.D. only','02 - Angle',Ottawa_south,0
Weekday,Night,Road,'01 - Clear','07 - Dark','01 - Dry','10 - No control',0.860464,'P.D. only','P.D. only','04 - Sideswipe',mid_town,0
Weekday,Night,Road,'01 - Clear','01 - Daylight','01 - Dry','02 - Stop sign',-0.333317,Injury,'P.D. only','05 - Turning movement',mid_town,0
Weekends,Noon,Road,'01 - Clear','01 - Daylight','01 - Dry','01 - Traffic signal',0.666663,'P.D. only','P.D. only','07 - SMV other',downtown,0
Weekday,Evening,Road,'03 - Snow','01 - Daylight','03 - Loose snow','01 - Traffic signal',0.999951,'P.D. only','P.D. only','04 - Sideswipe',mid_town,0
Weekday,Afternoon,Road,'02 - Rain','01 - Daylight','02 - Wet','02 - Stop sign',0.666663,'P.D. only','P.D. only','03 - Rear end',downtown,0
Weekday,Mid_Night,Road,'01 - Clear','07 - Dark','01 - Dry','10 - No control',0.636355,'P.D. only','P.D. only','04 - Sideswipe',downtown,0
Weekday,Mid_Night,highway,'01 - Clear','07 - Dark','01 - Dry','10 - No control',0.999984,'P.D. only','P.D. only','07 - SMV other',Ottawa_south,0
Weekday,Evening,highway,'01 - Clear','01 - Daylight','01 - Dry','10 - No control',0.818171,'P.D. only','P.D. only','04 - Sideswipe',mid_town,0
Weekday,Noon,Road,'03 - Snow','01 - Daylight','05 - Packed snow','01 - Traffic signal',0.999982,'P.D. only','P.D. only','03 - Rear end',downtown,0
Weekday,Afternoon,Road,'01 - Clear','01 - Daylight','01 - Dry','10 - No control',0.799988,'P.D. only','P.D. only','02 - Angle',mid_town,0
Weekday,Night,Road,'02 - Rain','01 - Daylight','02 - Wet','01 - Traffic signal',0.529407,'P.D. only','P.D. only','03 - Rear end',downtown,0
Weekday,Afternoon,Road,'03 - Snow','01 - Daylight','03 - Loose snow','01 - Traffic signal',0.199994,'P.D. only','P.D. only','03 - Rear end',downtown,0
Weekends,Evening,Road,'01 - Clear','01 - Daylight','01 - Dry','01 - Traffic signal',-0.333317,Injury,'P.D. only','05 - Turning movement',Ottawa_west,0
Weekday,Noon,Road,'01 - Clear','01 - Daylight','01 - Dry','10 - No control',0.709676,'P.D. only','P.D. only','99 - Other',Ottawa_west,0
Weekday,Night,Road,'02 - Rain','01 - Daylight','02 - Wet','10 - No control',0.636359,'P.D. only','P.D. only','05 - Turning movement',Ottawa_west,0
Weekday,Night,Road,'03 - Snow','07 - Dark','03 - Loose snow','02 - Stop sign',0.999971,'P.D. only','P.D. only','02 - Angle',mid_town,0
Weekday,Night,Road,'01 - Clear','01 - Daylight','01 - Dry','10 - No control',0.999985,'P.D. only','P.D. only','06 - SMV unattended vehicle',Ottawa_west,0
Weekday,Evening,Road,'01 - Clear','01 - Daylight','04 - Slush','10 - No control',0.714271,'P.D. only','P.D. only','03 - Rear end',Ottawa_west,0
Weekday,Evening,Road,'01 - Clear','01 - Daylight','01 - Dry','10 - No control',0.649998,'P.D. only','P.D. only','02 - Angle',downtown,0
Weekends,Afternoon,highway,'01 - Clear','01 - Daylight','01 - Dry','10 - No control',0.22222,'P.D. only','P.D. only','07 - SMV other',Ottawa_south,0
Weekday,Evening,Road,'01 - Clear','01 - Daylight','01 - Dry','01 - Traffic signal',0.714271,'P.D. only','P.D. only','05 - Turning movement',Ottawa_south,0
Weekday,Night,Road,'01 - Clear','07 - Dark','01 - Dry','10 - No control',0.860464,'P.D. only','P.D. only','04 - Sideswipe',mid_town,0
Weekday,Noon,highway,'03 - Snow','07 - Dark','03 - Loose snow','10 - No control',0.999971,'P.D. only','P.D. only','07 - SMV other',Ottawa_east,0
Weekday,Noon,highway,'01 - Clear','01 - Daylight','01 - Dry','10 - No control',0.555554,'P.D. only','P.D. only','07 - SMV other',mid_town,0
Weekday,Evening,Road,'02 - Rain','01 - Daylight','02 - Wet','10 - No control',0.599996,'P.D. only','P.D. only','07 - SMV other',Ottawa_east,0
Weekday,Noon,Road,'01 - Clear','01 - Daylight','01 - Dry','10 - No control',0.499982,'P.D. only','P.D. only','05 - Turning movement',Ottawa_east,0
Weekday,Noon,Road,'01 - Clear','01 - Daylight','01 - Dry','10 - No control',0.999982,'P.D. only','P.D. only','06 - SMV unattended vehicle',mid_town,0
Weekday,Early_Morning,highway,'04 - Freezing Rain','07 - Dark','06 - Ice','10 - No control',0.874992,'P.D. only','P.D. only','07 - SMV other',mid_town,0
Weekday,Noon,Road,'01 - Clear','01 - Daylight','01 - Dry','10 - No control',0.818176,'P.D. only','P.D. only','07 - SMV other',Ottawa_west,0
Weekday,Evening,Road,'01 - Clear','01 - Daylight','01 - Dry','01 - Traffic signal',0.999982,'P.D. only','P.D. only','04 - Sideswipe',Ottawa_west,0
Weekday,Noon,Road,'01 - Clear','01 - Daylight','02 - Wet','01 - Traffic signal',0.777765,'P.D. only','P.D. only','03 - Rear end',downtown,0
Weekday,Noon,Road,'02 - Rain','01 - Daylight','02 - Wet','10 - No control',0.428562,'P.D. only','P.D. only','03 - Rear end',downtown,0
Weekday,Mid_Night,Road,'01 - Clear','07 - Dark','01 - Dry','01 - Traffic signal',0.538455,'P.D. only','P.D. only','02 - Angle',mid_town,0
Weekday,Afternoon,Road,'01 - Clear','01 - Daylight','01 - Dry','10 - No control',0.99999,'P.D. only','P.D. only','06 - SMV unattended vehicle',downtown,0
Weekday,Evening,Road,'01 - Clear','01 - Daylight','01 - Dry','01 - Traffic signal',0.649122,'P.D. only','P.D. only','03 - Rear end',downtown,0
Weekday,Afternoon,Road,'01 - Clear','01 - Daylight','01 - Dry','10 - No control',0.599991,'P.D. only','P.D. only','03 - Rear end',Ottawa_east,0
Weekday,Afternoon,Road,'01 - Clear','01 - Daylight','01 - Dry','01 - Traffic signal',0.999951,'P.D. only','P.D. only','05 - Turning movement',Ottawa_west,0
Weekends,Mid_Night,Road,'01 - Clear','07 - Dark','01 - Dry','10 - No control',0.89473,'P.D. only','P.D. only','07 - SMV other',Ottawa_south,0
Weekday,Night,Road,'01 - Clear','07 - Dark','01 - Dry','01 - Traffic signal',0.6923,'P.D. only','P.D. only','03 - Rear end',mid_town,0
Weekday,Noon,Road,'01 - Clear','01 - Daylight','01 - Dry','10 - No control',0.599982,'P.D. only','P.D. only','06 - SMV unattended vehicle',Ottawa_west,0
Weekday,Noon,Road,'01 - Clear','07 - Dark','04 - Slush','01 - Traffic signal',0.540539,'P.D. only','P.D. only','02 - Angle',downtown,0