DATE,TIME,Road_type,ENVIRONMENT,LIGHT,SURFACE_CONDITION,TRAFFIC_CONTROL,'prediction margin','predicted COLLISION_CLASSIFICATION',COLLISION_CLASSIFICATION,IMPACT_TYPE,Location,NO_OF_PEDESTRIANS
Weekends,Mid_Night,Road,'02 - Rain','07 - Dark','02 - Wet','01 - Traffic signal',0.999963,'P.D. only','P.D. only','03 - Rear end',downtown,0
Weekday,Night,Road,'01 - Clear','01 - Daylight','01 - Dry','10 - No control',0.599982,'P.D. only','P.D. only','05 - Turning movement',Ottawa_east,0
Weekday,Mid_Night,Road,'02 - Rain','07 - Dark','02 - Wet','01 - Traffic signal',0.444443,'P.D. only','P.D. only','07 - SMV other',downtown,0
Weekday,Night,Road,'01 - Clear','01 - Daylight','01 - Dry','01 - Traffic signal',0.470586,'P.D. only','P.D. only','03 - Rear end',Ottawa_west,0
Weekday,Night,Road,'01 - Clear','01 - Daylight','01 - Dry','10 - No control',0.935479,'P.D. only','P.D. only','04 - Sideswipe',mid_town,0
Weekday,Evening,Road,'01 - Clear','01 - Daylight','01 - Dry','01 - Traffic signal',0.999985,'P.D. only','P.D. only','04 - Sideswipe',Ottawa_west,0
Weekday,Mid_Night,Road,'02 - Rain','07 - Dark','02 - Wet','01 - Traffic signal',0.499997,'P.D. only','P.D. only','04 - Sideswipe',downtown,0
Weekday,Evening,Road,'03 - Snow','01 - Daylight','04 - Slush','02 - Stop sign',0.999988,'P.D. only','P.D. only','03 - Rear end',downtown,0
Weekday,Night,Road,'01 - Clear','01 - Daylight','01 - Dry','02 - Stop sign',0.999976,'P.D. only','P.D. only','04 - Sideswipe',downtown,0
Weekday,Night,Road,'01 - Clear','01 - Daylight','02 - Wet','01 - Traffic signal',0.454539,'P.D. only','P.D. only','03 - Rear end',downtown,0
Weekday,Afternoon,highway,'01 - Clear','01 - Daylight','02 - Wet','10 - No control',0.839995,'P.D. only','P.D. only','04 - Sideswipe',downtown,0
Weekday,Mid_Night,Road,'01 - Clear','07 - Dark','01 - Dry','01 - Traffic signal',0.999989,'P.D. only','P.D. only','05 - Turning movement',Ottawa_east,0
Weekends,Mid_Night,Road,'01 - Clear','07 - Dark','01 - Dry','01 - Traffic signal',0.555547,'P.D. only','P.D. only','05 - Turning movement',mid_town,0
Weekday,Afternoon,Road,'03 - Snow','01 - Daylight','04 - Slush','01 - Traffic signal',0.629626,'P.D. only','P.D. only','03 - Rear end',downtown,0
Weekday,Mid_Night,Road,'01 - Clear','01 - Daylight','01 - Dry','10 - No control',0.821426,'P.D. only','P.D. only','06 - SMV unattended vehicle',Ottawa_south,0
Weekday,Noon,Road,'02 - Rain','01 - Daylight','02 - Wet','01 - Traffic signal',0.428562,'P.D. only','P.D. only','03 - Rear end',downtown,0
Weekday,Mid_Night,Road,'01 - Clear','07 - Dark','03 - Loose snow','10 - No control',0.803919,'P.D. only','P.D. only','07 - SMV other',Ottawa_south,0
Weekday,Evening,Road,'01 - Clear','01 - Daylight','01 - Dry','10 - No control',0.846144,'P.D. only','P.D. only','05 - Turning movement',mid_town,0
Weekday,Night,Road,'03 - Snow','01 - Daylight','03 - Loose snow','01 - Traffic signal',0.999982,'P.D. only','P.D. only','03 - Rear end',downtown,0
Weekday,Mid_Night,Road,'01 - Clear','07 - Dark','01 - Dry','01 - Traffic signal',0.882345,'P.D. only','P.D. only','04 - Sideswipe',downtown,0
Weekday,Afternoon,Road,'01 - Clear','01 - Daylight','01 - Dry','10 - No control',0.199997,'P.D. only','P.D. only','07 - SMV other',Ottawa_west,0
Weekday,Evening,Road,'01 - Clear','01 - Daylight','01 - Dry','10 - No control',0.999984,'P.D. only','P.D. only','07 - SMV other',downtown,0
Weekday,Night,Road,'01 - Clear','01 - Daylight','01 - Dry','01 - Traffic signal',0.882349,'P.D. only','P.D. only','04 - Sideswipe',mid_town,0
Weekends,Night,Road,'01 - Clear','01 - Daylight','03 - Loose snow','10 - No control',0.999994,'P.D. only','P.D. only','06 - SMV unattended vehicle',downtown,0
Weekday,Afternoon,Road,'01 - Clear','01 - Daylight','02 - Wet','02 - Stop sign',0.499997,'P.D. only','P.D. only','03 - Rear end',mid_town,0
Weekday,Night,Road,'02 - Rain','01 - Daylight','02 - Wet','10 - No control',0.399997,'P.D. only','P.D. only','03 - Rear end',downtown,0
Weekday,Evening,Road,'01 - Clear','01 - Daylight','01 - Dry','10 - No control',0.999984,'P.D. only','P.D. only','07 - SMV other',downtown,0
Weekday,Evening,Road,'01 - Clear','01 - Daylight','01 - Dry','01 - Traffic signal',0.565217,'P.D. only','P.D. only','03 - Rear end',mid_town,0
Weekday,Mid_Night,Road,'01 - Clear','05 - Dusk','01 - Dry','10 - No control',0.714284,'P.D. only','P.D. only','03 - Rear end',downtown,0
Weekday,Night,Road,'01 - Clear','07 - Dark','02 - Wet','01 - Traffic signal',0.999979,'P.D. only','P.D. only','03 - Rear end',mid_town,0
Weekends,Evening,Road,'01 - Clear','01 - Daylight','01 - Dry','02 - Stop sign',0.714271,'P.D. only','P.D. only','02 - Angle',downtown,0
Weekday,Mid_Night,Road,'01 - Clear','07 - Dark','01 - Dry','10 - No control',0.499994,'P.D. only','P.D. only','04 - Sideswipe',downtown,0
Weekday,Evening,highway,'01 - Clear','01 - Daylight','01 - Dry','10 - No control',0.999993,'P.D. only','P.D. only','04 - Sideswipe',downtown,0
Weekday,Evening,Road,'01 - Clear','01 - Daylight','04 - Slush','01 - Traffic signal',0.733326,'P.D. only','P.D. only','07 - SMV other',mid_town,0
Weekday,Noon,Road,'02 - Rain','01 - Daylight','02 - Wet','10 - No control',0.523806,'P.D. only','P.D. only','07 - SMV other',Ottawa_west,0
Weekday,Noon,Road,'01 - Clear','01 - Daylight','03 - Loose snow','10 - No control',0.833323,'P.D. only','P.D. only','07 - SMV other',Ottawa_east,0
Weekday,Noon,Road,'01 - Clear','01 - Daylight','01 - Dry','10 - No control',0.866658,'P.D. only','P.D. only','04 - Sideswipe',mid_town,0
Weekday,Mid_Night,Road,'01 - Clear','07 - Dark','01 - Dry','01 - Traffic signal',0.777765,'P.D. only','P.D. only','03 - Rear end',Ottawa_east,0
Weekday,Noon,Road,'01 - Clear','01 - Daylight','01 - Dry','01 - Traffic signal',0.272724,'P.D. only','P.D. only','02 - Angle',Ottawa_east,0
Weekday,Night,highway,'05 - Drifting Snow','07 - Dark','03 - Loose snow','10 - No control',0.913038,'P.D. only','P.D. only','07 - SMV other',downtown,0
Weekday,Evening,Road,'03 - Snow','01 - Daylight','04 - Slush','10 - No control',0.636355,'P.D. only','P.D. only','02 - Angle',mid_town,0
Weekday,Mid_Night,Road,'01 - Clear','07 - Dark','01 - Dry','10 - No control',0.714284,'P.D. only','P.D. only','07 - SMV other',Ottawa_west,0
Weekday,Night,Road,'01 - Clear','07 - Dark','02 - Wet','10 - No control',0.999995,'P.D. only','P.D. only','06 - SMV unattended vehicle',downtown,0
Weekday,Noon,Road,'01 - Clear','01 - Daylight','01 - Dry','10 - No control',0.809518,'P.D. only','P.D. only','07 - SMV other',Ottawa_west,0
Weekday,Afternoon,Road,'01 - Clear','01 - Daylight','01 - Dry','10 - No control',0.666659,'P.D. only','P.D. only','03 - Rear end',mid_town,0
Weekday,Early_Morning,highway,'01 - Clear','07 - Dark','01 - Dry','10 - No control',0.599997,'P.D. only','P.D. only','07 - SMV other',Ottawa_south,0
Weekday,Night,Road,'01 - Clear','01 - Daylight','05 - Packed snow','10 - No control',0.799994,'P.D. only','P.D. only','07 - SMV other',mid_town,0
Weekends,Evening,Road,'01 - Clear','01 - Daylight','01 - Dry','03 - Yield sign',0.481479,'P.D. only','P.D. only','03 - Rear end',Ottawa_east,0
Weekday,Mid_Night,Road,'01 - Clear','07 - Dark','01 - Dry','01 - Traffic signal',0.999976,'P.D. only','P.D. only','07 - SMV other',mid_town,0
Weekday,Afternoon,Road,'01 - Clear','01 - Daylight','01 - Dry','10 - No control',0.454542,'P.D. only','P.D. only','03 - Rear end',downtown,0
Weekends,Mid_Night,Road,'01 - Clear','07 - Dark','01 - Dry','10 - No control',0.999971,'P.D. only','P.D. only','06 - SMV unattended vehicle',Ottawa_south,0
Weekday,Early_Morning,Road,'01 - Clear','07 - Dark','01 - Dry','01 - Traffic signal',0.709089,'P.D. only','P.D. only','03 - Rear end',mid_town,0
Weekday,Noon,Road,'01 - Clear','01 - Daylight','01 - Dry','01 - Traffic signal',0.225805,'P.D. only','P.D. only','05 - Turning movement',downtown,0
Weekday,Night,Road,'01 - Clear','01 - Daylight','02 - Wet','10 - No control',0.599982,'P.D. only','P.D. only','04 - Sideswipe',mid_town,0
Weekday,Night,Road,'01 - Clear','07 - Dark','01 - Dry','01 - Traffic signal',0.333317,'P.D. only','P.D. only','05 - Turning movement',Ottawa_west,0
Weekday,Night,Road,'01 - Clear','01 - Daylight','01 - Dry','01 - Traffic signal',0.655172,'P.D. only','P.D. only','03 - Rear end',downtown,0
Weekday,Evening,highway,'01 - Clear','01 - Daylight','01 - Dry','10 - No control',0.999993,'P.D. only','P.D. only','04 - Sideswipe',downtown,0
Weekends,Mid_Night,Road,'03 - Snow','07 - Dark','05 - Packed snow','10 - No control',0.874996,'P.D. only','P.D. only','06 - SMV unattended vehicle',Ottawa_east,0
Weekday,Afternoon,Road,'02 - Rain','01 - Daylight','02 - Wet','01 - Traffic signal',0.799996,'P.D. only','P.D. only','03 - Rear end',Ottawa_east,0
Weekday,Afternoon,Road,'01 - Clear','01 - Daylight','01 - Dry','01 - Traffic signal',0.636355,'P.D. only','P.D. only','02 - Angle',downtown,0
Weekday,Mid_Night,Road,'01 - Clear','07 - Dark','01 - Dry','10 - No control',0.999994,'P.D. only','P.D. only','06 - SMV unattended vehicle',downtown,0
Weekday,Afternoon,Road,'01 - Clear','01 - Daylight','06 - Ice','10 - No control',0.599996,'P.D. only','P.D. only','07 - SMV other',downtown,0
Weekday,Mid_Night,highway,'01 - Clear','07 - Dark','01 - Dry','10 - No control',0.333328,'P.D. only','P.D. only','04 - Sideswipe',mid_town,0
Weekends,Night,Road,'01 - Clear','01 - Daylight','01 - Dry','10 - No control',0.499991,'P.D. only','P.D. only','03 - Rear end',mid_town,0
Weekday,Evening,Road,'02 - Rain','01 - Daylight','02 - Wet','10 - No control',0.411761,'P.D. only','P.D. only','07 - SMV other',Ottawa_south,0
Weekday,Evening,Road,'01 - Clear','01 - Daylight','03 - Loose snow','10 - No control',0.999988,'P.D. only','P.D. only','02 - Angle',Ottawa_west,0
Weekday,Afternoon,Road,'03 - Snow','01 - Daylight','04 - Slush','10 - No control',0.999982,'P.D. only','P.D. only','06 - SMV unattended vehicle',downtown,0
Weekday,Mid_Night,highway,'01 - Clear','07 - Dark','01 - Dry','10 - No control',0.333317,'P.D. only','P.D. only','03 - Rear end',Ottawa_west,0
Weekday,Noon,Road,'01 - Clear','01 - Daylight','01 - Dry','10 - No control',0.999963,'P.D. only','P.D. only','04 - Sideswipe',Ottawa_south,0
Weekday,Mid_Night,Road,'01 - Clear','07 - Dark','01 - Dry','03 - Yield sign',0.999988,'P.D. only','P.D. only','04 - Sideswipe',Ottawa_east,0
Weekday,Mid_Night,Road,'03 - Snow','07 - Dark','03 - Loose snow','01 - Traffic signal',0.333329,'P.D. only','P.D. only','04 - Sideswipe',mid_town,0
Weekends,Afternoon,Road,'01 - Clear','01 - Daylight','01 - Dry','01 - Traffic signal',0.508195,'P.D. only','P.D. only','03 - Rear end',Ottawa_south,0
Weekday,Night,Road,'01 - Clear','01 - Daylight','01 - Dry','01 - Traffic signal',0.603448,'P.D. only','P.D. only','03 - Rear end',mid_town,0
Weekends,Night,highway,'01 - Clear','01 - Daylight','00 - Unknown','10 - No control',0.813332,'P.D. only','P.D. only','04 - Sideswipe',downtown,0
Weekends,Night,Road,'01 - Clear','01 - Daylight','01 - Dry','10 - No control',0.884056,'P.D. only','P.D. only','06 - SMV unattended vehicle',Ottawa_west,0
Weekday,Evening,Road,'01 - Clear','01 - Daylight','02 - Wet','10 - No control',0.999995,'P.D. only','P.D. only','04 - Sideswipe',Ottawa_west,0
Weekday,Night,Road,'02 - Rain','01 - Daylight','02 - Wet','10 - No control',0.764699,'P.D. only','P.D. only','06 - SMV unattended vehicle',Ottawa_south,0
Weekday,Mid_Night,Road,'02 - Rain','07 - Dark','03 - Loose snow','10 - No control',0.499982,'P.D. only','P.D. only','01 - Approaching',mid_town,0
Weekday,Night,Road,'01 - Clear','01 - Daylight','01 - Dry','02 - Stop sign',0.285713,'P.D. only','P.D. only','02 - Angle',downtown,0
Weekends,Night,Road,'02 - Rain','01 - Daylight','02 - Wet','01 - Traffic signal',0.636355,'P.D. only','P.D. only','02 - Angle',Ottawa_west,0
Weekday,Night,Road,'01 - Clear','01 - Daylight','01 - Dry','01 - Traffic signal',0.603448,'P.D. only','P.D. only','03 - Rear end',mid_town,0
Weekday,Evening,highway,'01 - Clear','01 - Daylight','01 - Dry','10 - No control',0.999987,'P.D. only','P.D. only','03 - Rear end',mid_town,0
Weekday,Afternoon,Road,'01 - Clear','01 - Daylight','01 - Dry','10 - No control',0.64179,'P.D. only','P.D. only','02 - Angle',Ottawa_south,0
Weekday,Night,Road,'01 - Clear','07 - Dark','01 - Dry','01 - Traffic signal',0.333317,'P.D. only','P.D. only','04 - Sideswipe',mid_town,0
Weekday,Noon,Road,'03 - Snow','01 - Daylight','03 - Loose snow','01 - Traffic signal',0.702125,'P.D. only','P.D. only','03 - Rear end',downtown,0
Weekday,Night,Road,'01 - Clear','01 - Daylight','01 - Dry','01 - Traffic signal',0.999979,'P.D. only','P.D. only','99 - Other',downtown,0
Weekday,Evening,Road,'04 - Freezing Rain','01 - Daylight','04 - Slush','01 - Traffic signal',0.999982,'P.D. only','P.D. only','07 - SMV other',Ottawa_east,0
Weekday,Night,Road,'01 - Clear','05 - Dusk','01 - Dry','10 - No control',0.999971,'P.D. only','P.D. only','07 - SMV other',Ottawa_west,0
Weekday,Morning,Road,'01 - Clear','01 - Daylight','01 - Dry','10 - No control',0.42857,'P.D. only','P.D. only','07 - SMV other',Ottawa_east,0
Weekday,Afternoon,Road,'01 - Clear','01 - Daylight','01 - Dry','10 - No control',0.777765,'P.D. only','P.D. only','02 - Angle',mid_town,0
Weekday,Night,Road,'03 - Snow','07 - Dark','03 - Loose snow','01 - Traffic signal',0.999984,'P.D. only','P.D. only','02 - Angle',Ottawa_west,0
Weekends,Night,Road,'01 - Clear','07 - Dark','01 - Dry','10 - No control',0.860462,'P.D. only','P.D. only','07 - SMV other',Ottawa_west,0
Weekday,Evening,Road,'02 - Rain','01 - Daylight','02 - Wet','01 - Traffic signal',0.799994,'P.D. only','P.D. only','03 - Rear end',mid_town,0
Weekday,Night,Road,'01 - Clear','05 - Dusk','01 - Dry','10 - No control',0.999971,'P.D. only','P.D. only','04 - Sideswipe',downtown,0
Weekday,Night,Road,'01 - Clear','01 - Daylight','01 - Dry','01 - Traffic signal',0.565214,'P.D. only','P.D. only','03 - Rear end',Ottawa_south,0
Weekday,Night,Road,'01 - Clear','01 - Daylight','03 - Loose snow','10 - No control',0.866658,'P.D. only','P.D. only','02 - Angle',Ottawa_west,0
Weekday,Night,Road,'01 - Clear','07 - Dark','02 - Wet','01 - Traffic signal',0.428567,'P.D. only','P.D. only','99 - Other',downtown,0
Weekday,Evening,highway,'01 - Clear','01 - Daylight','01 - Dry','02 - Stop sign',0.473681,'P.D. only','P.D. only','05 - Turning movement',downtown,0
Weekday,Noon,Road,'03 - Snow','03 - Dawn','05 - Packed snow','01 - Traffic signal',0.999951,'P.D. only','P.D. only','03 - Rear end',downtown,0
Weekends,Evening,Road,'02 - Rain','01 - Daylight','02 - Wet','10 - No control',0.199997,'P.D. only','P.D. only','07 - SMV other',Ottawa_south,0
Weekday,Night,Road,'01 - Clear','01 - Daylight','01 - Dry','10 - No control',0.548385,'P.D. only','P.D. only','02 - Angle',mid_town,0
Weekday,Night,Road,'01 - Clear','01 - Daylight','02 - Wet','01 - Traffic signal',0.999982,'P.D. only','P.D. only','03 - Rear end',mid_town,0
Weekday,Night,Road,'03 - Snow','01 - Daylight','03 - Loose snow','01 - Traffic signal',0.999982,'P.D. only','P.D. only','03 - Rear end',downtown,0
Weekends,Mid_Night,Road,'03 - Snow','07 - Dark','03 - Loose snow','01 - Traffic signal',0.999988,'P.D. only','P.D. only','02 - Angle',downtown,0
Weekday,Afternoon,Road,'01 - Clear','01 - Daylight','01 - Dry','10 - No control',0.999985,'P.D. only','P.D. only','02 - Angle',downtown,0
Weekday,Mid_Night,Road,'01 - Clear','07 - Dark','01 - Dry','01 - Traffic signal',0.299998,'P.D. only','P.D. only','05 - Turning movement',mid_town,0
Weekday,Evening,Road,'01 - Clear','01 - Daylight','01 - Dry','02 - Stop sign',0.478258,'P.D. only','P.D. only','01 - Approaching',Ottawa_south,0
Weekends,Mid_Night,Road,'01 - Clear','07 - Dark','04 - Slush','01 - Traffic signal',0.999951,'P.D. only','P.D. only','07 - SMV other',mid_town,0
Weekends,Morning,Road,'01 - Clear','07 - Dark','02 - Wet','02 - Stop sign',0.818176,'P.D. only','P.D. only','07 - SMV other',downtown,0
Weekday,Morning,Road,'01 - Clear','07 - Dark','02 - Wet','10 - No control',0.749993,'P.D. only','P.D. only','07 - SMV other',Ottawa_south,0
Weekday,Night,Road,'01 - Clear','01 - Daylight','01 - Dry','10 - No control',0.124999,'P.D. only','P.D. only','07 - SMV other',Ottawa_south,0
Weekday,Night,Road,'01 - Clear','01 - Daylight','01 - Dry','10 - No control',0.333329,'P.D. only','P.D. only','07 - SMV other',Ottawa_east,0
Weekday,Evening,Road,'03 - Snow','01 - Daylight','05 - Packed snow','10 - No control',0.846144,'P.D. only','P.D. only','07 - SMV other',mid_town,0
Weekday,Afternoon,Road,'01 - Clear','01 - Daylight','01 - Dry','10 - No control',0.66665,'P.D. only','P.D. only','07 - SMV other',Ottawa_east,0
Weekday,Night,Road,'01 - Clear','05 - Dusk','01 - Dry','01 - Traffic signal',0.555547,'P.D. only','P.D. only','03 - Rear end',mid_town,0
Weekday,Noon,highway,'01 - Clear','01 - Daylight','01 - Dry','10 - No control',0.599982,'P.D. only','P.D. only','07 - SMV other',downtown,0
Weekday,Mid_Night,Road,'03 - Snow','07 - Dark','03 - Loose snow','01 - Traffic signal',0.777765,'P.D. only','P.D. only','05 - Turning movement',Ottawa_east,0
Weekends,Evening,highway,'01 - Clear','01 - Daylight','01 - Dry','10 - No control',0.294115,'P.D. only','P.D. only','03 - Rear end',downtown,0
Weekday,Noon,Road,'03 - Snow','01 - Daylight','03 - Loose snow','10 - No control',0.714271,'P.D. only','P.D. only','06 - SMV unattended vehicle',Ottawa_east,0
Weekday,Evening,Road,'01 - Clear','01 - Daylight','01 - Dry','01 - Traffic signal',0.565217,'P.D. only','P.D. only','03 - Rear end',mid_town,0
Weekday,Night,Road,'01 - Clear','01 - Daylight','01 - Dry','10 - No control',0.499999,'P.D. only','P.D. only','03 - Rear end',mid_town,0
Weekday,Noon,Road,'01 - Clear','01 - Daylight','05 - Packed snow','10 - No control',0.999995,'P.D. only','P.D. only','06 - SMV unattended vehicle',downtown,0
Weekday,Night,highway,'01 - Clear','05 - Dusk','06 - Ice','10 - No control',0.809518,'P.D. only','P.D. only','07 - SMV other',Ottawa_south,0
Weekends,Afternoon,Road,'01 - Clear','01 - Daylight','01 - Dry','02 - Stop sign',0.66665,'P.D. only','P.D. only','02 - Angle',downtown,0
Weekday,Evening,highway,'03 - Snow','01 - Daylight','03 - Loose snow','10 - No control',0.999963,'P.D. only','P.D. only','07 - SMV other',mid_town,0
Weekday,Evening,Road,'01 - Clear','01 - Daylight','01 - Dry','10 - No control',0.611109,'P.D. only','P.D. only','02 - Angle',downtown,0
Weekday,Night,Road,'01 - Clear','01 - Daylight','01 - Dry','01 - Traffic signal',0.519997,'P.D. only','P.D. only','03 - Rear end',Ottawa_east,0
Weekday,Noon,highway,'03 - Snow','03 - Dawn','06 - Ice','10 - No control',0.999951,'P.D. only','P.D. only','07 - SMV other',Ottawa_south,0
Weekends,Afternoon,Road,'01 - Clear','01 - Daylight','01 - Dry','10 - No control',0.929822,'P.D. only','P.D. only','06 - SMV unattended vehicle',mid_town,0
Weekday,Night,Road,'01 - Clear','05 - Dusk','01 - Dry','10 - No control',0.999971,'P.D. only','P.D. only','05 - Turning movement',mid_town,0
Weekends,Night,Road,'01 - Clear','01 - Daylight','01 - Dry','10 - No control',0.999984,'P.D. only','P.D. only','03 - Rear end',downtown,0
Weekday,Noon,Road,'03 - Snow','01 - Daylight','03 - Loose snow','10 - No control',0.714271,'P.D. only','P.D. only','06 - SMV unattended vehicle',Ottawa_east,0
Weekday,Evening,Road,'01 - Clear','01 - Daylight','01 - Dry','01 - Traffic signal',0.714271,'P.D. only','P.D. only','03 - Rear end',Ottawa_south,0
Weekends,Mid_Night,Road,'03 - Snow','07 - Dark','03 - Loose snow','10 - No control',0.999993,'P.D. only','P.D. only','06 - SMV unattended vehicle',downtown,0
Weekday,Night,Road,'01 - Clear','01 - Daylight','01 - Dry','02 - Stop sign',0.599994,'P.D. only','P.D. only','02 - Angle',mid_town,0
Weekday,Mid_Night,Road,'03 - Snow','07 - Dark','03 - Loose snow','10 - No control',0.999951,'P.D. only','P.D. only','06 - SMV unattended vehicle',mid_town,0
Weekday,Noon,Road,'01 - Clear','01 - Daylight','01 - Dry','01 - Traffic signal',0.874992,'P.D. only','P.D. only','03 - Rear end',Ottawa_east,0
Weekday,Night,Road,'01 - Clear','01 - Daylight','01 - Dry','01 - Traffic signal',0.565216,'P.D. only','P.D. only','05 - Turning movement',downtown,0
Weekday,Noon,Road,'01 - Clear','01 - Daylight','01 - Dry','10 - No control',0.679996,'P.D. only','P.D. only','03 - Rear end',downtown,0
Weekday,Night,Road,'01 - Clear','01 - Daylight','01 - Dry','03 - Yield sign',0.199994,'P.D. only','P.D. only','03 - Rear end',downtown,0
Weekday,Night,Road,'01 - Clear','01 - Daylight','01 - Dry','10 - No control',0.85714,'P.D. only','P.D. only','02 - Angle',downtown,0
Weekends,Noon,highway,'01 - Clear','07 - Dark','02 - Wet','10 - No control',0.999963,'P.D. only','P.D. only','07 - SMV other',Ottawa_south,0
Weekday,Mid_Night,Road,'01 - Clear','07 - Dark','01 - Dry','10 - No control',0.714271,'P.D. only','P.D. only','04 - Sideswipe',mid_town,0
Weekday,Night,highway,'03 - Snow','07 - Dark','03 - Loose snow','10 - No control',0.714271,'P.D. only','P.D. only','04 - Sideswipe',mid_town,0
Weekday,Afternoon,Road,'01 - Clear','01 - Daylight','01 - Dry','02 - Stop sign',0.599997,'P.D. only','P.D. only','05 - Turning movement',Ottawa_west,0
Weekday,Mid_Night,Road,'01 - Clear','07 - Dark','01 - Dry','10 - No control',0.555547,'P.D. only','P.D. only','06 - SMV unattended vehicle',Ottawa_east,0
Weekends,Mid_Night,highway,'01 - Clear','07 - Dark','01 - Dry','01 - Traffic signal',0.571423,'P.D. only','P.D. only','03 - Rear end',mid_town,0
Weekday,Evening,Road,'01 - Clear','01 - Daylight','01 - Dry','10 - No control',0.999997,'P.D. only','P.D. only','06 - SMV unattended vehicle',downtown,0
Weekends,Night,Road,'01 - Clear','01 - Daylight','01 - Dry','01 - Traffic signal',0.599996,'P.D. only','P.D. only','03 - Rear end',mid_town,0
Weekday,Night,highway,'03 - Snow','05 - Dusk','03 - Loose snow','02 - Stop sign',0.999979,'P.D. only','P.D. only','03 - Rear end',mid_town,0
Weekday,Noon,Road,'01 - Clear','01 - Daylight','01 - Dry','01 - Traffic signal',0.857134,'P.D. only','P.D. only','04 - Sideswipe',mid_town,0
Weekends,Mid_Night,Road,'01 - Clear','07 - Dark','01 - Dry','10 - No control',0.333317,'P.D. only','P.D. only','07 - SMV other',mid_town,0
Weekday,Night,Road,'01 - Clear','01 - Daylight','01 - Dry','02 - Stop sign',0.599982,'P.D. only','P.D. only','07 - SMV other',downtown,0
Weekday,Evening,Road,'01 - Clear','01 - Daylight','01 - Dry','03 - Yield sign',0.823526,'P.D. only','P.D. only','04 - Sideswipe',Ottawa_east,0
Weekday,Evening,Road,'02 - Rain','01 - Daylight','02 - Wet','01 - Traffic signal',-0.199994,Injury,'P.D. only','05 - Turning movement',mid_town,0
Weekday,Night,Road,'01 - Clear','05 - Dusk','01 - Dry','10 - No control',0.999971,'P.D. only','P.D. only','05 - Turning movement',mid_town,0
Weekday,Night,highway,'01 - Clear','07 - Dark','01 - Dry','10 - No control',0.624994,'P.D. only','P.D. only','03 - Rear end',downtown,0
Weekday,Evening,Road,'01 - Clear','01 - Daylight','01 - Dry','01 - Traffic signal',0.565217,'P.D. only','P.D. only','03 - Rear end',mid_town,0
Weekday,Evening,Road,'01 - Clear','01 - Daylight','01 - Dry','01 - Traffic signal',0.846151,'P.D. only','P.D. only','04 - Sideswipe',downtown,0
Weekday,Mid_Night,Road,'01 - Clear','07 - Dark','05 - Packed snow','10 - No control',0.724134,'P.D. only','P.D. only','07 - SMV other',downtown,0
Weekends,Mid_Night,Road,'01 - Clear','07 - Dark','05 - Packed snow','10 - No control',0.999995,'P.D. only','P.D. only','06 - SMV unattended vehicle',downtown,0
Weekday,Noon,Road,'01 - Clear','03 - Dawn','06 - Ice','01 - Traffic signal',0.777774,'P.D. only','P.D. only','03 - Rear end',mid_town,0
Weekday,Noon,Road,'01 - Clear','01 - Daylight','01 - Dry','10 - No control',0.999963,'P.D. only','P.D. only','04 - Sideswipe',Ottawa_east,0
Weekday,Mid_Night,Road,'01 - Clear','07 - Dark','01 - Dry','10 - No control',0.999994,'P.D. only','P.D. only','06 - SMV unattended vehicle',downtown,0
Weekends,Evening,Road,'01 - Clear','01 - Daylight','03 - Loose snow','10 - No control',0.799988,'P.D. only','P.D. only','05 - Turning movement',downtown,0
Weekday,Noon,highway,'01 - Clear','01 - Daylight','06 - Ice','10 - No control',-0.999951,Injury,'P.D. only','07 - SMV other',Ottawa_west,0
Weekday,Night,Road,'01 - Clear','01 - Daylight','01 - Dry','10 - No control',0.99999,'P.D. only','P.D. only','07 - SMV other',downtown,0
Weekday,Night,Road,'03 - Snow','01 - Daylight','05 - Packed snow','10 - No control',0.866658,'P.D. only','P.D. only','06 - SMV unattended vehicle',downtown,0
Weekday,Night,Road,'01 - Clear','01 - Daylight','01 - Dry','10 - No control',0.548385,'P.D. only','P.D. only','02 - Angle',mid_town,0
Weekday,Mid_Night,Road,'01 - Clear','07 - Dark','01 - Dry','01 - Traffic signal',0.083333,'P.D. only','P.D. only','05 - Turning movement',downtown,0
Weekday,Noon,Road,'01 - Clear','01 - Daylight','01 - Dry','01 - Traffic signal',0.749986,'P.D. only','P.D. only','07 - SMV other',downtown,0
Weekday,Evening,highway,'01 - Clear','01 - Daylight','01 - Dry','10 - No control',0.499998,'P.D. only','P.D. only','03 - Rear end',downtown,0
Weekday,Night,Road,'01 - Clear','01 - Daylight','02 - Wet','01 - Traffic signal',0.463413,'P.D. only','P.D. only','05 - Turning movement',Ottawa_west,0
Weekday,Noon,Road,'01 - Clear','01 - Daylight','01 - Dry','10 - No control',0.809518,'P.D. only','P.D. only','07 - SMV other',Ottawa_west,0
Weekday,Afternoon,Road,'03 - Snow','01 - Daylight','03 - Loose snow','10 - No control',0.806448,'P.D. only','P.D. only','07 - SMV other',mid_town,0
Weekday,Night,Road,'01 - Clear','01 - Daylight','01 - Dry','10 - No control',0.935479,'P.D. only','P.D. only','04 - Sideswipe',mid_town,0