DATE,TIME,Road_type,ENVIRONMENT,LIGHT,SURFACE_CONDITION,TRAFFIC_CONTROL,'prediction margin','predicted COLLISION_CLASSIFICATION',COLLISION_CLASSIFICATION,IMPACT_TYPE,Location,NO_OF_PEDESTRIANS
Weekday,Night,Road,'01 - Clear','07 - Dark','01 - Dry','10 - No control',0.730336,'P.D. only','P.D. only','07 - SMV other',Ottawa_east,0
Weekday,Night,Road,'01 - Clear','01 - Daylight','01 - Dry','10 - No control',0.763156,'P.D. only','P.D. only','04 - Sideswipe',downtown,0
Weekends,Evening,Road,'01 - Clear','01 - Daylight','01 - Dry','01 - Traffic signal',0.333328,'P.D. only','P.D. only','03 - Rear end',Ottawa_east,0
Weekday,Evening,Road,'01 - Clear','01 - Daylight','01 - Dry','10 - No control',0.823528,'P.D. only','P.D. only','04 - Sideswipe',downtown,0
Weekday,Night,Road,'01 - Clear','01 - Daylight','01 - Dry','10 - No control',0.999979,'P.D. only','P.D. only','05 - Turning movement',Ottawa_west,0
Weekends,Afternoon,Road,'01 - Clear','01 - Daylight','01 - Dry','10 - No control',0.454543,'P.D. only','P.D. only','07 - SMV other',Ottawa_south,0
Weekday,Night,Road,'03 - Snow','01 - Daylight','06 - Ice','10 - No control',0.999982,'P.D. only','P.D. only','03 - Rear end',mid_town,0
Weekends,Afternoon,Road,'03 - Snow','01 - Daylight','06 - Ice','10 - No control',0.806448,'P.D. only','P.D. only','04 - Sideswipe',downtown,0
Weekday,Night,Road,'01 - Clear','07 - Dark','01 - Dry','10 - No control',0.999971,'P.D. only','P.D. only','05 - Turning movement',downtown,0
Weekday,Afternoon,Road,'01 - Clear','01 - Daylight','01 - Dry','10 - No control',0.666659,'P.D. only','P.D. only','03 - Rear end',mid_town,0
Weekday,Noon,Road,'03 - Snow','01 - Daylight','03 - Loose snow','10 - No control',0.499982,'P.D. only','P.D. only','07 - SMV other',mid_town,0
Weekday,Mid_Night,Road,'01 - Clear','07 - Dark','01 - Dry','01 - Traffic signal',0.083333,'P.D. only','P.D. only','05 - Turning movement',downtown,0
Weekday,Noon,Road,'01 - Clear','01 - Daylight','06 - Ice','01 - Traffic signal',0.999979,'P.D. only','P.D. only','03 - Rear end',mid_town,0
Weekday,Evening,Road,'01 - Clear','01 - Daylight','01 - Dry','10 - No control',0.999951,'P.D. only','P.D. only','06 - SMV unattended vehicle',Ottawa_east,0
Weekends,Afternoon,highway,'01 - Clear','01 - Daylight','06 - Ice','10 - No control',0.745453,'P.D. only','P.D. only','04 - Sideswipe',downtown,0
Weekday,Afternoon,Road,'01 - Clear','01 - Daylight','02 - Wet','01 - Traffic signal',0.777775,'P.D. only','P.D. only','04 - Sideswipe',mid_town,0
Weekends,Evening,Road,'03 - Snow','01 - Daylight','05 - Packed snow','10 - No control',0.999963,'P.D. only','P.D. only','03 - Rear end',Ottawa_east,0
Weekends,Mid_Night,Road,'01 - Clear','01 - Daylight','01 - Dry','10 - No control',0.999951,'P.D. only','P.D. only','06 - SMV unattended vehicle',Ottawa_south,0
Weekends,Mid_Night,Road,'01 - Clear','05 - Dusk','01 - Dry','10 - No control',0.933329,'P.D. only','P.D. only','06 - SMV unattended vehicle',downtown,0
Weekends,Evening,highway,'03 - Snow','01 - Daylight','05 - Packed snow','10 - No control',0.799988,'P.D. only','P.D. only','04 - Sideswipe',Ottawa_west,0
Weekday,Afternoon,Road,'01 - Clear','01 - Daylight','01 - Dry','01 - Traffic signal',0.636355,'P.D. only','P.D. only','02 - Angle',downtown,0
Weekday,Mid_Night,Road,'01 - Clear','07 - Dark','01 - Dry','10 - No control',0.679996,'P.D. only','P.D. only','03 - Rear end',downtown,0
Weekday,Evening,Road,'01 - Clear','01 - Daylight','01 - Dry','01 - Traffic signal',0.532467,'P.D. only','P.D. only','05 - Turning movement',downtown,0
Weekends,Mid_Night,Road,'01 - Clear','07 - Dark','06 - Ice','11 - Roundabout',0.599982,'P.D. only','P.D. only','02 - Angle',Ottawa_west,0
Weekends,Evening,Road,'01 - Clear','01 - Daylight','01 - Dry','10 - No control',0.684205,'P.D. only','P.D. only','03 - Rear end',downtown,0
Weekday,Night,Road,'02 - Rain','01 - Daylight','02 - Wet','02 - Stop sign',0.333328,'P.D. only','P.D. only','02 - Angle',downtown,0
Weekday,Night,Road,'03 - Snow','07 - Dark','03 - Loose snow','01 - Traffic signal',0.999976,'P.D. only','P.D. only','07 - SMV other',Ottawa_east,0
Weekday,Evening,Road,'01 - Clear','01 - Daylight','01 - Dry','10 - No control',0.636355,'P.D. only','P.D. only','07 - SMV other',Ottawa_south,0
Weekday,Evening,Road,'01 - Clear','01 - Daylight','01 - Dry','10 - No control',0.823528,'P.D. only','P.D. only','04 - Sideswipe',downtown,0
Weekday,Noon,Road,'01 - Clear','01 - Daylight','01 - Dry','10 - No control',0.142854,'P.D. only','P.D. only','05 - Turning movement',mid_town,0
Weekday,Afternoon,Road,'03 - Snow','01 - Daylight','06 - Ice','02 - Stop sign',0.333317,'P.D. only','P.D. only','04 - Sideswipe',downtown,0
Weekday,Afternoon,Road,'01 - Clear','01 - Daylight','01 - Dry','10 - No control',0.724137,'P.D. only','P.D. only','04 - Sideswipe',Ottawa_east,0
Weekday,Evening,highway,'01 - Clear','01 - Daylight','01 - Dry','10 - No control',0.384611,'P.D. only','P.D. only','07 - SMV other',downtown,0
Weekday,Night,highway,'01 - Clear','01 - Daylight','01 - Dry','10 - No control',0.629628,'P.D. only','P.D. only','03 - Rear end',downtown,0
Weekday,Noon,Road,'01 - Clear','01 - Daylight','01 - Dry','10 - No control',0.529411,'P.D. only','P.D. only','05 - Turning movement',Ottawa_west,0
Weekday,Noon,Road,'01 - Clear','01 - Daylight','01 - Dry','01 - Traffic signal',0.999951,'P.D. only','P.D. only','04 - Sideswipe',Ottawa_south,0
Weekday,Noon,Road,'01 - Clear','01 - Daylight','02 - Wet','01 - Traffic signal',0.777765,'P.D. only','P.D. only','03 - Rear end',downtown,0
Weekday,Noon,Road,'01 - Clear','01 - Daylight','02 - Wet','01 - Traffic signal',0.499982,'P.D. only','P.D. only','03 - Rear end',Ottawa_west,0
Weekday,Mid_Night,Road,'01 - Clear','07 - Dark','01 - Dry','10 - No control',0.555547,'P.D. only','P.D. only','06 - SMV unattended vehicle',Ottawa_east,0
Weekday,Evening,Road,'01 - Clear','01 - Daylight','01 - Dry','01 - Traffic signal',0.575755,'P.D. only','P.D. only','03 - Rear end',Ottawa_west,0
Weekends,Evening,highway,'01 - Clear','01 - Daylight','01 - Dry','10 - No control',0.279998,'P.D. only','P.D. only','07 - SMV other',Ottawa_south,0
Weekday,Noon,Road,'01 - Clear','01 - Daylight','02 - Wet','10 - No control',0.999963,'P.D. only','P.D. only','03 - Rear end',mid_town,0
Weekday,Night,highway,'01 - Clear','01 - Daylight','01 - Dry','10 - No control',0.629628,'P.D. only','P.D. only','03 - Rear end',downtown,0
Weekday,Noon,Road,'01 - Clear','01 - Daylight','01 - Dry','10 - No control',0.679996,'P.D. only','P.D. only','03 - Rear end',downtown,0
Weekends,Night,highway,'01 - Clear','01 - Daylight','01 - Dry','01 - Traffic signal',0.799994,'P.D. only','P.D. only','04 - Sideswipe',downtown,0
Weekday,Night,Road,'01 - Clear','01 - Daylight','01 - Dry','10 - No control',0.999971,'P.D. only','P.D. only','04 - Sideswipe',Ottawa_west,0
Weekday,Night,Road,'01 - Clear','01 - Daylight','01 - Dry','01 - Traffic signal',0.787232,'P.D. only','P.D. only','04 - Sideswipe',downtown,0
Weekday,Night,highway,'01 - Clear','01 - Daylight','01 - Dry','10 - No control',0.933329,'P.D. only','P.D. only','04 - Sideswipe',downtown,0
Weekday,Afternoon,Road,'01 - Clear','01 - Daylight','01 - Dry','10 - No control',0.999976,'P.D. only','P.D. only','03 - Rear end',Ottawa_west,0
Weekends,Mid_Night,Road,'01 - Clear','07 - Dark','01 - Dry','10 - No control',0.333317,'P.D. only','P.D. only','07 - SMV other',mid_town,0
Weekday,Noon,Road,'01 - Clear','01 - Daylight','01 - Dry','02 - Stop sign',0.166665,'P.D. only','P.D. only','02 - Angle',mid_town,0
Weekday,Night,Road,'05 - Drifting Snow','01 - Daylight','03 - Loose snow','01 - Traffic signal',0.999982,'P.D. only','P.D. only','03 - Rear end',downtown,0
Weekday,Night,Road,'02 - Rain','01 - Daylight','02 - Wet','01 - Traffic signal',0.66665,'P.D. only','P.D. only','05 - Turning movement',downtown,0
Weekday,Noon,highway,'01 - Clear','03 - Dawn','06 - Ice','10 - No control',0.66665,'P.D. only','P.D. only','04 - Sideswipe',downtown,0
Weekday,Noon,Road,'01 - Clear','01 - Daylight','01 - Dry','10 - No control',0.809518,'P.D. only','P.D. only','07 - SMV other',Ottawa_west,0
Weekday,Night,Road,'01 - Clear','01 - Daylight','01 - Dry','01 - Traffic signal',0.655172,'P.D. only','P.D. only','03 - Rear end',downtown,0
Weekday,Evening,Road,'01 - Clear','01 - Daylight','02 - Wet','10 - No control',0.741932,'P.D. only','P.D. only','02 - Angle',Ottawa_south,0
Weekday,Night,Road,'01 - Clear','01 - Daylight','01 - Dry','10 - No control',0.763156,'P.D. only','P.D. only','04 - Sideswipe',downtown,0
Weekday,Noon,Road,'01 - Clear','01 - Daylight','01 - Dry','01 - Traffic signal',0.789468,'P.D. only','P.D. only','02 - Angle',downtown,0
Weekday,Night,Road,'04 - Freezing Rain','01 - Daylight','06 - Ice','02 - Stop sign',0.599996,'P.D. only','P.D. only','02 - Angle',mid_town,0
Weekday,Evening,Road,'01 - Clear','01 - Daylight','01 - Dry','02 - Stop sign',0.599999,'P.D. only','P.D. only','03 - Rear end',Ottawa_east,0
Weekends,Early_Morning,Road,'01 - Clear','07 - Dark','01 - Dry','10 - No control',0.666659,'P.D. only','P.D. only','03 - Rear end',mid_town,0
Weekday,Night,Road,'01 - Clear','01 - Daylight','01 - Dry','10 - No control',0.499999,'P.D. only','P.D. only','03 - Rear end',mid_town,0
Weekday,Evening,Road,'01 - Clear','01 - Daylight','01 - Dry','10 - No control',0.999951,'P.D. only','P.D. only','06 - SMV unattended vehicle',Ottawa_east,0
Weekday,Evening,Road,'01 - Clear','01 - Daylight','01 - Dry','01 - Traffic signal',0.644067,'P.D. only','P.D. only','03 - Rear end',downtown,0
Weekday,Night,highway,'01 - Clear','07 - Dark','01 - Dry','10 - No control',0.624994,'P.D. only','P.D. only','03 - Rear end',downtown,0
Weekends,Evening,Road,'01 - Clear','01 - Daylight','01 - Dry','01 - Traffic signal',0.51515,'P.D. only','P.D. only','05 - Turning movement',Ottawa_south,0
Weekday,Night,Road,'01 - Clear','01 - Daylight','01 - Dry','01 - Traffic signal',0.565216,'P.D. only','P.D. only','05 - Turning movement',downtown,0
Weekday,Night,Road,'01 - Clear','01 - Daylight','06 - Ice','01 - Traffic signal',0.599997,'P.D. only','P.D. only','03 - Rear end',Ottawa_south,0
Weekday,Night,Road,'01 - Clear','01 - Daylight','01 - Dry','10 - No control',0.93939,'P.D. only','P.D. only','06 - SMV unattended vehicle',downtown,0
Weekday,Evening,Road,'03 - Snow','01 - Daylight','05 - Packed snow','10 - No control',0.999993,'P.D. only','P.D. only','06 - SMV unattended vehicle',downtown,0
Weekday,Noon,highway,'01 - Clear','03 - Dawn','06 - Ice','10 - No control',0.999982,'P.D. only','P.D. only','03 - Rear end',mid_town,0
Weekends,Mid_Night,Road,'02 - Rain','07 - Dark','02 - Wet','01 - Traffic signal',0.999963,'P.D. only','P.D. only','03 - Rear end',downtown,0
Weekday,Evening,Road,'01 - Clear','01 - Daylight','01 - Dry','01 - Traffic signal',0.799996,'P.D. only','P.D. only','04 - Sideswipe',mid_town,0
Weekday,Evening,Road,'04 - Freezing Rain','01 - Daylight','06 - Ice','01 - Traffic signal',0.666665,'P.D. only','P.D. only','03 - Rear end',Ottawa_west,0
Weekday,Evening,Road,'01 - Clear','01 - Daylight','02 - Wet','10 - No control',0.799996,'P.D. only','P.D. only','07 - SMV other',Ottawa_west,0
Weekday,Evening,Road,'01 - Clear','01 - Daylight','02 - Wet','01 - Traffic signal',0.58333,'P.D. only','P.D. only','03 - Rear end',downtown,0
Weekends,Night,Road,'02 - Rain','01 - Daylight','02 - Wet','01 - Traffic signal',0.999963,'P.D. only','P.D. only','03 - Rear end',downtown,0
Weekday,Evening,Road,'03 - Snow','01 - Daylight','03 - Loose snow','01 - Traffic signal',0.888882,'P.D. only','P.D. only','02 - Angle',Ottawa_east,0
Weekday,Mid_Night,Road,'02 - Rain','07 - Dark','06 - Ice','10 - No control',0.999963,'P.D. only','P.D. only','07 - SMV other',mid_town,0
Weekday,Night,Road,'01 - Clear','01 - Daylight','02 - Wet','01 - Traffic signal',0.999982,'P.D. only','P.D. only','03 - Rear end',mid_town,0
Weekday,Night,highway,'01 - Clear','07 - Dark','01 - Dry','10 - No control',0.272724,'P.D. only','P.D. only','03 - Rear end',mid_town,0
Weekday,Night,Road,'01 - Clear','01 - Daylight','01 - Dry','01 - Traffic signal',0.677416,'P.D. only','P.D. only','02 - Angle',downtown,0
Weekday,Mid_Night,Road,'02 - Rain','07 - Dark','02 - Wet','01 - Traffic signal',0.66665,'P.D. only','P.D. only','02 - Angle',downtown,0
Weekday,Evening,Road,'01 - Clear','01 - Daylight','01 - Dry','01 - Traffic signal',0.532467,'P.D. only','P.D. only','05 - Turning movement',downtown,0
Weekends,Mid_Night,Road,'01 - Clear','07 - Dark','02 - Wet','01 - Traffic signal',0.799988,'P.D. only','P.D. only','04 - Sideswipe',downtown,0
Weekday,Evening,Road,'01 - Clear','01 - Daylight','02 - Wet','01 - Traffic signal',0.555547,'P.D. only','P.D. only','07 - SMV other',Ottawa_east,0
Weekday,Evening,Road,'02 - Rain','01 - Daylight','02 - Wet','01 - Traffic signal',0.499996,'P.D. only','P.D. only','03 - Rear end',downtown,0
Weekday,Night,Road,'01 - Clear','01 - Daylight','01 - Dry','10 - No control',0.763156,'P.D. only','P.D. only','04 - Sideswipe',downtown,0
Weekday,Night,Road,'01 - Clear','05 - Dusk','01 - Dry','02 - Stop sign',0.866658,'P.D. only','P.D. only','04 - Sideswipe',mid_town,0
Weekday,Mid_Night,Road,'01 - Clear','05 - Dusk','01 - Dry','10 - No control',0.333317,'P.D. only','P.D. only','07 - SMV other',Ottawa_east,0
Weekday,Afternoon,Road,'01 - Clear','01 - Daylight','01 - Dry','01 - Traffic signal',0.547168,'P.D. only','P.D. only','03 - Rear end',downtown,0
Weekday,Night,Road,'02 - Rain','01 - Daylight','02 - Wet','10 - No control',0.714271,'P.D. only','P.D. only','03 - Rear end',Ottawa_west,0
Weekday,Noon,highway,'01 - Clear','01 - Daylight','01 - Dry','10 - No control',0.999984,'P.D. only','P.D. only','04 - Sideswipe',downtown,0
Weekends,Night,Road,'01 - Clear','01 - Daylight','01 - Dry','10 - No control',0.999991,'P.D. only','P.D. only','06 - SMV unattended vehicle',downtown,0
Weekday,Mid_Night,Road,'04 - Freezing Rain','07 - Dark','06 - Ice','10 - No control',0.333317,'P.D. only','P.D. only','06 - SMV unattended vehicle',downtown,0
Weekday,Night,highway,'01 - Clear','01 - Daylight','02 - Wet','10 - No control',0.999951,'P.D. only','P.D. only','03 - Rear end',downtown,0
Weekday,Mid_Night,Road,'01 - Clear','07 - Dark','03 - Loose snow','02 - Stop sign',0.142854,'P.D. only','P.D. only','05 - Turning movement',downtown,0
Weekends,Night,Road,'02 - Rain','05 - Dusk','02 - Wet','10 - No control',0.199994,'P.D. only','P.D. only','07 - SMV other',Ottawa_west,0
Weekday,Evening,Road,'01 - Clear','01 - Daylight','02 - Wet','10 - No control',0.999976,'P.D. only','P.D. only','03 - Rear end',mid_town,0
Weekday,Mid_Night,Road,'02 - Rain','05 - Dusk','02 - Wet','10 - No control',0.999976,'P.D. only','P.D. only','06 - SMV unattended vehicle',downtown,0
Weekday,Night,Road,'01 - Clear','01 - Daylight','01 - Dry','10 - No control',0.558139,'P.D. only','P.D. only','03 - Rear end',downtown,0
Weekday,Mid_Night,highway,'01 - Clear','07 - Dark','01 - Dry','10 - No control',0.473681,'P.D. only','P.D. only','03 - Rear end',downtown,0
Weekends,Night,Road,'01 - Clear','05 - Dusk','01 - Dry','01 - Traffic signal',0.658534,'P.D. only','P.D. only','03 - Rear end',downtown,0
Weekday,Mid_Night,Road,'01 - Clear','07 - Dark','01 - Dry','10 - No control',0.499994,'P.D. only','P.D. only','04 - Sideswipe',downtown,0
Weekends,Evening,Road,'03 - Snow','01 - Daylight','04 - Slush','01 - Traffic signal',0.499982,'P.D. only','P.D. only','03 - Rear end',downtown,0
Weekday,Night,Road,'01 - Clear','01 - Daylight','01 - Dry','01 - Traffic signal',0.603448,'P.D. only','P.D. only','03 - Rear end',mid_town,0
Weekday,Night,Road,'01 - Clear','01 - Daylight','01 - Dry','10 - No control',0.935479,'P.D. only','P.D. only','04 - Sideswipe',mid_town,0
Weekday,Night,Road,'01 - Clear','01 - Daylight','01 - Dry','10 - No control',0.935479,'P.D. only','P.D. only','04 - Sideswipe',mid_town,0
Weekends,Afternoon,Road,'01 - Clear','01 - Daylight','04 - Slush','10 - No control',0.666664,'P.D. only','P.D. only','05 - Turning movement',Ottawa_east,0
Weekday,Evening,Road,'01 - Clear','01 - Daylight','01 - Dry','01 - Traffic signal',0.599991,'P.D. only','P.D. only','05 - Turning movement',Ottawa_west,0
Weekday,Evening,Road,'01 - Clear','01 - Daylight','01 - Dry','01 - Traffic signal',0.565217,'P.D. only','P.D. only','03 - Rear end',mid_town,0
Weekends,Evening,Road,'01 - Clear','01 - Daylight','01 - Dry','01 - Traffic signal',0.567565,'P.D. only','P.D. only','03 - Rear end',mid_town,0
Weekday,Noon,Road,'01 - Clear','01 - Daylight','06 - Ice','10 - No control',0.249995,'P.D. only','P.D. only','03 - Rear end',downtown,0
Weekday,Night,Road,'01 - Clear','01 - Daylight','01 - Dry','10 - No control',0.666663,'P.D. only','P.D. only','03 - Rear end',Ottawa_east,0
Weekday,Evening,Road,'02 - Rain','01 - Daylight','02 - Wet','10 - No control',0.757572,'P.D. only','P.D. only','02 - Angle',mid_town,0
Weekday,Noon,highway,'03 - Snow','01 - Daylight','05 - Packed snow','10 - No control',0.769229,'P.D. only','P.D. only','03 - Rear end',downtown,0
Weekday,Afternoon,Road,'01 - Clear','01 - Daylight','01 - Dry','01 - Traffic signal',0.499982,'P.D. only','P.D. only','99 - Other',downtown,0
Weekday,Evening,Road,'03 - Snow','01 - Daylight','05 - Packed snow','02 - Stop sign',0.928567,'P.D. only','P.D. only','03 - Rear end',Ottawa_east,0
Weekday,Evening,Road,'01 - Clear','01 - Daylight','02 - Wet','01 - Traffic signal',0.374998,'P.D. only','P.D. only','02 - Angle',Ottawa_east,0
Weekends,Mid_Night,Road,'01 - Clear','07 - Dark','01 - Dry','02 - Stop sign',0.230767,'P.D. only','P.D. only','07 - SMV other',mid_town,0
Weekends,Mid_Night,Road,'01 - Clear','07 - Dark','01 - Dry','10 - No control',0.99999,'P.D. only','P.D. only','07 - SMV other',Ottawa_west,0
Weekday,Afternoon,Road,'01 - Clear','01 - Daylight','01 - Dry','10 - No control',0.777765,'P.D. only','P.D. only','02 - Angle',mid_town,0
Weekday,Evening,Road,'01 - Clear','01 - Daylight','01 - Dry','01 - Traffic signal',0.846151,'P.D. only','P.D. only','04 - Sideswipe',downtown,0
Weekday,Night,Road,'01 - Clear','05 - Dusk','04 - Slush','10 - No control',0.853655,'P.D. only','P.D. only','06 - SMV unattended vehicle',Ottawa_south,0
Weekday,Night,Road,'01 - Clear','01 - Daylight','01 - Dry','01 - Traffic signal',0.655172,'P.D. only','P.D. only','03 - Rear end',downtown,0
Weekday,Mid_Night,Road,'03 - Snow','07 - Dark','03 - Loose snow','01 - Traffic signal',0.692304,'P.D. only','P.D. only','05 - Turning movement',downtown,0
Weekday,Night,Road,'03 - Snow','05 - Dusk','03 - Loose snow','10 - No control',0.499991,'P.D. only','P.D. only','01 - Approaching',mid_town,0
Weekday,Afternoon,Road,'01 - Clear','01 - Daylight','01 - Dry','10 - No control',0.999971,'P.D. only','P.D. only','06 - SMV unattended vehicle',Ottawa_south,0
Weekends,Evening,highway,'03 - Snow','01 - Daylight','05 - Packed snow','10 - No control',0.99999,'P.D. only','P.D. only','07 - SMV other',mid_town,0
Weekends,Mid_Night,highway,'01 - Clear','07 - Dark','01 - Dry','10 - No control',-0.333317,Injury,'P.D. only','07 - SMV other',Ottawa_east,0
Weekday,Afternoon,Road,'01 - Clear','01 - Daylight','01 - Dry','10 - No control',0.454542,'P.D. only','P.D. only','03 - Rear end',downtown,0
Weekday,Night,Road,'01 - Clear','01 - Daylight','01 - Dry','01 - Traffic signal',0.882349,'P.D. only','P.D. only','04 - Sideswipe',mid_town,0
Weekday,Night,Road,'02 - Rain','01 - Daylight','02 - Wet','01 - Traffic signal',-0.333317,Injury,'P.D. only','05 - Turning movement',Ottawa_west,0
Weekday,Afternoon,Road,'03 - Snow','01 - Daylight','03 - Loose snow','10 - No control',0.999995,'P.D. only','P.D. only','06 - SMV unattended vehicle',downtown,0
Weekday,Afternoon,Road,'01 - Clear','01 - Daylight','01 - Dry','10 - No control',0.48936,'P.D. only','P.D. only','05 - Turning movement',Ottawa_south,0
Weekday,Noon,Road,'02 - Rain','07 - Dark','02 - Wet','01 - Traffic signal',0.999976,'P.D. only','P.D. only','03 - Rear end',Ottawa_east,0
Weekday,Mid_Night,Road,'01 - Clear','07 - Dark','01 - Dry','01 - Traffic signal',0.083333,'P.D. only','P.D. only','05 - Turning movement',downtown,0
Weekday,Mid_Night,Road,'01 - Clear','07 - Dark','01 - Dry','10 - No control',0.999994,'P.D. only','P.D. only','06 - SMV unattended vehicle',downtown,0
Weekends,Mid_Night,Road,'01 - Clear','07 - Dark','01 - Dry','10 - No control',0.999992,'P.D. only','P.D. only','07 - SMV other',Ottawa_south,0
Weekends,Early_Morning,Road,'01 - Clear','07 - Dark','02 - Wet','02 - Stop sign',0.999971,'P.D. only','P.D. only','02 - Angle',downtown,0
Weekends,Night,Road,'01 - Clear','01 - Daylight','05 - Packed snow','10 - No control',0,Injury,'P.D. only','05 - Turning movement',mid_town,0
Weekday,Noon,Road,'01 - Clear','01 - Daylight','01 - Dry','10 - No control',0.999963,'P.D. only','P.D. only','04 - Sideswipe',Ottawa_east,0
Weekends,Noon,Road,'01 - Clear','01 - Daylight','01 - Dry','01 - Traffic signal',0.745453,'P.D. only','P.D. only','04 - Sideswipe',downtown,0
Weekends,Mid_Night,Road,'03 - Snow','07 - Dark','02 - Wet','10 - No control',0.499991,'P.D. only','P.D. only','07 - SMV other',downtown,0
Weekday,Noon,Road,'01 - Clear','01 - Daylight','04 - Slush','10 - No control',0.789468,'P.D. only','P.D. only','07 - SMV other',Ottawa_south,0
Weekday,Night,Road,'01 - Clear','05 - Dusk','02 - Wet','01 - Traffic signal',0.999951,'P.D. only','P.D. only','03 - Rear end',mid_town,0
Weekday,Night,Road,'01 - Clear','01 - Daylight','01 - Dry','10 - No control',0.763156,'P.D. only','P.D. only','04 - Sideswipe',downtown,0
Weekday,Afternoon,Road,'03 - Snow','01 - Daylight','05 - Packed snow','10 - No control',0.999976,'P.D. only','P.D. only','06 - SMV unattended vehicle',mid_town,0
Weekday,Night,Road,'01 - Clear','07 - Dark','01 - Dry','01 - Traffic signal',0.499982,'P.D. only','P.D. only','03 - Rear end',Ottawa_west,0
Weekday,Evening,highway,'03 - Snow','01 - Daylight','03 - Loose snow','10 - No control',0.999963,'P.D. only','P.D. only','04 - Sideswipe',mid_town,0
Weekday,Mid_Night,highway,'03 - Snow','07 - Dark','04 - Slush','10 - No control',0.684205,'P.D. only','P.D. only','07 - SMV other',downtown,0
Weekday,Night,Road,'01 - Clear','01 - Daylight','04 - Slush','10 - No control',0.407405,'P.D. only','P.D. only','05 - Turning movement',mid_town,0
Weekday,Noon,Road,'01 - Clear','03 - Dawn','03 - Loose snow','02 - Stop sign',0.333325,'P.D. only','P.D. only','05 - Turning movement',Ottawa_east,0
Weekday,Evening,Road,'01 - Clear','01 - Daylight','01 - Dry','01 - Traffic signal',0.333325,'P.D. only','P.D. only','07 - SMV other',mid_town,0
Weekday,Night,Road,'01 - Clear','05 - Dusk','01 - Dry','10 - No control',0.999971,'P.D. only','P.D. only','04 - Sideswipe',downtown,0
Weekday,Noon,Road,'01 - Clear','01 - Daylight','01 - Dry','02 - Stop sign',0.166665,'P.D. only','P.D. only','02 - Angle',mid_town,0
Weekday,Night,Road,'02 - Rain','01 - Daylight','01 - Dry','10 - No control',0.555553,'P.D. only','P.D. only','02 - Angle',mid_town,0
Weekday,Mid_Night,Road,'01 - Clear','01 - Daylight','01 - Dry','01 - Traffic signal',0.499982,'P.D. only','P.D. only','05 - Turning movement',downtown,0
Weekday,Mid_Night,Road,'01 - Clear','07 - Dark','06 - Ice','10 - No control',0.538455,'P.D. only','P.D. only','03 - Rear end',Ottawa_east,0
Weekday,Night,Road,'02 - Rain','01 - Daylight','02 - Wet','01 - Traffic signal',-0.333317,Injury,'P.D. only','05 - Turning movement',Ottawa_west,0
Weekday,Evening,Road,'01 - Clear','01 - Daylight','01 - Dry','10 - No control',0.793099,'P.D. only','P.D. only','04 - Sideswipe',mid_town,0
Weekday,Mid_Night,Road,'01 - Clear','07 - Dark','01 - Dry','10 - No control',0.733326,'P.D. only','P.D. only','07 - SMV other',mid_town,0
Weekday,Night,Road,'01 - Clear','01 - Daylight','01 - Dry','02 - Stop sign',0.285713,'P.D. only','P.D. only','02 - Angle',downtown,0
Weekday,Night,Road,'01 - Clear','01 - Daylight','03 - Loose snow','10 - No control',0.96296,'P.D. only','P.D. only','06 - SMV unattended vehicle',downtown,0
Weekday,Morning,Road,'02 - Rain','07 - Dark','02 - Wet','02 - Stop sign',0.517239,'P.D. only','P.D. only','07 - SMV other',Ottawa_south,0
Weekday,Early_Morning,Road,'01 - Clear','07 - Dark','01 - Dry','10 - No control',0.866658,'P.D. only','P.D. only','99 - Other',downtown,0
Weekday,Night,highway,'01 - Clear','01 - Daylight','01 - Dry','10 - No control',0.629628,'P.D. only','P.D. only','03 - Rear end',downtown,0
Weekday,Evening,highway,'01 - Clear','01 - Daylight','01 - Dry','10 - No control',0.999987,'P.D. only','P.D. only','03 - Rear end',mid_town,0
Weekday,Noon,Road,'01 - Clear','01 - Daylight','01 - Dry','02 - Stop sign',0.499995,'P.D. only','P.D. only','02 - Angle',downtown,0
Weekday,Night,Road,'04 - Freezing Rain','01 - Daylight','02 - Wet','02 - Stop sign',0.499991,'P.D. only','P.D. only','03 - Rear end',mid_town,0
Weekday,Evening,Road,'01 - Clear','01 - Daylight','01 - Dry','01 - Traffic signal',0.388887,'P.D. only','P.D. only','05 - Turning movement',mid_town,0
Weekends,Mid_Night,Road,'01 - Clear','00 - Unknown','01 - Dry','10 - No control',0.999963,'P.D. only','P.D. only','06 - SMV unattended vehicle',Ottawa_west,0
Weekday,Night,Road,'02 - Rain','01 - Daylight','02 - Wet','10 - No control',0.565214,'P.D. only','P.D. only','03 - Rear end',mid_town,0
Weekday,Night,Road,'01 - Clear','01 - Daylight','01 - Dry','02 - Stop sign',0.999988,'P.D. only','P.D. only','03 - Rear end',Ottawa_west,0
Weekday,Evening,Road,'03 - Snow','01 - Daylight','03 - Loose snow','01 - Traffic signal',0.707315,'P.D. only','P.D. only','04 - Sideswipe',downtown,0