DATE,TIME,Road_type,ENVIRONMENT,LIGHT,SURFACE_CONDITION,TRAFFIC_CONTROL,'prediction margin','predicted COLLISION_CLASSIFICATION',COLLISION_CLASSIFICATION,IMPACT_TYPE,Location,NO_OF_PEDESTRIANS
Weekends,Noon,Road,'01 - Clear','01 - Daylight','01 - Dry','01 - Traffic signal',0,Injury,'P.D. only','02 - Angle',Ottawa_west,0
Weekends,Early_Morning,Road,'01 - Clear','07 - Dark','01 - Dry','10 - No control',0.999971,'P.D. only','P.D. only','06 - SMV unattended vehicle',downtown,0
Weekday,Evening,Road,'01 - Clear','01 - Daylight','01 - Dry','01 - Traffic signal',0.799996,'P.D. only','P.D. only','04 - Sideswipe',mid_town,0
Weekday,Night,Road,'01 - Clear','01 - Daylight','01 - Dry','01 - Traffic signal',0.470586,'P.D. only','P.D. only','03 - Rear end',Ottawa_west,0
Weekday,Mid_Night,Road,'03 - Snow','07 - Dark','05 - Packed snow','10 - No control',0.777765,'P.D. only','P.D. only','07 - SMV other',mid_town,0
Weekday,Noon,highway,'01 - Clear','01 - Daylight','01 - Dry','10 - No control',0.837835,'P.D. only','P.D. only','03 - Rear end',downtown,0
Weekday,Evening,highway,'01 - Clear','01 - Daylight','01 - Dry','10 - No control',0.499998,'P.D. only','P.D. only','03 - Rear end',downtown,0
Weekday,Noon,Road,'01 - Clear','01 - Daylight','02 - Wet','01 - Traffic signal',0.090909,'P.D. only','P.D. only','02 - Angle',mid_town,0
Weekends,Mid_Night,Road,'01 - Clear','00 - Unknown','01 - Dry','10 - No control',0.999998,'P.D. only','P.D. only','06 - SMV unattended vehicle',downtown,0
Weekday,Evening,Road,'01 - Clear','01 - Daylight','01 - Dry','10 - No control',-0.272724,Injury,'P.D. only','07 - SMV other',Ottawa_east,0
Weekday,Noon,Road,'01 - Clear','01 - Daylight','01 - Dry','10 - No control',0.515149,'P.D. only','P.D. only','03 - Rear end',mid_town,0
Weekday,Evening,Road,'01 - Clear','01 - Daylight','01 - Dry','10 - No control',0.571427,'P.D. only','P.D. only','03 - Rear end',downtown,0
Weekday,Evening,Road,'01 - Clear','01 - Daylight','01 - Dry','10 - No control',0.999984,'P.D. only','P.D. only','07 - SMV other',downtown,0
Weekday,Evening,Road,'01 - Clear','01 - Daylight','01 - Dry','01 - Traffic signal',0.428568,'P.D. only','P.D. only','03 - Rear end',Ottawa_east,0
Weekday,Evening,Road,'01 - Clear','01 - Daylight','01 - Dry','10 - No control',0.611109,'P.D. only','P.D. only','02 - Angle',downtown,0
Weekday,Night,Road,'03 - Snow','07 - Dark','03 - Loose snow','01 - Traffic signal',0.666659,'P.D. only','P.D. only','03 - Rear end',Ottawa_south,0
Weekday,Night,Road,'01 - Clear','01 - Daylight','05 - Packed snow','10 - No control',0.851847,'P.D. only','P.D. only','06 - SMV unattended vehicle',mid_town,0
Weekends,Night,Road,'01 - Clear','01 - Daylight','06 - Ice','02 - Stop sign',0.999963,'P.D. only','P.D. only','03 - Rear end',mid_town,0
Weekday,Night,Road,'01 - Clear','07 - Dark','01 - Dry','01 - Traffic signal',0.499982,'P.D. only','P.D. only','03 - Rear end',Ottawa_west,0
Weekday,Night,Road,'01 - Clear','05 - Dusk','01 - Dry','10 - No control',0.67164,'P.D. only','P.D. only','02 - Angle',mid_town,0
Weekday,Afternoon,highway,'01 - Clear','01 - Daylight','01 - Dry','01 - Traffic signal',0.526314,'P.D. only','P.D. only','05 - Turning movement',downtown,0
Weekday,Mid_Night,highway,'01 - Clear','07 - Dark','01 - Dry','10 - No control',0.473681,'P.D. only','P.D. only','03 - Rear end',downtown,0
Weekday,Night,highway,'01 - Clear','01 - Daylight','01 - Dry','10 - No control',0.771425,'P.D. only','P.D. only','03 - Rear end',mid_town,0
Weekday,Night,Road,'01 - Clear','01 - Daylight','01 - Dry','10 - No control',0.599982,'P.D. only','P.D. only','05 - Turning movement',Ottawa_east,0
Weekday,Noon,Road,'01 - Clear','01 - Daylight','01 - Dry','10 - No control',0.791664,'P.D. only','P.D. only','01 - Approaching',Ottawa_south,0
Weekends,Evening,Road,'01 - Clear','01 - Daylight','01 - Dry','01 - Traffic signal',0.51515,'P.D. only','P.D. only','05 - Turning movement',Ottawa_south,0
Weekday,Night,Road,'01 - Clear','01 - Daylight','01 - Dry','02 - Stop sign',0.529407,'P.D. only','P.D. only','05 - Turning movement',downtown,0
Weekends,Evening,highway,'03 - Snow','01 - Daylight','06 - Ice','10 - No control',0.999992,'P.D. only','P.D. only','03 - Rear end',downtown,0
Weekends,Evening,Road,'03 - Snow','01 - Daylight','06 - Ice','01 - Traffic signal',0.846144,'P.D. only','P.D. only','03 - Rear end',Ottawa_west,0
Weekday,Noon,highway,'01 - Clear','03 - Dawn','06 - Ice','10 - No control',0.636355,'P.D. only','P.D. only','03 - Rear end',Ottawa_west,0
Weekday,Noon,Road,'01 - Clear','01 - Daylight','02 - Wet','01 - Traffic signal',0.416666,'P.D. only','P.D. only','05 - Turning movement',downtown,0
Weekday,Night,Road,'01 - Clear','01 - Daylight','01 - Dry','10 - No control',0.499999,'P.D. only','P.D. only','03 - Rear end',mid_town,0
Weekday,Night,Road,'01 - Clear','01 - Daylight','01 - Dry','10 - No control',0.558139,'P.D. only','P.D. only','03 - Rear end',downtown,0
Weekday,Evening,Road,'01 - Clear','01 - Daylight','01 - Dry','10 - No control',0.571427,'P.D. only','P.D. only','03 - Rear end',downtown,0
Weekday,Night,Road,'01 - Clear','01 - Daylight','01 - Dry','01 - Traffic signal',0.702005,'P.D. only','P.D. only','06 - SMV unattended vehicle',downtown,0
Weekday,Mid_Night,Road,'02 - Rain','01 - Daylight','02 - Wet','01 - Traffic signal',0.599982,'P.D. only','P.D. only','03 - Rear end',mid_town,0
Weekday,Night,Road,'01 - Clear','07 - Dark','01 - Dry','10 - No control',0.714278,'P.D. only','P.D. only','03 - Rear end',mid_town,0
Weekday,Mid_Night,Road,'01 - Clear','07 - Dark','01 - Dry','10 - No control',0.89473,'P.D. only','P.D. only','07 - SMV other',Ottawa_east,0
Weekday,Night,Road,'01 - Clear','01 - Daylight','01 - Dry','10 - No control',0.935479,'P.D. only','P.D. only','04 - Sideswipe',mid_town,0
Weekday,Night,Road,'01 - Clear','01 - Daylight','01 - Dry','10 - No control',0.866658,'P.D. only','P.D. only','06 - SMV unattended vehicle',mid_town,0
Weekday,Night,Road,'01 - Clear','07 - Dark','01 - Dry','10 - No control',0.999985,'P.D. only','P.D. only','06 - SMV unattended vehicle',downtown,0
Weekday,Evening,highway,'01 - Clear','01 - Daylight','01 - Dry','01 - Traffic signal',0.620914,'P.D. only','P.D. only','03 - Rear end',mid_town,0
Weekday,Night,Road,'01 - Clear','05 - Dusk','02 - Wet','01 - Traffic signal',0.839995,'P.D. only','P.D. only','04 - Sideswipe',downtown,0
Weekends,Night,Road,'01 - Clear','05 - Dusk','01 - Dry','01 - Traffic signal',0.658534,'P.D. only','P.D. only','03 - Rear end',downtown,0
Weekday,Night,Road,'01 - Clear','01 - Daylight','06 - Ice','01 - Traffic signal',0.657142,'P.D. only','P.D. only','03 - Rear end',downtown,0
Weekday,Noon,Road,'01 - Clear','03 - Dawn','01 - Dry','10 - No control',0.999976,'P.D. only','P.D. only','07 - SMV other',Ottawa_west,0
Weekday,Mid_Night,Road,'01 - Clear','07 - Dark','01 - Dry','01 - Traffic signal',0.555547,'P.D. only','P.D. only','05 - Turning movement',Ottawa_west,0
Weekday,Night,highway,'01 - Clear','01 - Daylight','01 - Dry','01 - Traffic signal',0.249995,'P.D. only','P.D. only','03 - Rear end',downtown,0
Weekday,Evening,Road,'01 - Clear','01 - Daylight','01 - Dry','10 - No control',0.714271,'P.D. only','P.D. only','07 - SMV other',Ottawa_west,0
Weekday,Afternoon,Road,'02 - Rain','01 - Daylight','02 - Wet','01 - Traffic signal',0.749986,'P.D. only','P.D. only','03 - Rear end',mid_town,0
Weekday,Night,Road,'02 - Rain','01 - Daylight','02 - Wet','02 - Stop sign',0.582088,'P.D. only','P.D. only','03 - Rear end',downtown,0
Weekday,Afternoon,Road,'01 - Clear','01 - Daylight','01 - Dry','02 - Stop sign',0.619045,'P.D. only','P.D. only','03 - Rear end',Ottawa_east,0
Weekends,Morning,Road,'02 - Rain','07 - Dark','02 - Wet','10 - No control',0.714271,'P.D. only','P.D. only','07 - SMV other',Ottawa_south,0
Weekday,Night,Road,'01 - Clear','01 - Daylight','04 - Slush','01 - Traffic signal',0.793101,'P.D. only','P.D. only','04 - Sideswipe',downtown,0
Weekday,Mid_Night,Road,'01 - Clear','00 - Unknown','01 - Dry','10 - No control',0.999994,'P.D. only','P.D. only','06 - SMV unattended vehicle',downtown,0
Weekday,Night,Road,'01 - Clear','01 - Daylight','01 - Dry','10 - No control',0.374997,'P.D. only','P.D. only','03 - Rear end',Ottawa_west,0
Weekday,Noon,Road,'02 - Rain','01 - Daylight','02 - Wet','10 - No control',0.777765,'P.D. only','P.D. only','03 - Rear end',mid_town,0
Weekends,Mid_Night,Road,'01 - Clear','07 - Dark','01 - Dry','01 - Traffic signal',0.66665,'P.D. only','P.D. only','02 - Angle',downtown,0
Weekday,Evening,Road,'01 - Clear','01 - Daylight','02 - Wet','01 - Traffic signal',0.499995,'P.D. only','P.D. only','03 - Rear end',mid_town,0
Weekday,Night,Road,'03 - Snow','07 - Dark','06 - Ice','02 - Stop sign',0.999951,'P.D. only','P.D. only','03 - Rear end',downtown,0
Weekends,Evening,Road,'03 - Snow','01 - Daylight','03 - Loose snow','10 - No control',0.909085,'P.D. only','P.D. only','04 - Sideswipe',mid_town,0
Weekends,Night,Road,'02 - Rain','01 - Daylight','02 - Wet','01 - Traffic signal',0.999963,'P.D. only','P.D. only','03 - Rear end',downtown,0
Weekday,Night,Road,'01 - Clear','01 - Daylight','01 - Dry','01 - Traffic signal',0.655172,'P.D. only','P.D. only','03 - Rear end',downtown,0
Weekday,Evening,Road,'01 - Clear','01 - Daylight','02 - Wet','10 - No control',0.928567,'P.D. only','P.D. only','99 - Other',mid_town,0
Weekends,Afternoon,highway,'03 - Snow','01 - Daylight','03 - Loose snow','10 - No control',0.538455,'P.D. only','P.D. only','07 - SMV other',Ottawa_west,0
Weekends,Early_Morning,Road,'03 - Snow','07 - Dark','03 - Loose snow','10 - No control',0.999984,'P.D. only','P.D. only','07 - SMV other',mid_town,0
Weekends,Night,Road,'01 - Clear','01 - Daylight','01 - Dry','10 - No control',0.599982,'P.D. only','P.D. only','04 - Sideswipe',mid_town,0
Weekday,Afternoon,Road,'01 - Clear','01 - Daylight','01 - Dry','01 - Traffic signal',0.461536,'P.D. only','P.D. only','05 - Turning movement',downtown,0
Weekday,Night,Road,'02 - Rain','01 - Daylight','02 - Wet','01 - Traffic signal',0.999971,'P.D. only','P.D. only','04 - Sideswipe',mid_town,0
Weekends,Evening,Road,'01 - Clear','01 - Daylight','02 - Wet','10 - No control',0.636355,'P.D. only','P.D. only','05 - Turning movement',mid_town,0
Weekday,Night,Road,'01 - Clear','01 - Daylight','01 - Dry','01 - Traffic signal',0.882349,'P.D. only','P.D. only','04 - Sideswipe',mid_town,0
Weekends,Night,Road,'02 - Rain','01 - Daylight','02 - Wet','02 - Stop sign',0.416664,'P.D. only','P.D. only','02 - Angle',downtown,0
Weekday,Noon,Road,'01 - Clear','01 - Daylight','01 - Dry','01 - Traffic signal',0.789468,'P.D. only','P.D. only','02 - Angle',downtown,0
Weekends,Evening,Road,'01 - Clear','01 - Daylight','01 - Dry','01 - Traffic signal',0.407405,'P.D. only','P.D. only','03 - Rear end',downtown,0
Weekday,Evening,Road,'01 - Clear','01 - Daylight','01 - Dry','10 - No control',0.611109,'P.D. only','P.D. only','02 - Angle',downtown,0
Weekday,Mid_Night,Road,'01 - Clear','07 - Dark','01 - Dry','10 - No control',0.333317,'P.D. only','P.D. only','02 - Angle',mid_town,0
Weekday,Noon,Road,'01 - Clear','01 - Daylight','01 - Dry','03 - Yield sign',0.833323,'P.D. only','P.D. only','04 - Sideswipe',Ottawa_south,0
Weekends,Night,highway,'01 - Clear','01 - Daylight','01 - Dry','10 - No control',0.513511,'P.D. only','P.D. only','07 - SMV other',mid_town,0
Weekends,Noon,highway,'03 - Snow','01 - Daylight','04 - Slush','10 - No control',0.741932,'P.D. only','P.D. only','07 - SMV other',mid_town,0
Weekday,Mid_Night,Road,'01 - Clear','00 - Unknown','01 - Dry','10 - No control',0.999994,'P.D. only','P.D. only','06 - SMV unattended vehicle',downtown,0
Weekday,Noon,Road,'01 - Clear','01 - Daylight','03 - Loose snow','01 - Traffic signal',0.181817,'P.D. only','P.D. only','05 - Turning movement',mid_town,0
Weekday,Evening,Road,'02 - Rain','01 - Daylight','02 - Wet','01 - Traffic signal',0.799994,'P.D. only','P.D. only','03 - Rear end',mid_town,0
Weekday,Night,Road,'01 - Clear','05 - Dusk','03 - Loose snow','01 - Traffic signal',0.999984,'P.D. only','P.D. only','04 - Sideswipe',mid_town,0
Weekday,Night,highway,'01 - Clear','01 - Daylight','01 - Dry','01 - Traffic signal',0.518517,'P.D. only','P.D. only','02 - Angle',downtown,0
Weekday,Evening,Road,'01 - Clear','01 - Daylight','01 - Dry','10 - No control',0.999997,'P.D. only','P.D. only','06 - SMV unattended vehicle',downtown,0
Weekday,Noon,Road,'01 - Clear','01 - Daylight','01 - Dry','01 - Traffic signal',0.892855,'P.D. only','P.D. only','03 - Rear end',downtown,0
Weekday,Mid_Night,Road,'01 - Clear','01 - Daylight','01 - Dry','02 - Stop sign',-0.333317,Injury,'P.D. only','02 - Angle',downtown,0
Weekday,Evening,Road,'01 - Clear','01 - Daylight','01 - Dry','01 - Traffic signal',0.333332,'P.D. only','P.D. only','02 - Angle',mid_town,0
Weekends,Evening,Road,'01 - Clear','01 - Daylight','02 - Wet','10 - No control',0.999987,'P.D. only','P.D. only','99 - Other',downtown,0
Weekends,Evening,Road,'02 - Rain','01 - Daylight','06 - Ice','10 - No control',0.599982,'P.D. only','P.D. only','07 - SMV other',Ottawa_east,0
Weekends,Night,Road,'01 - Clear','07 - Dark','02 - Wet','01 - Traffic signal',0.699995,'P.D. only','P.D. only','03 - Rear end',downtown,0
Weekday,Afternoon,Road,'01 - Clear','01 - Daylight','01 - Dry','10 - No control',0.111109,'P.D. only','P.D. only','05 - Turning movement',downtown,0
Weekday,Night,Road,'03 - Snow','01 - Daylight','03 - Loose snow','01 - Traffic signal',0.714271,'P.D. only','P.D. only','03 - Rear end',mid_town,0
Weekday,Night,Road,'01 - Clear','01 - Daylight','01 - Dry','10 - No control',0.558139,'P.D. only','P.D. only','03 - Rear end',downtown,0
Weekends,Mid_Night,Road,'01 - Clear','07 - Dark','01 - Dry','01 - Traffic signal',-0.333317,Injury,'P.D. only','02 - Angle',Ottawa_south,0
Weekday,Noon,Road,'01 - Clear','01 - Daylight','01 - Dry','02 - Stop sign',0.999985,'P.D. only','P.D. only','03 - Rear end',downtown,0
Weekday,Evening,Road,'01 - Clear','01 - Daylight','02 - Wet','02 - Stop sign',0.333317,'P.D. only','P.D. only','05 - Turning movement',downtown,0
Weekends,Evening,highway,'01 - Clear','01 - Daylight','01 - Dry','10 - No control',0.499982,'P.D. only','P.D. only','04 - Sideswipe',mid_town,0
Weekday,Night,Road,'02 - Rain','01 - Daylight','02 - Wet','01 - Traffic signal',0.428562,'P.D. only','P.D. only','05 - Turning movement',mid_town,0
Weekday,Night,Road,'01 - Clear','01 - Daylight','01 - Dry','10 - No control',0.999985,'P.D. only','P.D. only','06 - SMV unattended vehicle',Ottawa_west,0
Weekday,Evening,Road,'01 - Clear','01 - Daylight','01 - Dry','10 - No control',0.499991,'P.D. only','P.D. only','03 - Rear end',Ottawa_south,0
Weekday,Night,Road,'01 - Clear','01 - Daylight','01 - Dry','10 - No control',0.763156,'P.D. only','P.D. only','04 - Sideswipe',downtown,0
Weekday,Noon,highway,'01 - Clear','01 - Daylight','01 - Dry','10 - No control',0.837835,'P.D. only','P.D. only','03 - Rear end',downtown,0
Weekends,Afternoon,Road,'01 - Clear','01 - Daylight','01 - Dry','01 - Traffic signal',0.538455,'P.D. only','P.D. only','03 - Rear end',mid_town,0
Weekday,Mid_Night,Road,'02 - Rain','00 - Unknown','06 - Ice','10 - No control',0.999988,'P.D. only','P.D. only','06 - SMV unattended vehicle',Ottawa_west,0
Weekday,Night,Road,'02 - Rain','01 - Daylight','02 - Wet','10 - No control',0.565214,'P.D. only','P.D. only','03 - Rear end',mid_town,0
Weekday,Night,Road,'01 - Clear','01 - Daylight','01 - Dry','01 - Traffic signal',0.499982,'P.D. only','P.D. only','02 - Angle',Ottawa_east,0
Weekday,Evening,Road,'03 - Snow','01 - Daylight','03 - Loose snow','10 - No control',0.952378,'P.D. only','P.D. only','06 - SMV unattended vehicle',downtown,0
Weekday,Night,Road,'01 - Clear','01 - Daylight','01 - Dry','10 - No control',0.666663,'P.D. only','P.D. only','03 - Rear end',Ottawa_east,0
Weekday,Mid_Night,Road,'03 - Snow','07 - Dark','03 - Loose snow','03 - Yield sign',0.428562,'P.D. only','P.D. only','07 - SMV other',downtown,0
Weekday,Night,Road,'01 - Clear','05 - Dusk','01 - Dry','01 - Traffic signal',0.523808,'P.D. only','P.D. only','03 - Rear end',Ottawa_south,0
Weekday,Mid_Night,Road,'01 - Clear','01 - Daylight','01 - Dry','10 - No control',0.599999,'P.D. only','P.D. only','02 - Angle',mid_town,0
Weekday,Morning,Road,'01 - Clear','07 - Dark','01 - Dry','02 - Stop sign',0.999976,'P.D. only','P.D. only','07 - SMV other',mid_town,0
Weekday,Evening,Road,'04 - Freezing Rain','01 - Daylight','02 - Wet','10 - No control',0.999979,'P.D. only','P.D. only','04 - Sideswipe',mid_town,0
Weekday,Evening,Road,'03 - Snow','01 - Daylight','03 - Loose snow','01 - Traffic signal',0.529407,'P.D. only','P.D. only','03 - Rear end',downtown,0
Weekends,Mid_Night,Road,'01 - Clear','05 - Dusk','01 - Dry','02 - Stop sign',0.590907,'P.D. only','P.D. only','05 - Turning movement',mid_town,0
Weekends,Afternoon,highway,'03 - Snow','01 - Daylight','03 - Loose snow','10 - No control',0.666659,'P.D. only','P.D. only','07 - SMV other',mid_town,0
Weekday,Mid_Night,Road,'01 - Clear','07 - Dark','02 - Wet','01 - Traffic signal',0.749986,'P.D. only','P.D. only','03 - Rear end',downtown,0
Weekday,Night,Road,'03 - Snow','01 - Daylight','04 - Slush','01 - Traffic signal',0.714281,'P.D. only','P.D. only','03 - Rear end',downtown,0
Weekday,Mid_Night,Road,'01 - Clear','07 - Dark','01 - Dry','01 - Traffic signal',0.083333,'P.D. only','P.D. only','05 - Turning movement',downtown,0
Weekday,Night,Road,'01 - Clear','01 - Daylight','01 - Dry','01 - Traffic signal',0.787232,'P.D. only','P.D. only','04 - Sideswipe',downtown,0
Weekends,Evening,Road,'03 - Snow','01 - Daylight','06 - Ice','10 - No control',-0.333317,Injury,'P.D. only','07 - SMV other',Ottawa_west,0
Weekday,Noon,highway,'01 - Clear','01 - Daylight','01 - Dry','10 - No control',0.624999,'P.D. only','P.D. only','07 - SMV other',Ottawa_west,0
Weekday,Evening,Road,'01 - Clear','01 - Daylight','02 - Wet','02 - Stop sign',0.599982,'P.D. only','P.D. only','02 - Angle',downtown,0
Weekday,Night,highway,'01 - Clear','05 - Dusk','06 - Ice','10 - No control',0.913038,'P.D. only','P.D. only','04 - Sideswipe',Ottawa_west,0
Weekday,Noon,Road,'02 - Rain','01 - Daylight','02 - Wet','10 - No control',0.586204,'P.D. only','P.D. only','03 - Rear end',Ottawa_south,0
Weekends,Early_Morning,Road,'01 - Clear','07 - Dark','01 - Dry','10 - No control',0.333317,'P.D. only','P.D. only','04 - Sideswipe',downtown,0
Weekday,Night,Road,'01 - Clear','01 - Daylight','01 - Dry','01 - Traffic signal',0.603448,'P.D. only','P.D. only','03 - Rear end',mid_town,0
Weekends,Mid_Night,Road,'02 - Rain','07 - Dark','02 - Wet','02 - Stop sign',0.333317,'P.D. only','P.D. only','07 - SMV other',Ottawa_east,0
Weekday,Mid_Night,Road,'01 - Clear','01 - Daylight','01 - Dry','01 - Traffic signal',0.749986,'P.D. only','P.D. only','03 - Rear end',mid_town,0
Weekday,Mid_Night,Road,'01 - Clear','07 - Dark','01 - Dry','01 - Traffic signal',0.764703,'P.D. only','P.D. only','03 - Rear end',mid_town,0
Weekday,Mid_Night,Road,'02 - Rain','01 - Daylight','02 - Wet','10 - No control',0.99999,'P.D. only','P.D. only','02 - Angle',downtown,0
Weekday,Mid_Night,Road,'01 - Clear','07 - Dark','01 - Dry','10 - No control',0.89473,'P.D. only','P.D. only','07 - SMV other',Ottawa_east,0
Weekday,Early_Morning,Road,'02 - Rain','07 - Dark','02 - Wet','10 - No control',0.764699,'P.D. only','P.D. only','07 - SMV other',downtown,0
Weekday,Evening,Road,'01 - Clear','01 - Daylight','01 - Dry','10 - No control',0.793099,'P.D. only','P.D. only','04 - Sideswipe',mid_town,0
Weekday,Mid_Night,Road,'03 - Snow','07 - Dark','03 - Loose snow','01 - Traffic signal',0.692304,'P.D. only','P.D. only','05 - Turning movement',downtown,0
Weekday,Noon,Road,'03 - Snow','07 - Dark','03 - Loose snow','10 - No control',0.333317,'P.D. only','P.D. only','06 - SMV unattended vehicle',Ottawa_south,0
Weekday,Afternoon,highway,'01 - Clear','01 - Daylight','01 - Dry','10 - No control',0.866658,'P.D. only','P.D. only','04 - Sideswipe',downtown,0
Weekday,Evening,Road,'01 - Clear','01 - Daylight','01 - Dry','10 - No control',0.823528,'P.D. only','P.D. only','04 - Sideswipe',downtown,0
Weekends,Evening,Road,'01 - Clear','01 - Daylight','01 - Dry','10 - No control',0.684205,'P.D. only','P.D. only','03 - Rear end',downtown,0
Weekday,Evening,Road,'01 - Clear','01 - Daylight','01 - Dry','10 - No control',0.611109,'P.D. only','P.D. only','02 - Angle',downtown,0
Weekday,Night,Road,'01 - Clear','01 - Daylight','01 - Dry','02 - Stop sign',0.833328,'P.D. only','P.D. only','03 - Rear end',downtown,0
Weekday,Evening,highway,'01 - Clear','01 - Daylight','01 - Dry','10 - No control',0.999993,'P.D. only','P.D. only','04 - Sideswipe',downtown,0
Weekday,Evening,Road,'03 - Snow','01 - Daylight','03 - Loose snow','10 - No control',0.999963,'P.D. only','P.D. only','07 - SMV other',Ottawa_west,0
Weekday,Afternoon,Road,'01 - Clear','01 - Daylight','01 - Dry','01 - Traffic signal',0.806448,'P.D. only','P.D. only','03 - Rear end',mid_town,0
Weekday,Evening,Road,'01 - Clear','01 - Daylight','01 - Dry','10 - No control',0.999982,'P.D. only','P.D. only','02 - Angle',Ottawa_west,0
Weekends,Evening,Road,'04 - Freezing Rain','01 - Daylight','04 - Slush','02 - Stop sign',0.599982,'P.D. only','P.D. only','03 - Rear end',Ottawa_south,0
Weekday,Evening,Road,'01 - Clear','01 - Daylight','01 - Dry','10 - No control',0.333329,'P.D. only','P.D. only','07 - SMV other',mid_town,0
Weekday,Night,Road,'02 - Rain','01 - Daylight','01 - Dry','01 - Traffic signal',0.490195,'P.D. only','P.D. only','05 - Turning movement',mid_town,0
Weekday,Night,Road,'01 - Clear','01 - Daylight','01 - Dry','01 - Traffic signal',0.565216,'P.D. only','P.D. only','05 - Turning movement',downtown,0
Weekday,Mid_Night,Road,'01 - Clear','07 - Dark','02 - Wet','01 - Traffic signal',0.444444,'P.D. only','P.D. only','05 - Turning movement',downtown,0
Weekday,Night,Road,'01 - Clear','01 - Daylight','01 - Dry','10 - No control',0.558139,'P.D. only','P.D. only','03 - Rear end',downtown,0
Weekday,Noon,highway,'03 - Snow','07 - Dark','03 - Loose snow','10 - No control',0.882345,'P.D. only','P.D. only','07 - SMV other',Ottawa_west,0
Weekday,Mid_Night,Road,'01 - Clear','01 - Daylight','01 - Dry','01 - Traffic signal',0.333317,'P.D. only','P.D. only','03 - Rear end',Ottawa_east,0
Weekday,Night,Road,'01 - Clear','01 - Daylight','01 - Dry','01 - Traffic signal',0.48837,'P.D. only','P.D. only','05 - Turning movement',mid_town,0
Weekday,Evening,Road,'01 - Clear','01 - Daylight','01 - Dry','01 - Traffic signal',0.846151,'P.D. only','P.D. only','04 - Sideswipe',downtown,0
Weekday,Evening,Road,'01 - Clear','01 - Daylight','01 - Dry','01 - Traffic signal',0.428568,'P.D. only','P.D. only','03 - Rear end',Ottawa_east,0
Weekday,Night,highway,'01 - Clear','05 - Dusk','02 - Wet','10 - No control',0.454542,'P.D. only','P.D. only','03 - Rear end',downtown,0
Weekday,Night,Road,'02 - Rain','01 - Daylight','02 - Wet','10 - No control',0.999951,'P.D. only','P.D. only','05 - Turning movement',downtown,0
Weekday,Night,Road,'01 - Clear','01 - Daylight','01 - Dry','10 - No control',0.624994,'P.D. only','P.D. only','07 - SMV other',Ottawa_west,0
Weekends,Afternoon,highway,'01 - Clear','01 - Daylight','01 - Dry','10 - No control',0.142856,'P.D. only','P.D. only','07 - SMV other',Ottawa_south,0
Weekday,Night,Road,'02 - Rain','01 - Daylight','02 - Wet','10 - No control',0.714271,'P.D. only','P.D. only','03 - Rear end',Ottawa_west,0
Weekends,Evening,highway,'03 - Snow','01 - Daylight','03 - Loose snow','10 - No control',0.999984,'P.D. only','P.D. only','99 - Other',mid_town,0
Weekday,Noon,Road,'01 - Clear','01 - Daylight','02 - Wet','01 - Traffic signal',0.714281,'P.D. only','P.D. only','99 - Other',downtown,0
Weekday,Evening,Road,'03 - Snow','01 - Daylight','05 - Packed snow','02 - Stop sign',0.999963,'P.D. only','P.D. only','03 - Rear end',mid_town,0
Weekday,Night,Road,'02 - Rain','01 - Daylight','02 - Wet','01 - Traffic signal',0.499997,'P.D. only','P.D. only','05 - Turning movement',Ottawa_south,0
Weekday,Night,Road,'01 - Clear','01 - Daylight','01 - Dry','01 - Traffic signal',0.48837,'P.D. only','P.D. only','05 - Turning movement',mid_town,0
Weekday,Mid_Night,Road,'06 - Strong wind','00 - Unknown','01 - Dry','10 - No control',0.999971,'P.D. only','P.D. only','06 - SMV unattended vehicle',mid_town,0
Weekday,Early_Morning,Road,'02 - Rain','07 - Dark','02 - Wet','10 - No control',0.764699,'P.D. only','P.D. only','07 - SMV other',downtown,0
Weekday,Evening,Road,'01 - Clear','01 - Daylight','01 - Dry','10 - No control',0.823528,'P.D. only','P.D. only','04 - Sideswipe',downtown,0
Weekends,Mid_Night,Road,'01 - Clear','01 - Daylight','01 - Dry','10 - No control',0.937496,'P.D. only','P.D. only','06 - SMV unattended vehicle',Ottawa_east,0
Weekday,Night,Road,'01 - Clear','01 - Daylight','01 - Dry','10 - No control',0.763156,'P.D. only','P.D. only','04 - Sideswipe',downtown,0
Weekday,Mid_Night,Road,'01 - Clear','07 - Dark','01 - Dry','10 - No control',0.714284,'P.D. only','P.D. only','07 - SMV other',Ottawa_west,0
Weekday,Noon,highway,'01 - Clear','03 - Dawn','06 - Ice','10 - No control',-0.142854,Injury,'P.D. only','07 - SMV other',Ottawa_west,0
Weekends,Evening,Road,'03 - Snow','01 - Daylight','06 - Ice','11 - Roundabout',0.799988,'P.D. only','P.D. only','02 - Angle',Ottawa_east,0
Weekday,Evening,Road,'01 - Clear','01 - Daylight','01 - Dry','10 - No control',0.666664,'P.D. only','P.D. only','03 - Rear end',mid_town,0
Weekends,Evening,Road,'01 - Clear','01 - Daylight','01 - Dry','01 - Traffic signal',0.699995,'P.D. only','P.D. only','05 - Turning movement',downtown,0