DATE,TIME,Road_type,ENVIRONMENT,LIGHT,SURFACE_CONDITION,TRAFFIC_CONTROL,'prediction margin','predicted COLLISION_CLASSIFICATION',COLLISION_CLASSIFICATION,IMPACT_TYPE,Location,NO_OF_PEDESTRIANS
Weekday,Night,Road,'02 - Rain','07 - Dark','02 - Wet','01 - Traffic signal',-0.444441,'P.D. only',Injury,'03 - Rear end',Ottawa_east,0
Weekday,Night,Road,'01 - Clear','07 - Dark','01 - Dry','01 - Traffic signal',-0.111109,'P.D. only',Injury,'05 - Turning movement',mid_town,0
Weekends,Night,Road,'01 - Clear','01 - Daylight','01 - Dry','01 - Traffic signal',0.142854,Injury,Injury,'05 - Turning movement',mid_town,0
Weekday,Night,highway,'01 - Clear','01 - Daylight','01 - Dry','10 - No control',-0.882345,'P.D. only',Injury,'03 - Rear end',Ottawa_west,0
Weekday,Mid_Night,Road,'01 - Clear','07 - Dark','01 - Dry','10 - No control',-0.999985,'P.D. only',Injury,'06 - SMV unattended vehicle',mid_town,0
Weekday,Afternoon,highway,'01 - Clear','01 - Daylight','02 - Wet','10 - No control',-0.882345,'P.D. only',Injury,'03 - Rear end',mid_town,0
Weekday,Night,Road,'03 - Snow','05 - Dusk','04 - Slush','10 - No control',-0.999976,'P.D. only',Injury,'04 - Sideswipe',downtown,0
Weekday,Noon,Road,'01 - Clear','03 - Dawn','02 - Wet','01 - Traffic signal',-0.833323,'P.D. only',Injury,'03 - Rear end',Ottawa_east,0
Weekday,Mid_Night,Road,'01 - Clear','07 - Dark','01 - Dry','10 - No control',-0.627117,'P.D. only',Injury,'01 - Approaching',mid_town,0
Weekends,Night,highway,'01 - Clear','01 - Daylight','02 - Wet','10 - No control',-0.857134,'P.D. only',Injury,'03 - Rear end',downtown,0
Weekends,Early_Morning,Road,'01 - Clear','07 - Dark','01 - Dry','10 - No control',-0.090908,'P.D. only',Injury,'07 - SMV other',downtown,1
Weekends,Night,highway,'03 - Snow','05 - Dusk','03 - Loose snow','10 - No control',-0.538459,'P.D. only',Injury,'07 - SMV other',downtown,0
Weekday,Evening,Road,'01 - Clear','01 - Daylight','02 - Wet','10 - No control',-0.272724,'P.D. only',Injury,'03 - Rear end',downtown,0
Weekday,Noon,Road,'01 - Clear','01 - Daylight','02 - Wet','10 - No control',-0.863633,'P.D. only',Injury,'04 - Sideswipe',mid_town,0
Weekday,Night,Road,'01 - Clear','05 - Dusk','01 - Dry','01 - Traffic signal',-0.142854,'P.D. only',Injury,'05 - Turning movement',downtown,0
Weekday,Evening,Road,'01 - Clear','01 - Daylight','01 - Dry','10 - No control',-0.823528,'P.D. only',Injury,'04 - Sideswipe',downtown,0
Weekday,Mid_Night,Road,'01 - Clear','07 - Dark','01 - Dry','02 - Stop sign',-0.499982,'P.D. only',Injury,'02 - Angle',mid_town,0
Weekends,Night,Road,'01 - Clear','01 - Daylight','01 - Dry','10 - No control',-0.266666,'P.D. only',Injury,'07 - SMV other',Ottawa_south,0
Weekends,Night,highway,'01 - Clear','01 - Daylight','01 - Dry','10 - No control',-0.513511,'P.D. only',Injury,'07 - SMV other',mid_town,0
Weekday,Night,Road,'02 - Rain','01 - Daylight','02 - Wet','10 - No control',-0.627117,'P.D. only',Injury,'07 - SMV other',mid_town,0
Weekends,Night,Road,'01 - Clear','01 - Daylight','01 - Dry','02 - Stop sign',-0.999951,'P.D. only',Injury,'03 - Rear end',mid_town,0
Weekends,Evening,highway,'03 - Snow','01 - Daylight','05 - Packed snow','10 - No control',-0.818171,'P.D. only',Injury,'03 - Rear end',Ottawa_west,0
Weekday,Mid_Night,Road,'01 - Clear','01 - Daylight','01 - Dry','02 - Stop sign',-0.571423,'P.D. only',Injury,'07 - SMV other',downtown,0
Weekday,Afternoon,Road,'01 - Clear','01 - Daylight','01 - Dry','01 - Traffic signal',-0.749986,'P.D. only',Injury,'03 - Rear end',Ottawa_east,0
Weekday,Night,highway,'02 - Rain','01 - Daylight','02 - Wet','01 - Traffic signal',-0.761902,'P.D. only',Injury,'03 - Rear end',mid_town,0
Weekday,Noon,Road,'01 - Clear','01 - Daylight','01 - Dry','10 - No control',-0.515149,'P.D. only',Injury,'03 - Rear end',mid_town,0
Weekday,Evening,highway,'01 - Clear','01 - Daylight','01 - Dry','01 - Traffic signal',0.999963,Injury,Injury,'07 - SMV other',mid_town,1
Weekday,Mid_Night,Road,'01 - Clear','07 - Dark','01 - Dry','01 - Traffic signal',-0.655169,'P.D. only',Injury,'03 - Rear end',downtown,0
Weekday,Evening,Road,'01 - Clear','01 - Daylight','01 - Dry','01 - Traffic signal',-0.644067,'P.D. only',Injury,'03 - Rear end',downtown,0
Weekday,Noon,Road,'03 - Snow','01 - Daylight','06 - Ice','10 - No control',-0.599982,'P.D. only',Injury,'01 - Approaching',downtown,0
Weekday,Night,Road,'02 - Rain','01 - Daylight','02 - Wet','01 - Traffic signal',-0.684205,'P.D. only',Injury,'03 - Rear end',downtown,0
Weekday,Evening,Road,'01 - Clear','01 - Daylight','01 - Dry','10 - No control',0.999976,Injury,Injury,'07 - SMV other',downtown,1
Weekday,Night,Road,'01 - Clear','01 - Daylight','01 - Dry','01 - Traffic signal',-0.565216,'P.D. only',Injury,'05 - Turning movement',downtown,0
Weekday,Early_Morning,Road,'01 - Clear','07 - Dark','01 - Dry','10 - No control',-0.599982,'P.D. only',Injury,'07 - SMV other',downtown,0
Weekends,Afternoon,highway,'01 - Clear','01 - Daylight','01 - Dry','10 - No control',-0.999963,'P.D. only',Injury,'03 - Rear end',downtown,0
Weekday,Evening,Road,'01 - Clear','01 - Daylight','02 - Wet','01 - Traffic signal',0.999963,Injury,Injury,'07 - SMV other',downtown,1
Weekday,Night,Road,'01 - Clear','05 - Dusk','01 - Dry','01 - Traffic signal',-0.333317,'P.D. only',Injury,'05 - Turning movement',Ottawa_south,0
Weekday,Afternoon,highway,'01 - Clear','01 - Daylight','01 - Dry','10 - No control',-0.439997,'P.D. only',Injury,'03 - Rear end',downtown,0
Weekends,Afternoon,highway,'01 - Clear','01 - Daylight','01 - Dry','10 - No control',-0.428568,'P.D. only',Injury,'07 - SMV other',mid_town,0
Weekday,Evening,Road,'01 - Clear','01 - Daylight','01 - Dry','01 - Traffic signal',-0.388887,'P.D. only',Injury,'05 - Turning movement',mid_town,0
Weekday,Noon,Road,'01 - Clear','01 - Daylight','01 - Dry','10 - No control',-0.333325,'P.D. only',Injury,'03 - Rear end',Ottawa_west,0
Weekday,Night,highway,'01 - Clear','07 - Dark','01 - Dry','10 - No control',-0.624994,'P.D. only',Injury,'03 - Rear end',downtown,0
Weekends,Night,Road,'01 - Clear','01 - Daylight','01 - Dry','01 - Traffic signal',0.499982,Injury,Injury,'02 - Angle',mid_town,0
Weekday,Evening,Road,'01 - Clear','01 - Daylight','01 - Dry','10 - No control',-0.571427,'P.D. only',Injury,'03 - Rear end',downtown,0
Weekday,Night,highway,'01 - Clear','01 - Daylight','01 - Dry','10 - No control',-0.933329,'P.D. only',Injury,'04 - Sideswipe',downtown,0
Weekends,Night,Road,'01 - Clear','01 - Daylight','01 - Dry','02 - Stop sign',-0.142854,'P.D. only',Injury,'02 - Angle',downtown,0
Weekends,Early_Morning,Road,'01 - Clear','07 - Dark','01 - Dry','01 - Traffic signal',-0.599997,'P.D. only',Injury,'05 - Turning movement',downtown,0
Weekday,Mid_Night,Road,'01 - Clear','07 - Dark','01 - Dry','10 - No control',-0.714284,'P.D. only',Injury,'07 - SMV other',Ottawa_west,0
Weekday,Evening,Road,'01 - Clear','01 - Daylight','01 - Dry','10 - No control',-0.823528,'P.D. only',Injury,'04 - Sideswipe',downtown,0
Weekday,Night,Road,'03 - Snow','07 - Dark','04 - Slush','01 - Traffic signal',-0.636355,'P.D. only',Injury,'05 - Turning movement',downtown,0
Weekday,Afternoon,Road,'01 - Clear','01 - Daylight','01 - Dry','10 - No control',-0.64179,'P.D. only',Injury,'02 - Angle',Ottawa_south,0
Weekends,Evening,Road,'07 - Fog/mist/smoke/dust','01 - Daylight','02 - Wet','01 - Traffic signal',-0.666661,'P.D. only',Injury,'03 - Rear end',mid_town,0
Weekends,Evening,highway,'01 - Clear','01 - Daylight','01 - Dry','10 - No control',-0.629626,'P.D. only',Injury,'99 - Other',mid_town,0
Weekday,Afternoon,Road,'01 - Clear','01 - Daylight','01 - Dry','02 - Stop sign',-0.494736,'P.D. only',Injury,'02 - Angle',mid_town,0
Weekday,Noon,Road,'01 - Clear','03 - Dawn','01 - Dry','10 - No control',-0.675673,'P.D. only',Injury,'03 - Rear end',Ottawa_west,0
Weekends,Night,Road,'01 - Clear','01 - Daylight','01 - Dry','10 - No control',-0.266666,'P.D. only',Injury,'07 - SMV other',Ottawa_south,0
Weekday,Night,Road,'01 - Clear','01 - Daylight','01 - Dry','02 - Stop sign',0.999985,Injury,Injury,'07 - SMV other',Ottawa_east,1
Weekday,Noon,Road,'02 - Rain','01 - Daylight','02 - Wet','02 - Stop sign',-0.666663,'P.D. only',Injury,'03 - Rear end',downtown,0
Weekday,Morning,Road,'01 - Clear','03 - Dawn','01 - Dry','10 - No control',-0.799988,'P.D. only',Injury,'07 - SMV other',Ottawa_east,0
Weekday,Afternoon,Road,'01 - Clear','01 - Daylight','01 - Dry','10 - No control',-0.454542,'P.D. only',Injury,'03 - Rear end',downtown,0
Weekday,Noon,Road,'01 - Clear','01 - Daylight','01 - Dry','01 - Traffic signal',-0.499991,'P.D. only',Injury,'03 - Rear end',Ottawa_south,0
Weekday,Noon,Road,'01 - Clear','01 - Daylight','01 - Dry','01 - Traffic signal',-0.411761,'P.D. only',Injury,'05 - Turning movement',mid_town,0
Weekday,Night,Road,'02 - Rain','01 - Daylight','02 - Wet','10 - No control',0.333317,Injury,Injury,'07 - SMV other',mid_town,1
Weekday,Afternoon,Road,'01 - Clear','01 - Daylight','01 - Dry','01 - Traffic signal',-0.499982,'P.D. only',Injury,'03 - Rear end',Ottawa_south,0
Weekday,Afternoon,Road,'01 - Clear','01 - Daylight','01 - Dry','01 - Traffic signal',-0.461536,'P.D. only',Injury,'05 - Turning movement',downtown,0
Weekday,Evening,Road,'01 - Clear','01 - Daylight','01 - Dry','02 - Stop sign',-0.499982,'P.D. only',Injury,'05 - Turning movement',Ottawa_east,0
Weekday,Evening,highway,'01 - Clear','01 - Daylight','01 - Dry','10 - No control',-0.499998,'P.D. only',Injury,'03 - Rear end',downtown,0
Weekday,Mid_Night,Road,'02 - Rain','07 - Dark','02 - Wet','01 - Traffic signal',-0.181817,'P.D. only',Injury,'05 - Turning movement',mid_town,0
Weekday,Evening,Road,'01 - Clear','01 - Daylight','01 - Dry','01 - Traffic signal',-0.532467,'P.D. only',Injury,'05 - Turning movement',downtown,0
Weekday,Night,Road,'01 - Clear','07 - Dark','01 - Dry','10 - No control',-0.714278,'P.D. only',Injury,'03 - Rear end',mid_town,0
Weekday,Night,highway,'01 - Clear','07 - Dark','01 - Dry','10 - No control',-0.624994,'P.D. only',Injury,'03 - Rear end',downtown,0
Weekday,Night,highway,'01 - Clear','07 - Dark','01 - Dry','10 - No control',-0.624994,'P.D. only',Injury,'03 - Rear end',downtown,0
Weekday,Mid_Night,Road,'01 - Clear','07 - Dark','01 - Dry','01 - Traffic signal',-0.764703,'P.D. only',Injury,'03 - Rear end',mid_town,0
Weekday,Night,highway,'01 - Clear','01 - Daylight','01 - Dry','10 - No control',-0.686746,'P.D. only',Injury,'05 - Turning movement',mid_town,0
Weekends,Evening,Road,'01 - Clear','01 - Daylight','02 - Wet','01 - Traffic signal',-0.809518,'P.D. only',Injury,'03 - Rear end',Ottawa_west,0
Weekends,Evening,Road,'03 - Snow','01 - Daylight','06 - Ice','01 - Traffic signal',-0.749993,'P.D. only',Injury,'03 - Rear end',mid_town,0
Weekday,Night,Road,'01 - Clear','07 - Dark','01 - Dry','10 - No control',-0.707315,'P.D. only',Injury,'02 - Angle',Ottawa_west,0
Weekends,Night,Road,'01 - Clear','01 - Daylight','01 - Dry','10 - No control',-0.499991,'P.D. only',Injury,'03 - Rear end',mid_town,0
Weekday,Afternoon,Road,'02 - Rain','01 - Daylight','02 - Wet','01 - Traffic signal',-0.562497,'P.D. only',Injury,'02 - Angle',mid_town,0
Weekday,Noon,highway,'02 - Rain','01 - Daylight','02 - Wet','10 - No control',-0.789468,'P.D. only',Injury,'03 - Rear end',mid_town,0
Weekday,Night,Road,'01 - Clear','01 - Daylight','01 - Dry','01 - Traffic signal',-0.66665,'P.D. only',Injury,'07 - SMV other',downtown,0
Weekday,Evening,Road,'03 - Snow','01 - Daylight','03 - Loose snow','10 - No control',-0.599994,'P.D. only',Injury,'01 - Approaching',Ottawa_west,0
Weekends,Mid_Night,Road,'01 - Clear','07 - Dark','01 - Dry','10 - No control',-0.739126,'P.D. only',Injury,'01 - Approaching',Ottawa_east,0
Weekday,Noon,Road,'01 - Clear','01 - Daylight','01 - Dry','01 - Traffic signal',-0.272724,'P.D. only',Injury,'02 - Angle',Ottawa_east,0
Weekday,Mid_Night,Road,'01 - Clear','07 - Dark','01 - Dry','10 - No control',-0.764703,'P.D. only',Injury,'07 - SMV other',Ottawa_south,0
Weekday,Night,Road,'01 - Clear','01 - Daylight','02 - Wet','10 - No control',-0.60465,'P.D. only',Injury,'02 - Angle',mid_town,0
Weekday,Night,Road,'01 - Clear','01 - Daylight','01 - Dry','01 - Traffic signal',-0.470586,'P.D. only',Injury,'03 - Rear end',Ottawa_west,0
Weekday,Evening,Road,'01 - Clear','01 - Daylight','01 - Dry','01 - Traffic signal',-0.565217,'P.D. only',Injury,'03 - Rear end',mid_town,0
Weekday,Evening,Road,'01 - Clear','01 - Daylight','02 - Wet','01 - Traffic signal',-0.58333,'P.D. only',Injury,'03 - Rear end',downtown,0
Weekday,Noon,highway,'01 - Clear','03 - Dawn','01 - Dry','10 - No control',-0.555547,'P.D. only',Injury,'03 - Rear end',downtown,0
Weekday,Evening,Road,'01 - Clear','01 - Daylight','01 - Dry','01 - Traffic signal',-0.532467,'P.D. only',Injury,'05 - Turning movement',downtown,0
Weekday,Night,Road,'01 - Clear','01 - Daylight','01 - Dry','01 - Traffic signal',0.032258,Injury,Injury,'02 - Angle',mid_town,1
Weekday,Afternoon,Road,'01 - Clear','01 - Daylight','01 - Dry','01 - Traffic signal',-0.636355,'P.D. only',Injury,'02 - Angle',downtown,0
Weekends,Night,Road,'01 - Clear','01 - Daylight','01 - Dry','01 - Traffic signal',-0.647053,'P.D. only',Injury,'03 - Rear end',downtown,0
Weekday,Evening,Road,'01 - Clear','01 - Daylight','01 - Dry','01 - Traffic signal',-0.565217,'P.D. only',Injury,'03 - Rear end',mid_town,0
Weekday,Night,Road,'01 - Clear','01 - Daylight','01 - Dry','01 - Traffic signal',0.999992,Injury,Injury,'07 - SMV other',downtown,1
Weekday,Evening,Road,'05 - Drifting Snow','01 - Daylight','02 - Wet','01 - Traffic signal',0,Injury,Injury,'02 - Angle',mid_town,0
Weekends,Evening,Road,'01 - Clear','01 - Daylight','01 - Dry','01 - Traffic signal',-0.636355,'P.D. only',Injury,'02 - Angle',downtown,0
Weekday,Night,Road,'02 - Rain','01 - Daylight','01 - Dry','01 - Traffic signal',-0.654761,'P.D. only',Injury,'03 - Rear end',downtown,0
Weekday,Evening,Road,'01 - Clear','01 - Daylight','01 - Dry','10 - No control',-0.999984,'P.D. only',Injury,'03 - Rear end',Ottawa_east,0
Weekday,Night,Road,'01 - Clear','01 - Daylight','01 - Dry','02 - Stop sign',-0.249998,'P.D. only',Injury,'02 - Angle',Ottawa_south,0
Weekday,Night,Road,'01 - Clear','01 - Daylight','01 - Dry','01 - Traffic signal',-0.603448,'P.D. only',Injury,'03 - Rear end',mid_town,0
Weekday,Afternoon,Road,'01 - Clear','01 - Daylight','01 - Dry','02 - Stop sign',-0.647056,'P.D. only',Injury,'04 - Sideswipe',mid_town,0
Weekday,Evening,Road,'01 - Clear','01 - Daylight','01 - Dry','02 - Stop sign',-0.499991,'P.D. only',Injury,'02 - Angle',Ottawa_south,0
Weekday,Evening,Road,'01 - Clear','01 - Daylight','01 - Dry','01 - Traffic signal',-0.532467,'P.D. only',Injury,'05 - Turning movement',downtown,0
Weekday,Early_Morning,Road,'01 - Clear','07 - Dark','01 - Dry','01 - Traffic signal',-0.399994,'P.D. only',Injury,'02 - Angle',Ottawa_east,0
Weekends,Evening,Road,'01 - Clear','01 - Daylight','01 - Dry','10 - No control',-0.66665,'P.D. only',Injury,'03 - Rear end',Ottawa_west,0
Weekday,Evening,Road,'01 - Clear','01 - Daylight','01 - Dry','01 - Traffic signal',-0.319999,'P.D. only',Injury,'02 - Angle',downtown,0
Weekday,Night,Road,'01 - Clear','01 - Daylight','01 - Dry','10 - No control',-0.558139,'P.D. only',Injury,'03 - Rear end',downtown,0
Weekday,Noon,Road,'03 - Snow','07 - Dark','05 - Packed snow','10 - No control',-0.923072,'P.D. only',Injury,'04 - Sideswipe',downtown,0
Weekday,Mid_Night,Road,'01 - Clear','07 - Dark','02 - Wet','02 - Stop sign',-0.999951,'P.D. only',Injury,'05 - Turning movement',Ottawa_east,0
Weekday,Evening,Road,'01 - Clear','01 - Daylight','01 - Dry','02 - Stop sign',-0.599999,'P.D. only',Injury,'03 - Rear end',Ottawa_east,0
Weekday,Afternoon,Road,'05 - Drifting Snow','01 - Daylight','06 - Ice','10 - No control',-0.624994,'P.D. only',Injury,'01 - Approaching',mid_town,0
Weekday,Evening,Road,'01 - Clear','01 - Daylight','01 - Dry','01 - Traffic signal',-0.333332,'P.D. only',Injury,'02 - Angle',mid_town,0
Weekday,Evening,Road,'01 - Clear','01 - Daylight','01 - Dry','02 - Stop sign',0.749993,Injury,Injury,'07 - SMV other',mid_town,1
Weekday,Night,Road,'01 - Clear','01 - Daylight','01 - Dry','02 - Stop sign',-0.499982,'P.D. only',Injury,'05 - Turning movement',mid_town,0
Weekday,Night,highway,'02 - Rain','01 - Daylight','06 - Ice','10 - No control',-0.999971,'P.D. only',Injury,'03 - Rear end',downtown,0
Weekday,Noon,Road,'03 - Snow','03 - Dawn','04 - Slush','01 - Traffic signal',-0.749986,'P.D. only',Injury,'99 - Other',downtown,0
Weekday,Evening,Road,'01 - Clear','01 - Daylight','01 - Dry','10 - No control',0.999976,Injury,Injury,'07 - SMV other',downtown,1
Weekday,Night,Road,'01 - Clear','07 - Dark','01 - Dry','10 - No control',-0.714271,'P.D. only',Injury,'03 - Rear end',Ottawa_east,0
Weekday,Evening,Road,'01 - Clear','01 - Daylight','01 - Dry','01 - Traffic signal',-0.532467,'P.D. only',Injury,'05 - Turning movement',downtown,0
Weekday,Evening,Road,'01 - Clear','01 - Daylight','01 - Dry','10 - No control',-0.333329,'P.D. only',Injury,'07 - SMV other',mid_town,0
Weekday,Evening,highway,'01 - Clear','01 - Daylight','01 - Dry','10 - No control',-0.714271,'P.D. only',Injury,'03 - Rear end',Ottawa_west,0
Weekday,Noon,highway,'01 - Clear','01 - Daylight','06 - Ice','10 - No control',-0.777771,'P.D. only',Injury,'04 - Sideswipe',downtown,0
Weekday,Evening,Road,'01 - Clear','01 - Daylight','01 - Dry','03 - Yield sign',-0.605769,'P.D. only',Injury,'03 - Rear end',downtown,0
Weekends,Evening,Road,'01 - Clear','01 - Daylight','01 - Dry','01 - Traffic signal',-0.799988,'P.D. only',Injury,'04 - Sideswipe',downtown,0
Weekday,Night,Road,'01 - Clear','01 - Daylight','01 - Dry','02 - Stop sign',-0.285713,'P.D. only',Injury,'02 - Angle',downtown,0
Weekday,Night,Road,'01 - Clear','01 - Daylight','01 - Dry','01 - Traffic signal',-0.677416,'P.D. only',Injury,'02 - Angle',downtown,0
Weekends,Mid_Night,Road,'01 - Clear','07 - Dark','01 - Dry','10 - No control',-0.999992,'P.D. only',Injury,'07 - SMV other',Ottawa_south,0
Weekday,Evening,Road,'01 - Clear','01 - Daylight','01 - Dry','01 - Traffic signal',-0.399994,'P.D. only',Injury,'02 - Angle',Ottawa_east,0
Weekday,Noon,Road,'01 - Clear','01 - Daylight','01 - Dry','10 - No control',-0.333325,'P.D. only',Injury,'03 - Rear end',Ottawa_west,0
Weekday,Afternoon,Road,'01 - Clear','01 - Daylight','01 - Dry','10 - No control',-0.499991,'P.D. only',Injury,'07 - SMV other',downtown,0
Weekday,Night,Road,'01 - Clear','01 - Daylight','01 - Dry','10 - No control',-0.299998,'P.D. only',Injury,'05 - Turning movement',mid_town,0
Weekday,Mid_Night,Road,'01 - Clear','07 - Dark','06 - Ice','10 - No control',-0.658534,'P.D. only',Injury,'03 - Rear end',downtown,0
Weekday,Night,highway,'01 - Clear','01 - Daylight','01 - Dry','10 - No control',-0.629628,'P.D. only',Injury,'03 - Rear end',downtown,0
Weekday,Night,Road,'01 - Clear','07 - Dark','02 - Wet','02 - Stop sign',-0.473681,'P.D. only',Injury,'03 - Rear end',downtown,0
Weekends,Night,Road,'02 - Rain','05 - Dusk','02 - Wet','01 - Traffic signal',-0.714281,'P.D. only',Injury,'03 - Rear end',mid_town,0
Weekday,Night,Road,'03 - Snow','07 - Dark','03 - Loose snow','10 - No control',-0.999991,'P.D. only',Injury,'05 - Turning movement',downtown,0
Weekday,Noon,Road,'01 - Clear','01 - Daylight','01 - Dry','02 - Stop sign',0.928567,Injury,Injury,'07 - SMV other',downtown,1
Weekday,Night,Road,'01 - Clear','01 - Daylight','01 - Dry','02 - Stop sign',-0.384611,'P.D. only',Injury,'02 - Angle',Ottawa_west,0
Weekends,Evening,Road,'01 - Clear','01 - Daylight','01 - Dry','10 - No control',-0.685039,'P.D. only',Injury,'07 - SMV other',downtown,0
Weekday,Evening,Road,'01 - Clear','01 - Daylight','01 - Dry','02 - Stop sign',-0.499982,'P.D. only',Injury,'05 - Turning movement',Ottawa_east,0
Weekends,Evening,Road,'01 - Clear','01 - Daylight','01 - Dry','01 - Traffic signal',-0.636355,'P.D. only',Injury,'02 - Angle',downtown,0
Weekends,Mid_Night,Road,'01 - Clear','07 - Dark','01 - Dry','02 - Stop sign',-0.727268,'P.D. only',Injury,'03 - Rear end',downtown,0
Weekday,Noon,Road,'01 - Clear','01 - Daylight','06 - Ice','10 - No control',-0.999951,'P.D. only',Injury,'07 - SMV other',Ottawa_south,0
Weekday,Evening,highway,'01 - Clear','01 - Daylight','01 - Dry','10 - No control',-0.624997,'P.D. only',Injury,'05 - Turning movement',Ottawa_west,0
Weekends,Evening,Road,'01 - Clear','01 - Daylight','01 - Dry','02 - Stop sign',-0.459458,'P.D. only',Injury,'02 - Angle',Ottawa_east,0
Weekday,Noon,Road,'01 - Clear','01 - Daylight','01 - Dry','10 - No control',-0.515149,'P.D. only',Injury,'03 - Rear end',mid_town,0
Weekday,Night,Road,'01 - Clear','01 - Daylight','01 - Dry','01 - Traffic signal',-0.48837,'P.D. only',Injury,'05 - Turning movement',mid_town,0
Weekday,Afternoon,Road,'01 - Clear','01 - Daylight','01 - Dry','01 - Traffic signal',-0.466662,'P.D. only',Injury,'05 - Turning movement',mid_town,0
Weekday,Noon,Road,'01 - Clear','01 - Daylight','01 - Dry','10 - No control',-0.999963,'P.D. only',Injury,'05 - Turning movement',Ottawa_east,0
Weekday,Noon,Road,'01 - Clear','01 - Daylight','01 - Dry','01 - Traffic signal',-0.225805,'P.D. only',Injury,'05 - Turning movement',downtown,0
Weekday,Night,Road,'03 - Snow','07 - Dark','03 - Loose snow','01 - Traffic signal',-0.999987,'P.D. only',Injury,'04 - Sideswipe',mid_town,0
Weekends,Night,Road,'02 - Rain','01 - Daylight','02 - Wet','10 - No control',-0.666659,'P.D. only',Injury,'05 - Turning movement',downtown,0
Weekday,Evening,highway,'03 - Snow','01 - Daylight','03 - Loose snow','10 - No control',-0.999951,'P.D. only',Injury,'07 - SMV other',Ottawa_west,0
Weekday,Mid_Night,Road,'01 - Clear','07 - Dark','01 - Dry','10 - No control',0.333317,Injury,Injury,'03 - Rear end',Ottawa_south,0
Weekday,Night,Road,'01 - Clear','01 - Daylight','01 - Dry','10 - No control',-0.407405,'P.D. only',Injury,'05 - Turning movement',downtown,0
Weekday,Night,Road,'01 - Clear','01 - Daylight','01 - Dry','01 - Traffic signal',-0.677416,'P.D. only',Injury,'02 - Angle',downtown,0
Weekday,Night,Road,'01 - Clear','01 - Daylight','01 - Dry','02 - Stop sign',-0.599982,'P.D. only',Injury,'07 - SMV other',downtown,0
Weekday,Morning,Road,'01 - Clear','03 - Dawn','01 - Dry','10 - No control',-0.428562,'P.D. only',Injury,'07 - SMV other',mid_town,0
Weekday,Mid_Night,Road,'01 - Clear','07 - Dark','01 - Dry','01 - Traffic signal',-0.764703,'P.D. only',Injury,'03 - Rear end',mid_town,0
Weekends,Evening,Road,'01 - Clear','01 - Daylight','02 - Wet','10 - No control',-0.666665,'P.D. only',Injury,'03 - Rear end',downtown,0
Weekends,Early_Morning,Road,'01 - Clear','07 - Dark','01 - Dry','01 - Traffic signal',0.199994,Injury,Injury,'07 - SMV other',downtown,1
Weekends,Night,Road,'01 - Clear','01 - Daylight','01 - Dry','01 - Traffic signal',-0.599996,'P.D. only',Injury,'03 - Rear end',mid_town,0
Weekday,Mid_Night,Road,'01 - Clear','01 - Daylight','01 - Dry','01 - Traffic signal',-0.749986,'P.D. only',Injury,'03 - Rear end',mid_town,0
Weekday,Noon,Road,'01 - Clear','01 - Daylight','01 - Dry','02 - Stop sign',-0.66665,'P.D. only',Injury,'05 - Turning movement',downtown,0
Weekday,Afternoon,Road,'01 - Clear','01 - Daylight','01 - Dry','01 - Traffic signal',-0.749986,'P.D. only',Injury,'03 - Rear end',Ottawa_east,0
Weekday,Afternoon,Road,'01 - Clear','01 - Daylight','01 - Dry','01 - Traffic signal',-0.547168,'P.D. only',Injury,'03 - Rear end',downtown,0
Weekends,Mid_Night,Road,'01 - Clear','07 - Dark','01 - Dry','10 - No control',0.555547,Injury,Injury,'07 - SMV other',mid_town,1
Weekends,Night,Road,'01 - Clear','01 - Daylight','01 - Dry','10 - No control',-0.999984,'P.D. only',Injury,'06 - SMV unattended vehicle',mid_town,0
Weekday,Noon,highway,'01 - Clear','01 - Daylight','01 - Dry','10 - No control',-0.428567,'P.D. only',Injury,'03 - Rear end',Ottawa_west,0
Weekends,Early_Morning,Road,'01 - Clear','07 - Dark','01 - Dry','01 - Traffic signal',0.199994,Injury,Injury,'07 - SMV other',downtown,1
Weekends,Evening,Road,'01 - Clear','01 - Daylight','01 - Dry','01 - Traffic signal',-0.399994,'P.D. only',Injury,'02 - Angle',mid_town,0
Weekends,Morning,Road,'01 - Clear','07 - Dark','01 - Dry','10 - No control',-0.575755,'P.D. only',Injury,'07 - SMV other',Ottawa_east,1
Weekends,Morning,Road,'01 - Clear','07 - Dark','02 - Wet','01 - Traffic signal',-0.11111,'P.D. only',Injury,'02 - Angle',mid_town,0
Weekday,Noon,Road,'03 - Snow','01 - Daylight','02 - Wet','01 - Traffic signal',-0.793099,'P.D. only',Injury,'03 - Rear end',mid_town,0
Weekday,Evening,highway,'01 - Clear','01 - Daylight','01 - Dry','10 - No control',-0.384611,'P.D. only',Injury,'07 - SMV other',downtown,0
Weekday,Night,Road,'01 - Clear','01 - Daylight','01 - Dry','01 - Traffic signal',0.999992,Injury,Injury,'07 - SMV other',downtown,1
Weekday,Evening,Road,'01 - Clear','01 - Daylight','01 - Dry','02 - Stop sign',-0.562497,'P.D. only',Injury,'02 - Angle',downtown,0
Weekday,Night,Road,'01 - Clear','07 - Dark','01 - Dry','01 - Traffic signal',0.66665,Injury,Injury,'07 - SMV other',Ottawa_south,1
Weekday,Night,Road,'02 - Rain','01 - Daylight','02 - Wet','01 - Traffic signal',-0.812496,'P.D. only',Injury,'03 - Rear end',mid_town,0
Weekday,Evening,Road,'01 - Clear','01 - Daylight','01 - Dry','10 - No control',-0.999997,'P.D. only',Injury,'06 - SMV unattended vehicle',downtown,0
Weekday,Noon,Road,'01 - Clear','01 - Daylight','01 - Dry','10 - No control',-0.679996,'P.D. only',Injury,'03 - Rear end',downtown,0
Weekends,Night,Road,'01 - Clear','01 - Daylight','01 - Dry','01 - Traffic signal',-0.199994,'P.D. only',Injury,'03 - Rear end',Ottawa_east,0