DATE,TIME,Road_type,ENVIRONMENT,LIGHT,SURFACE_CONDITION,TRAFFIC_CONTROL,'prediction margin','predicted COLLISION_CLASSIFICATION',COLLISION_CLASSIFICATION,IMPACT_TYPE,Location,NO_OF_PEDESTRIANS
Weekday,Noon,Road,'01 - Clear','01 - Daylight','06 - Ice','01 - Traffic signal',0.919995,'P.D. only','P.D. only','04 - Sideswipe',mid_town,0
Weekends,Night,highway,'01 - Clear','01 - Daylight','01 - Dry','10 - No control',0.999963,'P.D. only','P.D. only','03 - Rear end',downtown,0
Weekends,Night,Road,'01 - Clear','05 - Dusk','01 - Dry','10 - No control',0.999963,'P.D. only','P.D. only','02 - Angle',Ottawa_east,0
Weekday,Night,Road,'01 - Clear','07 - Dark','01 - Dry','02 - Stop sign',0.999963,'P.D. only','P.D. only','02 - Angle',mid_town,0
Weekday,Afternoon,Road,'01 - Clear','01 - Daylight','02 - Wet','01 - Traffic signal',0.523806,'P.D. only','P.D. only','07 - SMV other',mid_town,0
Weekends,Mid_Night,Road,'01 - Clear','05 - Dusk','01 - Dry','02 - Stop sign',0.199994,'P.D. only','P.D. only','02 - Angle',mid_town,0
Weekday,Night,Road,'01 - Clear','07 - Dark','06 - Ice','10 - No control',0.99999,'P.D. only','P.D. only','04 - Sideswipe',downtown,0
Weekday,Night,highway,'01 - Clear','01 - Daylight','01 - Dry','01 - Traffic signal',0.599982,'P.D. only','P.D. only','03 - Rear end',Ottawa_west,0
Weekday,Evening,Road,'00 - Unknown','01 - Daylight','00 - Unknown','01 - Traffic signal',0.714278,'P.D. only','P.D. only','05 - Turning movement',Ottawa_south,0
Weekday,Night,highway,'01 - Clear','01 - Daylight','01 - Dry','10 - No control',0.857138,'P.D. only','P.D. only','04 - Sideswipe',downtown,0
Weekday,Evening,Road,'01 - Clear','01 - Daylight','06 - Ice','10 - No control',0.599982,'P.D. only','P.D. only','01 - Approaching',Ottawa_south,0
Weekday,Night,Road,'01 - Clear','01 - Daylight','01 - Dry','01 - Traffic signal',0.739128,'P.D. only','P.D. only','04 - Sideswipe',downtown,0
Weekday,Afternoon,Road,'01 - Clear','01 - Daylight','01 - Dry','01 - Traffic signal',0.407405,'P.D. only','P.D. only','05 - Turning movement',downtown,0
Weekends,Mid_Night,Road,'01 - Clear','07 - Dark','01 - Dry','01 - Traffic signal',0.599991,'P.D. only','P.D. only','03 - Rear end',mid_town,0
Weekday,Afternoon,Road,'01 - Clear','01 - Daylight','02 - Wet','10 - No control',0.647053,'P.D. only','P.D. only','02 - Angle',Ottawa_west,0
Weekday,Mid_Night,Road,'03 - Snow','00 - Unknown','03 - Loose snow','10 - No control',0.999971,'P.D. only','P.D. only','06 - SMV unattended vehicle',downtown,0
Weekday,Noon,Road,'01 - Clear','01 - Daylight','01 - Dry','01 - Traffic signal',0.80769,'P.D. only','P.D. only','03 - Rear end',downtown,0
Weekday,Night,Road,'01 - Clear','01 - Daylight','01 - Dry','01 - Traffic signal',0.653543,'P.D. only','P.D. only','03 - Rear end',downtown,0
Weekday,Night,Road,'02 - Rain','01 - Daylight','02 - Wet','10 - No control',0.698111,'P.D. only','P.D. only','06 - SMV unattended vehicle',downtown,0
Weekday,Mid_Night,Road,'01 - Clear','07 - Dark','01 - Dry','01 - Traffic signal',0.999989,'P.D. only','P.D. only','05 - Turning movement',Ottawa_east,0
Weekday,Night,highway,'01 - Clear','01 - Daylight','01 - Dry','10 - No control',0.857138,'P.D. only','P.D. only','04 - Sideswipe',downtown,0
Weekday,Night,Road,'03 - Snow','01 - Daylight','03 - Loose snow','10 - No control',0.764699,'P.D. only','P.D. only','07 - SMV other',Ottawa_south,0
Weekday,Mid_Night,Road,'04 - Freezing Rain','07 - Dark','01 - Dry','10 - No control',0.999971,'P.D. only','P.D. only','04 - Sideswipe',Ottawa_east,0
Weekday,Night,Road,'01 - Clear','07 - Dark','04 - Slush','01 - Traffic signal',0.368418,'P.D. only','P.D. only','05 - Turning movement',mid_town,0
Weekends,Mid_Night,Road,'01 - Clear','07 - Dark','02 - Wet','10 - No control',0.888882,'P.D. only','P.D. only','06 - SMV unattended vehicle',Ottawa_west,0
Weekday,Night,Road,'01 - Clear','01 - Daylight','01 - Dry','01 - Traffic signal',0.199998,'P.D. only','P.D. only','05 - Turning movement',Ottawa_west,0
Weekday,Night,highway,'01 - Clear','01 - Daylight','02 - Wet','01 - Traffic signal',0.882345,'P.D. only','P.D. only','03 - Rear end',mid_town,0
Weekday,Afternoon,Road,'01 - Clear','01 - Daylight','01 - Dry','01 - Traffic signal',0.624994,'P.D. only','P.D. only','02 - Angle',downtown,0
Weekday,Night,Road,'01 - Clear','07 - Dark','01 - Dry','01 - Traffic signal',0.999985,'P.D. only','P.D. only','03 - Rear end',downtown,0
Weekday,Afternoon,Road,'01 - Clear','01 - Daylight','06 - Ice','01 - Traffic signal',0.999951,'P.D. only','P.D. only','03 - Rear end',mid_town,0
Weekday,Night,Road,'02 - Rain','01 - Daylight','02 - Wet','01 - Traffic signal',0.624994,'P.D. only','P.D. only','03 - Rear end',downtown,0
Weekends,Night,Road,'01 - Clear','07 - Dark','02 - Wet','10 - No control',0.749995,'P.D. only','P.D. only','99 - Other',Ottawa_south,0
Weekday,Night,Road,'01 - Clear','01 - Daylight','01 - Dry','01 - Traffic signal',0.653543,'P.D. only','P.D. only','03 - Rear end',downtown,0
Weekday,Night,Road,'01 - Clear','05 - Dusk','01 - Dry','10 - No control',0.499982,'P.D. only','P.D. only','04 - Sideswipe',mid_town,0
Weekday,Evening,Road,'01 - Clear','01 - Daylight','01 - Dry','01 - Traffic signal',0.445782,'P.D. only','P.D. only','05 - Turning movement',downtown,0
Weekday,Mid_Night,Road,'01 - Clear','07 - Dark','01 - Dry','10 - No control',0.809518,'P.D. only','P.D. only','07 - SMV other',Ottawa_east,0
Weekday,Night,Road,'01 - Clear','01 - Daylight','01 - Dry','10 - No control',0.546391,'P.D. only','P.D. only','03 - Rear end',mid_town,0
Weekday,Evening,Road,'01 - Clear','01 - Daylight','01 - Dry','01 - Traffic signal',0.592232,'P.D. only','P.D. only','03 - Rear end',downtown,0
Weekday,Night,Road,'01 - Clear','05 - Dusk','01 - Dry','10 - No control',0.999976,'P.D. only','P.D. only','05 - Turning movement',mid_town,0
Weekday,Afternoon,Road,'01 - Clear','01 - Daylight','01 - Dry','01 - Traffic signal',0.558282,'P.D. only','P.D. only','07 - SMV other',downtown,0
Weekends,Mid_Night,highway,'01 - Clear','00 - Unknown','01 - Dry','10 - No control',0,Injury,'P.D. only','07 - SMV other',Ottawa_east,0
Weekends,Early_Morning,Road,'01 - Clear','07 - Dark','06 - Ice','10 - No control',0.714278,'P.D. only','P.D. only','07 - SMV other',Ottawa_south,0
Weekends,Night,Road,'01 - Clear','01 - Daylight','01 - Dry','01 - Traffic signal',0.499996,'P.D. only','P.D. only','03 - Rear end',mid_town,0
Weekday,Noon,Road,'02 - Rain','01 - Daylight','02 - Wet','10 - No control',0.799988,'P.D. only','P.D. only','04 - Sideswipe',Ottawa_east,0
Weekends,Evening,highway,'03 - Snow','01 - Daylight','05 - Packed snow','10 - No control',0.999951,'P.D. only','P.D. only','07 - SMV other',Ottawa_west,0
Weekday,Afternoon,highway,'01 - Clear','01 - Daylight','03 - Loose snow','10 - No control',0.448274,'P.D. only','P.D. only','03 - Rear end',downtown,0
Weekday,Night,Road,'01 - Clear','01 - Daylight','01 - Dry','01 - Traffic signal',0.653543,'P.D. only','P.D. only','03 - Rear end',downtown,0
Weekends,Evening,Road,'01 - Clear','01 - Daylight','01 - Dry','01 - Traffic signal',0.619043,'P.D. only','P.D. only','05 - Turning movement',downtown,0
Weekday,Mid_Night,Road,'01 - Clear','01 - Daylight','01 - Dry','10 - No control',0.599996,'P.D. only','P.D. only','04 - Sideswipe',Ottawa_south,0
Weekday,Night,Road,'01 - Clear','01 - Daylight','01 - Dry','01 - Traffic signal',0.653543,'P.D. only','P.D. only','03 - Rear end',downtown,0
Weekday,Evening,highway,'01 - Clear','01 - Daylight','01 - Dry','10 - No control',0.490195,'P.D. only','P.D. only','03 - Rear end',downtown,0
Weekday,Mid_Night,Road,'01 - Clear','07 - Dark','01 - Dry','10 - No control',0.749993,'P.D. only','P.D. only','07 - SMV other',mid_town,0
Weekday,Noon,Road,'01 - Clear','01 - Daylight','01 - Dry','01 - Traffic signal',0.599998,'P.D. only','P.D. only','03 - Rear end',mid_town,0
Weekday,Night,Road,'02 - Rain','01 - Daylight','02 - Wet','01 - Traffic signal',0.724134,'P.D. only','P.D. only','03 - Rear end',mid_town,0
Weekday,Night,highway,'03 - Snow','01 - Daylight','03 - Loose snow','01 - Traffic signal',0.764699,'P.D. only','P.D. only','02 - Angle',Ottawa_west,0
Weekends,Night,Road,'01 - Clear','01 - Daylight','01 - Dry','10 - No control',0.999982,'P.D. only','P.D. only','03 - Rear end',downtown,0
Weekday,Noon,highway,'03 - Snow','03 - Dawn','03 - Loose snow','10 - No control',0.888882,'P.D. only','P.D. only','03 - Rear end',Ottawa_east,0
Weekday,Afternoon,Road,'01 - Clear','01 - Daylight','01 - Dry','01 - Traffic signal',0.407405,'P.D. only','P.D. only','05 - Turning movement',downtown,0
Weekday,Noon,Road,'01 - Clear','01 - Daylight','01 - Dry','01 - Traffic signal',0.80769,'P.D. only','P.D. only','03 - Rear end',downtown,0
Weekday,Mid_Night,Road,'01 - Clear','07 - Dark','01 - Dry','01 - Traffic signal',0.999982,'P.D. only','P.D. only','07 - SMV other',mid_town,0
Weekday,Night,Road,'01 - Clear','01 - Daylight','01 - Dry','10 - No control',0.68085,'P.D. only','P.D. only','01 - Approaching',Ottawa_east,0
Weekends,Mid_Night,highway,'02 - Rain','07 - Dark','02 - Wet','10 - No control',0.833323,'P.D. only','P.D. only','07 - SMV other',downtown,0
Weekday,Night,Road,'01 - Clear','01 - Daylight','01 - Dry','01 - Traffic signal',0.419353,'P.D. only','P.D. only','03 - Rear end',Ottawa_west,0
Weekday,Evening,Road,'01 - Clear','01 - Daylight','01 - Dry','01 - Traffic signal',0.849054,'P.D. only','P.D. only','04 - Sideswipe',downtown,0
Weekday,Afternoon,Road,'03 - Snow','01 - Daylight','04 - Slush','10 - No control',0.999982,'P.D. only','P.D. only','99 - Other',downtown,0
Weekday,Night,Road,'01 - Clear','01 - Daylight','01 - Dry','10 - No control',0.568181,'P.D. only','P.D. only','03 - Rear end',downtown,0
Weekday,Mid_Night,Road,'01 - Clear','07 - Dark','05 - Packed snow','10 - No control',0.93103,'P.D. only','P.D. only','06 - SMV unattended vehicle',Ottawa_south,0
Weekday,Noon,highway,'01 - Clear','01 - Daylight','01 - Dry','10 - No control',0.999982,'P.D. only','P.D. only','04 - Sideswipe',downtown,0
Weekday,Noon,highway,'01 - Clear','01 - Daylight','01 - Dry','10 - No control',0.83333,'P.D. only','P.D. only','03 - Rear end',downtown,0
Weekday,Night,Road,'01 - Clear','01 - Daylight','01 - Dry','10 - No control',0.941172,'P.D. only','P.D. only','04 - Sideswipe',mid_town,0
Weekday,Noon,Road,'01 - Clear','01 - Daylight','04 - Slush','01 - Traffic signal',0.888882,'P.D. only','P.D. only','04 - Sideswipe',mid_town,0
Weekday,Afternoon,Road,'01 - Clear','01 - Daylight','01 - Dry','10 - No control',0.999985,'P.D. only','P.D. only','02 - Angle',downtown,0
Weekends,Afternoon,Road,'01 - Clear','01 - Daylight','01 - Dry','10 - No control',0.649998,'P.D. only','P.D. only','03 - Rear end',Ottawa_south,0
Weekends,Evening,Road,'03 - Snow','01 - Daylight','05 - Packed snow','01 - Traffic signal',0.666659,'P.D. only','P.D. only','03 - Rear end',mid_town,0
Weekday,Mid_Night,Road,'01 - Clear','01 - Daylight','01 - Dry','08 - Traffic gate',-0.333317,Injury,'P.D. only','03 - Rear end',Ottawa_south,0
Weekends,Mid_Night,Road,'03 - Snow','07 - Dark','06 - Ice','10 - No control',0.799994,'P.D. only','P.D. only','03 - Rear end',Ottawa_east,0
Weekday,Night,Road,'01 - Clear','01 - Daylight','01 - Dry','01 - Traffic signal',0.653543,'P.D. only','P.D. only','03 - Rear end',downtown,0
Weekday,Mid_Night,Road,'01 - Clear','01 - Daylight','01 - Dry','02 - Stop sign',0.466662,'P.D. only','P.D. only','07 - SMV other',Ottawa_west,0
Weekday,Noon,Road,'03 - Snow','03 - Dawn','03 - Loose snow','10 - No control',0.859647,'P.D. only','P.D. only','07 - SMV other',Ottawa_east,0
Weekends,Evening,highway,'03 - Snow','01 - Daylight','03 - Loose snow','10 - No control',0.999987,'P.D. only','P.D. only','04 - Sideswipe',downtown,0
Weekday,Mid_Night,highway,'01 - Clear','07 - Dark','01 - Dry','01 - Traffic signal',0.333331,'P.D. only','P.D. only','05 - Turning movement',mid_town,0
Weekends,Night,highway,'01 - Clear','01 - Daylight','01 - Dry','10 - No control',0.461536,'P.D. only','P.D. only','07 - SMV other',Ottawa_south,0
Weekday,Night,highway,'01 - Clear','01 - Daylight','01 - Dry','10 - No control',0.823526,'P.D. only','P.D. only','03 - Rear end',mid_town,0
Weekday,Evening,Road,'02 - Rain','01 - Daylight','02 - Wet','01 - Traffic signal',0.999963,'P.D. only','P.D. only','05 - Turning movement',downtown,0
Weekday,Evening,Road,'01 - Clear','01 - Daylight','01 - Dry','01 - Traffic signal',0.999984,'P.D. only','P.D. only','04 - Sideswipe',Ottawa_west,0
Weekday,Noon,Road,'01 - Clear','01 - Daylight','01 - Dry','10 - No control',0.799988,'P.D. only','P.D. only','03 - Rear end',Ottawa_south,0
Weekday,Noon,Road,'01 - Clear','03 - Dawn','01 - Dry','01 - Traffic signal',0.399994,'P.D. only','P.D. only','03 - Rear end',downtown,0
Weekends,Night,Road,'01 - Clear','01 - Daylight','01 - Dry','10 - No control',0.506493,'P.D. only','P.D. only','07 - SMV other',mid_town,0
Weekday,Mid_Night,highway,'03 - Snow','07 - Dark','04 - Slush','10 - No control',0.999979,'P.D. only','P.D. only','07 - SMV other',Ottawa_south,0
Weekday,Night,highway,'01 - Clear','01 - Daylight','01 - Dry','10 - No control',0.857138,'P.D. only','P.D. only','04 - Sideswipe',downtown,0
Weekday,Afternoon,Road,'01 - Clear','01 - Daylight','01 - Dry','10 - No control',0.882345,'P.D. only','P.D. only','06 - SMV unattended vehicle',downtown,0
Weekends,Night,Road,'01 - Clear','01 - Daylight','01 - Dry','01 - Traffic signal',0.499996,'P.D. only','P.D. only','03 - Rear end',mid_town,0
Weekends,Evening,Road,'01 - Clear','01 - Daylight','01 - Dry','02 - Stop sign',0.470586,'P.D. only','P.D. only','05 - Turning movement',mid_town,0
Weekends,Evening,Road,'02 - Rain','01 - Daylight','02 - Wet','01 - Traffic signal',0.66665,'P.D. only','P.D. only','03 - Rear end',mid_town,0
Weekends,Night,Road,'01 - Clear','01 - Daylight','01 - Dry','10 - No control',-0.199994,Injury,'P.D. only','05 - Turning movement',mid_town,0
Weekends,Night,Road,'01 - Clear','07 - Dark','01 - Dry','02 - Stop sign',0.631578,'P.D. only','P.D. only','03 - Rear end',Ottawa_west,0
Weekday,Mid_Night,Road,'01 - Clear','00 - Unknown','01 - Dry','02 - Stop sign',0.999963,'P.D. only','P.D. only','07 - SMV other',Ottawa_west,0
Weekday,Night,highway,'01 - Clear','01 - Daylight','01 - Dry','10 - No control',0.733326,'P.D. only','P.D. only','03 - Rear end',Ottawa_west,0
Weekday,Noon,Road,'01 - Clear','01 - Daylight','01 - Dry','01 - Traffic signal',0.80769,'P.D. only','P.D. only','03 - Rear end',downtown,0
Weekends,Night,Road,'01 - Clear','01 - Daylight','02 - Wet','10 - No control',0.578943,'P.D. only','P.D. only','02 - Angle',mid_town,0
Weekday,Evening,Road,'01 - Clear','01 - Daylight','01 - Dry','02 - Stop sign',0.61702,'P.D. only','P.D. only','03 - Rear end',Ottawa_west,0
Weekday,Noon,Road,'02 - Rain','03 - Dawn','02 - Wet','10 - No control',0.799988,'P.D. only','P.D. only','07 - SMV other',Ottawa_west,0
Weekday,Evening,Road,'01 - Clear','01 - Daylight','01 - Dry','10 - No control',0.771427,'P.D. only','P.D. only','04 - Sideswipe',downtown,0
Weekday,Afternoon,Road,'01 - Clear','01 - Daylight','01 - Dry','01 - Traffic signal',0.53846,'P.D. only','P.D. only','03 - Rear end',downtown,0
Weekday,Night,Road,'01 - Clear','01 - Daylight','01 - Dry','02 - Stop sign',0.302325,'P.D. only','P.D. only','02 - Angle',downtown,0
Weekday,Evening,Road,'01 - Clear','01 - Daylight','01 - Dry','10 - No control',0.962261,'P.D. only','P.D. only','06 - SMV unattended vehicle',downtown,0
Weekday,Noon,Road,'01 - Clear','01 - Daylight','01 - Dry','01 - Traffic signal',0.166665,'P.D. only','P.D. only','02 - Angle',Ottawa_east,0
Weekday,Afternoon,highway,'03 - Snow','01 - Daylight','06 - Ice','10 - No control',0.599982,'P.D. only','P.D. only','07 - SMV other',downtown,0
Weekday,Afternoon,Road,'01 - Clear','01 - Daylight','01 - Dry','01 - Traffic signal',0.53846,'P.D. only','P.D. only','03 - Rear end',downtown,0
Weekday,Noon,Road,'02 - Rain','01 - Daylight','02 - Wet','01 - Traffic signal',0.599991,'P.D. only','P.D. only','01 - Approaching',mid_town,0
Weekends,Night,Road,'01 - Clear','01 - Daylight','01 - Dry','10 - No control',0.333328,'P.D. only','P.D. only','03 - Rear end',mid_town,0
Weekday,Evening,Road,'01 - Clear','01 - Daylight','01 - Dry','10 - No control',0.507691,'P.D. only','P.D. only','03 - Rear end',downtown,0
Weekday,Evening,Road,'01 - Clear','01 - Daylight','01 - Dry','01 - Traffic signal',0.561403,'P.D. only','P.D. only','03 - Rear end',mid_town,0
Weekday,Evening,Road,'01 - Clear','01 - Daylight','01 - Dry','01 - Traffic signal',0.592232,'P.D. only','P.D. only','03 - Rear end',downtown,0
Weekday,Afternoon,Road,'01 - Clear','01 - Daylight','01 - Dry','10 - No control',0.999985,'P.D. only','P.D. only','02 - Angle',downtown,0
Weekday,Night,Road,'01 - Clear','01 - Daylight','01 - Dry','01 - Traffic signal',0.333317,'P.D. only','P.D. only','02 - Angle',Ottawa_east,0
Weekday,Mid_Night,Road,'01 - Clear','07 - Dark','01 - Dry','01 - Traffic signal',0.571426,'P.D. only','P.D. only','03 - Rear end',downtown,0
Weekends,Evening,Road,'01 - Clear','01 - Daylight','01 - Dry','10 - No control',0.789468,'P.D. only','P.D. only','03 - Rear end',downtown,0
Weekday,Evening,highway,'03 - Snow','01 - Daylight','03 - Loose snow','10 - No control',0.684205,'P.D. only','P.D. only','07 - SMV other',Ottawa_east,0
Weekends,Night,Road,'03 - Snow','07 - Dark','05 - Packed snow','10 - No control',0.809518,'P.D. only','P.D. only','03 - Rear end',mid_town,0
Weekday,Evening,Road,'01 - Clear','01 - Daylight','01 - Dry','01 - Traffic signal',0.999984,'P.D. only','P.D. only','04 - Sideswipe',Ottawa_west,0
Weekday,Night,Road,'01 - Clear','05 - Dusk','01 - Dry','10 - No control',0.999976,'P.D. only','P.D. only','04 - Sideswipe',downtown,0
Weekday,Night,Road,'01 - Clear','01 - Daylight','01 - Dry','10 - No control',0.683167,'P.D. only','P.D. only','99 - Other',Ottawa_east,0
Weekends,Night,highway,'03 - Snow','05 - Dusk','01 - Dry','10 - No control',-0.249995,Injury,'P.D. only','07 - SMV other',Ottawa_south,0
Weekends,Night,Road,'01 - Clear','05 - Dusk','01 - Dry','10 - No control',0.499996,'P.D. only','P.D. only','03 - Rear end',mid_town,0
Weekday,Night,Road,'01 - Clear','01 - Daylight','01 - Dry','01 - Traffic signal',0.739128,'P.D. only','P.D. only','04 - Sideswipe',downtown,0
Weekday,Afternoon,Road,'01 - Clear','01 - Daylight','01 - Dry','10 - No control',0.797467,'P.D. only','P.D. only','99 - Other',mid_town,0
Weekday,Evening,Road,'03 - Snow','01 - Daylight','04 - Slush','10 - No control',0.999951,'P.D. only','P.D. only','02 - Angle',Ottawa_west,0
Weekday,Noon,highway,'01 - Clear','01 - Daylight','01 - Dry','10 - No control',0.230767,'P.D. only','P.D. only','03 - Rear end',Ottawa_west,0
Weekday,Night,Road,'01 - Clear','01 - Daylight','01 - Dry','01 - Traffic signal',0.647058,'P.D. only','P.D. only','03 - Rear end',mid_town,0
Weekday,Noon,Road,'01 - Clear','07 - Dark','02 - Wet','02 - Stop sign',0.441859,'P.D. only','P.D. only','02 - Angle',Ottawa_east,0
Weekday,Night,Road,'01 - Clear','01 - Daylight','01 - Dry','02 - Stop sign',0.599994,'P.D. only','P.D. only','02 - Angle',mid_town,0
Weekday,Night,Road,'02 - Rain','01 - Daylight','02 - Wet','01 - Traffic signal',0.199994,'P.D. only','P.D. only','02 - Angle',downtown,0
Weekday,Noon,Road,'02 - Rain','01 - Daylight','02 - Wet','01 - Traffic signal',0.677416,'P.D. only','P.D. only','03 - Rear end',Ottawa_east,0
Weekday,Morning,Road,'02 - Rain','03 - Dawn','02 - Wet','10 - No control',0.333317,'P.D. only','P.D. only','07 - SMV other',Ottawa_south,0
Weekday,Noon,Road,'02 - Rain','01 - Daylight','02 - Wet','02 - Stop sign',0.66665,'P.D. only','P.D. only','07 - SMV other',Ottawa_east,0
Weekday,Evening,Road,'01 - Clear','01 - Daylight','01 - Dry','10 - No control',0.999982,'P.D. only','P.D. only','04 - Sideswipe',Ottawa_west,0
Weekday,Noon,Road,'01 - Clear','01 - Daylight','01 - Dry','02 - Stop sign',0.599994,'P.D. only','P.D. only','02 - Angle',downtown,0
Weekends,Evening,Road,'01 - Clear','01 - Daylight','01 - Dry','10 - No control',0.764699,'P.D. only','P.D. only','04 - Sideswipe',downtown,0
Weekday,Morning,highway,'01 - Clear','03 - Dawn','01 - Dry','10 - No control',0.999951,'P.D. only','P.D. only','07 - SMV other',Ottawa_west,0
Weekday,Night,Road,'01 - Clear','01 - Daylight','01 - Dry','01 - Traffic signal',0.333331,'P.D. only','P.D. only','02 - Angle',mid_town,0
Weekday,Evening,Road,'01 - Clear','01 - Daylight','01 - Dry','01 - Traffic signal',0.592232,'P.D. only','P.D. only','03 - Rear end',downtown,0
Weekday,Evening,Road,'01 - Clear','01 - Daylight','01 - Dry','01 - Traffic signal',0.445782,'P.D. only','P.D. only','05 - Turning movement',downtown,0
Weekday,Night,Road,'01 - Clear','01 - Daylight','02 - Wet','10 - No control',0.857138,'P.D. only','P.D. only','99 - Other',downtown,0
Weekday,Mid_Night,Road,'03 - Snow','07 - Dark','03 - Loose snow','01 - Traffic signal',0.555547,'P.D. only','P.D. only','05 - Turning movement',mid_town,0
Weekday,Noon,Road,'01 - Clear','03 - Dawn','01 - Dry','10 - No control',0.652172,'P.D. only','P.D. only','04 - Sideswipe',downtown,0
Weekday,Evening,Road,'01 - Clear','01 - Daylight','00 - Unknown','10 - No control',0.333317,'P.D. only','P.D. only','01 - Approaching',downtown,0
Weekday,Night,Road,'01 - Clear','01 - Daylight','01 - Dry','01 - Traffic signal',0.653543,'P.D. only','P.D. only','03 - Rear end',downtown,0
Weekday,Evening,Road,'03 - Snow','01 - Daylight','03 - Loose snow','10 - No control',0.714284,'P.D. only','P.D. only','03 - Rear end',mid_town,0
Weekends,Mid_Night,Road,'01 - Clear','07 - Dark','01 - Dry','01 - Traffic signal',0.399994,'P.D. only','P.D. only','05 - Turning movement',downtown,0
Weekday,Afternoon,highway,'01 - Clear','01 - Daylight','01 - Dry','10 - No control',0.363634,'P.D. only','P.D. only','03 - Rear end',downtown,0
Weekends,Noon,Road,'01 - Clear','01 - Daylight','01 - Dry','10 - No control',0.999963,'P.D. only','P.D. only','06 - SMV unattended vehicle',Ottawa_east,0
Weekday,Afternoon,Road,'03 - Snow','01 - Daylight','03 - Loose snow','10 - No control',0.999951,'P.D. only','P.D. only','03 - Rear end',downtown,0
Weekday,Noon,Road,'01 - Clear','01 - Daylight','01 - Dry','10 - No control',0.872338,'P.D. only','P.D. only','99 - Other',Ottawa_south,0
Weekday,Mid_Night,Road,'01 - Clear','07 - Dark','01 - Dry','10 - No control',0.999979,'P.D. only','P.D. only','05 - Turning movement',downtown,0
Weekday,Mid_Night,Road,'01 - Clear','07 - Dark','01 - Dry','10 - No control',0.777765,'P.D. only','P.D. only','06 - SMV unattended vehicle',Ottawa_south,0
Weekends,Evening,highway,'02 - Rain','01 - Daylight','02 - Wet','10 - No control',0.999971,'P.D. only','P.D. only','03 - Rear end',downtown,0
Weekday,Evening,Road,'01 - Clear','01 - Daylight','01 - Dry','10 - No control',0.962261,'P.D. only','P.D. only','06 - SMV unattended vehicle',downtown,0
Weekday,Evening,Road,'01 - Clear','01 - Daylight','02 - Wet','10 - No control',0.999971,'P.D. only','P.D. only','02 - Angle',mid_town,0
Weekday,Night,Road,'01 - Clear','01 - Daylight','01 - Dry','10 - No control',0.624997,'P.D. only','P.D. only','02 - Angle',mid_town,0
Weekday,Night,Road,'01 - Clear','01 - Daylight','01 - Dry','10 - No control',0.935479,'P.D. only','P.D. only','06 - SMV unattended vehicle',downtown,0
Weekday,Afternoon,Road,'01 - Clear','01 - Daylight','02 - Wet','01 - Traffic signal',0.749993,'P.D. only','P.D. only','02 - Angle',Ottawa_east,0
Weekends,Evening,Road,'02 - Rain','01 - Daylight','02 - Wet','10 - No control',0.714271,'P.D. only','P.D. only','02 - Angle',Ottawa_east,0
Weekday,Mid_Night,Road,'02 - Rain','01 - Daylight','02 - Wet','01 - Traffic signal',0.499982,'P.D. only','P.D. only','03 - Rear end',mid_town,0
Weekday,Night,Road,'03 - Snow','07 - Dark','03 - Loose snow','01 - Traffic signal',0.777765,'P.D. only','P.D. only','02 - Angle',mid_town,0
Weekday,Night,Road,'01 - Clear','01 - Daylight','01 - Dry','10 - No control',0.79487,'P.D. only','P.D. only','04 - Sideswipe',downtown,0
Weekday,Afternoon,Road,'01 - Clear','01 - Daylight','02 - Wet','10 - No control',0.666661,'P.D. only','P.D. only','02 - Angle',Ottawa_south,0
Weekday,Noon,highway,'01 - Clear','01 - Daylight','01 - Dry','10 - No control',0.230767,'P.D. only','P.D. only','03 - Rear end',Ottawa_west,0
Weekday,Afternoon,Road,'01 - Clear','01 - Daylight','01 - Dry','10 - No control',0.882345,'P.D. only','P.D. only','06 - SMV unattended vehicle',downtown,0
Weekday,Night,Road,'01 - Clear','01 - Daylight','01 - Dry','01 - Traffic signal',0.647058,'P.D. only','P.D. only','03 - Rear end',mid_town,0
Weekday,Night,Road,'01 - Clear','01 - Daylight','02 - Wet','10 - No control',0.727268,'P.D. only','P.D. only','01 - Approaching',downtown,0
Weekday,Night,Road,'02 - Rain','07 - Dark','02 - Wet','01 - Traffic signal',0.749993,'P.D. only','P.D. only','04 - Sideswipe',downtown,0
Weekday,Early_Morning,Road,'01 - Clear','07 - Dark','01 - Dry','01 - Traffic signal',-0.499982,Injury,'P.D. only','02 - Angle',downtown,0
Weekday,Night,Road,'01 - Clear','01 - Daylight','01 - Dry','10 - No control',0.546391,'P.D. only','P.D. only','03 - Rear end',mid_town,0
Weekday,Afternoon,Road,'03 - Snow','01 - Daylight','03 - Loose snow','01 - Traffic signal',0.666661,'P.D. only','P.D. only','03 - Rear end',Ottawa_east,0
Weekday,Evening,highway,'01 - Clear','01 - Daylight','01 - Dry','10 - No control',0.428567,'P.D. only','P.D. only','07 - SMV other',downtown,0
Weekday,Noon,Road,'01 - Clear','01 - Daylight','01 - Dry','10 - No control',0.555553,'P.D. only','P.D. only','04 - Sideswipe',downtown,0