DATE,TIME,Road_type,ENVIRONMENT,LIGHT,SURFACE_CONDITION,TRAFFIC_CONTROL,'prediction margin','predicted COLLISION_CLASSIFICATION',COLLISION_CLASSIFICATION,IMPACT_TYPE,Location,NO_OF_PEDESTRIANS
Weekday,Evening,Road,'01 - Clear','01 - Daylight','01 - Dry','10 - No control',0.809521,'P.D. only','P.D. only','03 - Rear end',mid_town,0
Weekday,Afternoon,highway,'02 - Rain','01 - Daylight','02 - Wet','10 - No control',0.714271,'P.D. only','P.D. only','04 - Sideswipe',downtown,0
Weekday,Evening,Road,'03 - Snow','01 - Daylight','04 - Slush','10 - No control',0.999951,'P.D. only','P.D. only','07 - SMV other',downtown,0
Weekday,Night,Road,'01 - Clear','01 - Daylight','01 - Dry','10 - No control',0.66665,'P.D. only','P.D. only','05 - Turning movement',Ottawa_east,0
Weekday,Noon,Road,'01 - Clear','01 - Daylight','01 - Dry','01 - Traffic signal',0.599998,'P.D. only','P.D. only','03 - Rear end',mid_town,0
Weekday,Night,Road,'01 - Clear','05 - Dusk','06 - Ice','10 - No control',0.999951,'P.D. only','P.D. only','03 - Rear end',mid_town,0
Weekday,Noon,Road,'01 - Clear','01 - Daylight','01 - Dry','10 - No control',0.999984,'P.D. only','P.D. only','06 - SMV unattended vehicle',mid_town,0
Weekday,Night,highway,'01 - Clear','01 - Daylight','01 - Dry','10 - No control',0.857138,'P.D. only','P.D. only','04 - Sideswipe',downtown,0
Weekday,Night,Road,'01 - Clear','01 - Daylight','01 - Dry','01 - Traffic signal',0.199998,'P.D. only','P.D. only','05 - Turning movement',Ottawa_west,0
Weekends,Mid_Night,Road,'01 - Clear','07 - Dark','01 - Dry','10 - No control',0.882345,'P.D. only','P.D. only','07 - SMV other',Ottawa_south,0
Weekday,Night,Road,'01 - Clear','01 - Daylight','01 - Dry','01 - Traffic signal',0.653543,'P.D. only','P.D. only','03 - Rear end',downtown,0
Weekday,Night,Road,'01 - Clear','05 - Dusk','01 - Dry','01 - Traffic signal',0.333325,'P.D. only','P.D. only','05 - Turning movement',mid_town,0
Weekday,Night,Road,'03 - Snow','05 - Dusk','03 - Loose snow','01 - Traffic signal',0.999963,'P.D. only','P.D. only','02 - Angle',Ottawa_west,0
Weekday,Evening,Road,'02 - Rain','01 - Daylight','02 - Wet','01 - Traffic signal',0.529407,'P.D. only','P.D. only','05 - Turning movement',Ottawa_south,0
Weekday,Mid_Night,Road,'01 - Clear','07 - Dark','01 - Dry','02 - Stop sign',0.710143,'P.D. only','P.D. only','03 - Rear end',mid_town,0
Weekday,Night,Road,'01 - Clear','07 - Dark','01 - Dry','10 - No control',0.999963,'P.D. only','P.D. only','06 - SMV unattended vehicle',mid_town,0
Weekday,Noon,Road,'01 - Clear','01 - Daylight','01 - Dry','10 - No control',0.166665,'P.D. only','P.D. only','03 - Rear end',Ottawa_east,0
Weekday,Mid_Night,Road,'01 - Clear','07 - Dark','01 - Dry','10 - No control',0.428562,'P.D. only','P.D. only','03 - Rear end',Ottawa_west,0
Weekday,Noon,Road,'01 - Clear','03 - Dawn','01 - Dry','01 - Traffic signal',0.999951,'P.D. only','P.D. only','03 - Rear end',Ottawa_west,0
Weekends,Evening,Road,'04 - Freezing Rain','01 - Daylight','04 - Slush','01 - Traffic signal',0.285713,'P.D. only','P.D. only','02 - Angle',mid_town,0
Weekday,Evening,highway,'01 - Clear','01 - Daylight','01 - Dry','10 - No control',0.490195,'P.D. only','P.D. only','03 - Rear end',downtown,0
Weekday,Night,Road,'01 - Clear','01 - Daylight','01 - Dry','10 - No control',0.79487,'P.D. only','P.D. only','04 - Sideswipe',downtown,0
Weekday,Noon,Road,'01 - Clear','01 - Daylight','01 - Dry','10 - No control',0.816325,'P.D. only','P.D. only','06 - SMV unattended vehicle',Ottawa_east,0
Weekday,Evening,Road,'01 - Clear','01 - Daylight','01 - Dry','02 - Stop sign',0.666659,'P.D. only','P.D. only','03 - Rear end',mid_town,0
Weekday,Night,Road,'01 - Clear','07 - Dark','01 - Dry','10 - No control',0.999971,'P.D. only','P.D. only','05 - Turning movement',downtown,0
Weekday,Night,Road,'01 - Clear','05 - Dusk','02 - Wet','10 - No control',0.294115,'P.D. only','P.D. only','02 - Angle',mid_town,0
Weekday,Afternoon,Road,'02 - Rain','01 - Daylight','02 - Wet','10 - No control',0.999971,'P.D. only','P.D. only','03 - Rear end',downtown,0
Weekday,Mid_Night,Road,'03 - Snow','07 - Dark','02 - Wet','01 - Traffic signal',0.499997,'P.D. only','P.D. only','05 - Turning movement',downtown,0
Weekday,Noon,Road,'01 - Clear','01 - Daylight','01 - Dry','01 - Traffic signal',0.133333,'P.D. only','P.D. only','05 - Turning movement',downtown,0
Weekday,Night,Road,'03 - Snow','01 - Daylight','03 - Loose snow','10 - No control',0.999963,'P.D. only','P.D. only','06 - SMV unattended vehicle',downtown,0
Weekday,Night,highway,'01 - Clear','01 - Daylight','01 - Dry','10 - No control',0.733326,'P.D. only','P.D. only','03 - Rear end',Ottawa_west,0
Weekday,Night,Road,'02 - Rain','01 - Daylight','02 - Wet','01 - Traffic signal',0.724134,'P.D. only','P.D. only','03 - Rear end',mid_town,0
Weekday,Mid_Night,highway,'01 - Clear','07 - Dark','01 - Dry','10 - No control',0.578943,'P.D. only','P.D. only','03 - Rear end',downtown,0
Weekday,Evening,Road,'01 - Clear','01 - Daylight','05 - Packed snow','10 - No control',0.999994,'P.D. only','P.D. only','06 - SMV unattended vehicle',Ottawa_west,0
Weekends,Night,Road,'03 - Snow','01 - Daylight','03 - Loose snow','01 - Traffic signal',0.888882,'P.D. only','P.D. only','03 - Rear end',downtown,0
Weekday,Night,Road,'01 - Clear','01 - Daylight','01 - Dry','01 - Traffic signal',0.333325,'P.D. only','P.D. only','07 - SMV other',downtown,0
Weekday,Night,Road,'02 - Rain','01 - Daylight','03 - Loose snow','10 - No control',0.66665,'P.D. only','P.D. only','07 - SMV other',Ottawa_west,0
Weekday,Afternoon,highway,'01 - Clear','01 - Daylight','01 - Dry','10 - No control',0.866658,'P.D. only','P.D. only','04 - Sideswipe',downtown,0
Weekday,Night,Road,'01 - Clear','01 - Daylight','01 - Dry','02 - Stop sign',0.538455,'P.D. only','P.D. only','03 - Rear end',mid_town,0
Weekday,Noon,Road,'01 - Clear','01 - Daylight','01 - Dry','10 - No control',0.473682,'P.D. only','P.D. only','03 - Rear end',mid_town,0
Weekends,Mid_Night,Road,'03 - Snow','07 - Dark','05 - Packed snow','02 - Stop sign',0.818171,'P.D. only','P.D. only','07 - SMV other',downtown,0
Weekends,Night,Road,'01 - Clear','01 - Daylight','01 - Dry','02 - Stop sign',0.999951,'P.D. only','P.D. only','02 - Angle',mid_town,0
Weekday,Noon,Road,'01 - Clear','01 - Daylight','01 - Dry','01 - Traffic signal',0.888882,'P.D. only','P.D. only','04 - Sideswipe',downtown,0
Weekends,Mid_Night,Road,'03 - Snow','07 - Dark','03 - Loose snow','10 - No control',0.999984,'P.D. only','P.D. only','04 - Sideswipe',downtown,0
Weekday,Night,highway,'02 - Rain','01 - Daylight','02 - Wet','10 - No control',0.66665,'P.D. only','P.D. only','03 - Rear end',downtown,0
Weekends,Evening,Road,'03 - Snow','01 - Daylight','03 - Loose snow','10 - No control',0.428567,'P.D. only','P.D. only','01 - Approaching',Ottawa_west,0
Weekday,Night,Road,'01 - Clear','01 - Daylight','01 - Dry','02 - Stop sign',0.230767,'P.D. only','P.D. only','02 - Angle',Ottawa_west,0
Weekday,Noon,Road,'02 - Rain','01 - Daylight','02 - Wet','10 - No control',0.777765,'P.D. only','P.D. only','03 - Rear end',mid_town,0
Weekday,Evening,Road,'03 - Snow','01 - Daylight','05 - Packed snow','02 - Stop sign',0.888885,'P.D. only','P.D. only','07 - SMV other',Ottawa_west,0
Weekday,Mid_Night,Road,'01 - Clear','07 - Dark','01 - Dry','02 - Stop sign',0.333325,'P.D. only','P.D. only','02 - Angle',downtown,0
Weekends,Night,Road,'01 - Clear','01 - Daylight','01 - Dry','10 - No control',0.999992,'P.D. only','P.D. only','06 - SMV unattended vehicle',downtown,0
Weekday,Evening,Road,'01 - Clear','01 - Daylight','01 - Dry','10 - No control',0.999992,'P.D. only','P.D. only','06 - SMV unattended vehicle',mid_town,0
Weekday,Noon,Road,'01 - Clear','01 - Daylight','01 - Dry','10 - No control',0.166665,'P.D. only','P.D. only','03 - Rear end',Ottawa_east,0
Weekends,Evening,Road,'01 - Clear','01 - Daylight','08 - Loose sand or gravel','02 - Stop sign',0.499982,'P.D. only','P.D. only','02 - Angle',Ottawa_west,0
Weekday,Evening,Road,'01 - Clear','01 - Daylight','01 - Dry','01 - Traffic signal',0.561403,'P.D. only','P.D. only','03 - Rear end',mid_town,0
Weekends,Evening,Road,'01 - Clear','01 - Daylight','01 - Dry','10 - No control',0.749986,'P.D. only','P.D. only','03 - Rear end',Ottawa_south,0
Weekday,Mid_Night,Road,'01 - Clear','05 - Dusk','01 - Dry','01 - Traffic signal',0.65217,'P.D. only','P.D. only','05 - Turning movement',Ottawa_east,0
Weekday,Noon,Road,'01 - Clear','01 - Daylight','01 - Dry','01 - Traffic signal',-0.142854,Injury,'P.D. only','05 - Turning movement',Ottawa_east,0
Weekday,Noon,Road,'01 - Clear','01 - Daylight','01 - Dry','10 - No control',0.749999,'P.D. only','P.D. only','04 - Sideswipe',Ottawa_west,0
Weekday,Noon,Road,'02 - Rain','01 - Daylight','02 - Wet','10 - No control',0.777765,'P.D. only','P.D. only','03 - Rear end',mid_town,0
Weekends,Evening,Road,'02 - Rain','01 - Daylight','02 - Wet','10 - No control',0.428562,'P.D. only','P.D. only','03 - Rear end',mid_town,0
Weekday,Noon,Road,'01 - Clear','07 - Dark','01 - Dry','02 - Stop sign',-0.111109,Injury,'P.D. only','02 - Angle',Ottawa_south,0
Weekday,Evening,Road,'01 - Clear','01 - Daylight','01 - Dry','03 - Yield sign',0.818178,'P.D. only','P.D. only','04 - Sideswipe',Ottawa_east,0
Weekday,Noon,Road,'01 - Clear','01 - Daylight','04 - Slush','10 - No control',0.999976,'P.D. only','P.D. only','06 - SMV unattended vehicle',Ottawa_south,0
Weekday,Noon,highway,'01 - Clear','01 - Daylight','01 - Dry','01 - Traffic signal',0.636362,'P.D. only','P.D. only','03 - Rear end',Ottawa_west,0
Weekends,Afternoon,Road,'02 - Rain','01 - Daylight','02 - Wet','01 - Traffic signal',0.714278,'P.D. only','P.D. only','03 - Rear end',Ottawa_south,0
Weekends,Evening,highway,'01 - Clear','01 - Daylight','01 - Dry','01 - Traffic signal',0.999951,'P.D. only','P.D. only','04 - Sideswipe',Ottawa_west,0
Weekday,Afternoon,Road,'01 - Clear','01 - Daylight','01 - Dry','10 - No control',0.307691,'P.D. only','P.D. only','03 - Rear end',downtown,0
Weekday,Noon,Road,'01 - Clear','01 - Daylight','01 - Dry','02 - Stop sign',0.999963,'P.D. only','P.D. only','03 - Rear end',mid_town,0
Weekday,Mid_Night,Road,'01 - Clear','01 - Daylight','01 - Dry','01 - Traffic signal',0.999976,'P.D. only','P.D. only','03 - Rear end',downtown,0
Weekday,Mid_Night,Road,'01 - Clear','07 - Dark','01 - Dry','01 - Traffic signal',0.882345,'P.D. only','P.D. only','04 - Sideswipe',downtown,0
Weekday,Night,Road,'01 - Clear','01 - Daylight','01 - Dry','10 - No control',0.66665,'P.D. only','P.D. only','07 - SMV other',mid_town,0
Weekday,Noon,Road,'01 - Clear','03 - Dawn','01 - Dry','10 - No control',0.631577,'P.D. only','P.D. only','03 - Rear end',Ottawa_south,0
Weekday,Mid_Night,Road,'01 - Clear','07 - Dark','01 - Dry','11 - Roundabout',0.740739,'P.D. only','P.D. only','07 - SMV other',Ottawa_west,0
Weekends,Evening,Road,'01 - Clear','01 - Daylight','01 - Dry','02 - Stop sign',0.333317,'P.D. only','P.D. only','03 - Rear end',mid_town,0
Weekends,Evening,Road,'01 - Clear','01 - Daylight','01 - Dry','10 - No control',0.694914,'P.D. only','P.D. only','04 - Sideswipe',Ottawa_east,0
Weekday,Noon,Road,'01 - Clear','01 - Daylight','01 - Dry','01 - Traffic signal',-0.142854,Injury,'P.D. only','05 - Turning movement',Ottawa_east,0
Weekends,Evening,Road,'01 - Clear','01 - Daylight','01 - Dry','10 - No control',0.428567,'P.D. only','P.D. only','03 - Rear end',mid_town,0
Weekday,Night,Road,'01 - Clear','01 - Daylight','01 - Dry','10 - No control',0.999979,'P.D. only','P.D. only','06 - SMV unattended vehicle',Ottawa_east,0
Weekday,Evening,Road,'01 - Clear','01 - Daylight','04 - Slush','10 - No control',0.999979,'P.D. only','P.D. only','99 - Other',Ottawa_east,0
Weekends,Early_Morning,Road,'01 - Clear','07 - Dark','01 - Dry','10 - No control',0.66665,'P.D. only','P.D. only','07 - SMV other',downtown,0
Weekday,Evening,Road,'01 - Clear','01 - Daylight','01 - Dry','01 - Traffic signal',0.592232,'P.D. only','P.D. only','03 - Rear end',downtown,0
Weekday,Night,Road,'01 - Clear','01 - Daylight','02 - Wet','01 - Traffic signal',0.999984,'P.D. only','P.D. only','03 - Rear end',mid_town,0
Weekday,Noon,Road,'01 - Clear','03 - Dawn','01 - Dry',Unknown,0.675673,'P.D. only','P.D. only','05 - Turning movement',Ottawa_east,0
Weekday,Mid_Night,highway,'02 - Rain','07 - Dark','02 - Wet','10 - No control',0.818171,'P.D. only','P.D. only','03 - Rear end',Ottawa_west,0
Weekday,Night,Road,'01 - Clear','01 - Daylight','01 - Dry','10 - No control',0.935479,'P.D. only','P.D. only','06 - SMV unattended vehicle',downtown,0
Weekday,Night,highway,'01 - Clear','07 - Dark','01 - Dry','10 - No control',0.199997,'P.D. only','P.D. only','03 - Rear end',mid_town,0
Weekday,Night,Road,'01 - Clear','01 - Daylight','01 - Dry','10 - No control',0.568181,'P.D. only','P.D. only','03 - Rear end',downtown,0
Weekday,Evening,Road,'01 - Clear','01 - Daylight','01 - Dry','10 - No control',0.507691,'P.D. only','P.D. only','03 - Rear end',downtown,0
Weekday,Evening,Road,'01 - Clear','01 - Daylight','01 - Dry','10 - No control',0.78571,'P.D. only','P.D. only','04 - Sideswipe',mid_town,0
Weekday,Noon,Road,'01 - Clear','01 - Daylight','01 - Dry','01 - Traffic signal',0.866658,'P.D. only','P.D. only','03 - Rear end',Ottawa_west,0
Weekday,Night,Road,'01 - Clear','01 - Daylight','01 - Dry','02 - Stop sign',0.299999,'P.D. only','P.D. only','07 - SMV other',Ottawa_south,0
Weekday,Night,Road,'01 - Clear','01 - Daylight','01 - Dry','01 - Traffic signal',0.653543,'P.D. only','P.D. only','03 - Rear end',downtown,0
Weekday,Evening,highway,'01 - Clear','01 - Daylight','01 - Dry','10 - No control',0.739128,'P.D. only','P.D. only','05 - Turning movement',mid_town,0
Weekday,Early_Morning,Road,'01 - Clear','07 - Dark','01 - Dry','10 - No control',0.333325,'P.D. only','P.D. only','07 - SMV other',downtown,0
Weekday,Night,Road,'01 - Clear','01 - Daylight','01 - Dry','01 - Traffic signal',0.647058,'P.D. only','P.D. only','03 - Rear end',mid_town,0
Weekends,Evening,Road,'01 - Clear','01 - Daylight','01 - Dry','10 - No control',0.866658,'P.D. only','P.D. only','02 - Angle',downtown,0
Weekday,Noon,Road,'01 - Clear','01 - Daylight','01 - Dry','10 - No control',0.999984,'P.D. only','P.D. only','02 - Angle',mid_town,0
Weekends,Afternoon,Road,'01 - Clear','01 - Daylight','01 - Dry','10 - No control',0.999963,'P.D. only','P.D. only','06 - SMV unattended vehicle',downtown,0
Weekday,Mid_Night,Road,'03 - Snow','07 - Dark','03 - Loose snow','10 - No control',0.999991,'P.D. only','P.D. only','06 - SMV unattended vehicle',Ottawa_south,0
Weekday,Night,highway,'01 - Clear','01 - Daylight','01 - Dry','10 - No control',0.733326,'P.D. only','P.D. only','03 - Rear end',Ottawa_west,0
Weekday,Evening,Road,'03 - Snow','01 - Daylight','03 - Loose snow','10 - No control',0.999951,'P.D. only','P.D. only','07 - SMV other',downtown,0
Weekday,Mid_Night,Road,'01 - Clear','07 - Dark','01 - Dry','02 - Stop sign',0.999951,'P.D. only','P.D. only','07 - SMV other',Ottawa_west,0
Weekends,Mid_Night,Road,'01 - Clear','07 - Dark','01 - Dry','10 - No control',0.99999,'P.D. only','P.D. only','06 - SMV unattended vehicle',downtown,0
Weekday,Mid_Night,Road,'01 - Clear','07 - Dark','01 - Dry','01 - Traffic signal',0.666664,'P.D. only','P.D. only','03 - Rear end',mid_town,0
Weekday,Evening,Road,'01 - Clear','01 - Daylight','01 - Dry','10 - No control',0.507691,'P.D. only','P.D. only','03 - Rear end',downtown,0
Weekday,Mid_Night,Road,'01 - Clear','07 - Dark','02 - Wet','10 - No control',0.599982,'P.D. only','P.D. only','07 - SMV other',Ottawa_east,0
Weekday,Night,Road,'01 - Clear','01 - Daylight','01 - Dry','01 - Traffic signal',0.466665,'P.D. only','P.D. only','05 - Turning movement',mid_town,0
Weekday,Night,Road,'01 - Clear','01 - Daylight','01 - Dry','01 - Traffic signal',0.575755,'P.D. only','P.D. only','02 - Angle',downtown,0
Weekday,Night,Road,'01 - Clear','01 - Daylight','01 - Dry','10 - No control',0.722771,'P.D. only','P.D. only','99 - Other',Ottawa_west,0
Weekday,Afternoon,Road,'01 - Clear','01 - Daylight','02 - Wet','01 - Traffic signal',0.829785,'P.D. only','P.D. only','03 - Rear end',Ottawa_west,0
Weekday,Night,Road,'02 - Rain','01 - Daylight','02 - Wet','10 - No control',0.999971,'P.D. only','P.D. only','02 - Angle',downtown,0
Weekends,Night,highway,'01 - Clear','01 - Daylight','01 - Dry','10 - No control',0.999963,'P.D. only','P.D. only','07 - SMV other',Ottawa_west,0
Weekday,Afternoon,Road,'01 - Clear','01 - Daylight','01 - Dry','01 - Traffic signal',0.714271,'P.D. only','P.D. only','03 - Rear end',Ottawa_west,0
Weekday,Evening,Road,'01 - Clear','01 - Daylight','01 - Dry','10 - No control',0.507691,'P.D. only','P.D. only','03 - Rear end',downtown,0
Weekends,Evening,Road,'02 - Rain','01 - Daylight','02 - Wet','10 - No control',0.599996,'P.D. only','P.D. only','02 - Angle',mid_town,0
Weekday,Night,Road,'01 - Clear','01 - Daylight','01 - Dry','01 - Traffic signal',0.653543,'P.D. only','P.D. only','03 - Rear end',downtown,0
Weekends,Night,highway,'04 - Freezing Rain','01 - Daylight','06 - Ice','10 - No control',0.6923,'P.D. only','P.D. only','07 - SMV other',mid_town,0
Weekends,Afternoon,Road,'04 - Freezing Rain','01 - Daylight','02 - Wet','10 - No control',0.999994,'P.D. only','P.D. only','06 - SMV unattended vehicle',downtown,0
Weekday,Night,Road,'01 - Clear','01 - Daylight','01 - Dry','10 - No control',0.79487,'P.D. only','P.D. only','04 - Sideswipe',downtown,0
Weekday,Afternoon,Road,'01 - Clear','01 - Daylight','05 - Packed snow','10 - No control',0.466662,'P.D. only','P.D. only','07 - SMV other',mid_town,0
Weekday,Mid_Night,Road,'01 - Clear','07 - Dark','01 - Dry','10 - No control',0.809518,'P.D. only','P.D. only','07 - SMV other',Ottawa_east,0
Weekday,Night,Road,'01 - Clear','05 - Dusk','01 - Dry','10 - No control',0.499982,'P.D. only','P.D. only','04 - Sideswipe',mid_town,0
Weekends,Night,Road,'02 - Rain','01 - Daylight','02 - Wet','01 - Traffic signal',0.636355,'P.D. only','P.D. only','03 - Rear end',mid_town,0
Weekends,Afternoon,Road,'03 - Snow','01 - Daylight','03 - Loose snow','01 - Traffic signal',0.999951,'P.D. only','P.D. only','07 - SMV other',Ottawa_east,0
Weekday,Early_Morning,highway,'04 - Freezing Rain','07 - Dark','04 - Slush','10 - No control',0.789468,'P.D. only','P.D. only','07 - SMV other',downtown,0
Weekday,Noon,Road,'01 - Clear','01 - Daylight','01 - Dry','10 - No control',0.555553,'P.D. only','P.D. only','04 - Sideswipe',downtown,0
Weekday,Mid_Night,Road,'01 - Clear','07 - Dark','01 - Dry','02 - Stop sign',0.533331,'P.D. only','P.D. only','03 - Rear end',Ottawa_west,0
Weekday,Evening,Road,'01 - Clear','01 - Daylight','01 - Dry','01 - Traffic signal',0.548385,'P.D. only','P.D. only','03 - Rear end',Ottawa_west,0
Weekday,Night,Road,'01 - Clear','07 - Dark','01 - Dry','10 - No control',0.428562,'P.D. only','P.D. only','03 - Rear end',Ottawa_east,0
Weekday,Night,highway,'01 - Clear','01 - Daylight','01 - Dry','10 - No control',0.685713,'P.D. only','P.D. only','03 - Rear end',downtown,0
Weekday,Evening,Road,'01 - Clear','01 - Daylight','06 - Ice','10 - No control',0.944443,'P.D. only','P.D. only','06 - SMV unattended vehicle',downtown,0
Weekday,Mid_Night,highway,'03 - Snow','07 - Dark','06 - Ice','10 - No control',0.809518,'P.D. only','P.D. only','07 - SMV other',downtown,0
Weekday,Night,Road,'01 - Clear','01 - Daylight','01 - Dry','01 - Traffic signal',0.333317,'P.D. only','P.D. only','99 - Other',Ottawa_east,0
Weekday,Night,Road,'01 - Clear','01 - Daylight','01 - Dry','10 - No control',0.568181,'P.D. only','P.D. only','03 - Rear end',downtown,0
Weekday,Night,Road,'01 - Clear','01 - Daylight','01 - Dry','01 - Traffic signal',0.874996,'P.D. only','P.D. only','04 - Sideswipe',mid_town,0
Weekday,Night,Road,'02 - Rain','01 - Daylight','02 - Wet','10 - No control',0.368418,'P.D. only','P.D. only','03 - Rear end',downtown,0
Weekends,Mid_Night,Road,'01 - Clear','07 - Dark','01 - Dry','02 - Stop sign',0.759996,'P.D. only','P.D. only','07 - SMV other',Ottawa_south,0
Weekday,Mid_Night,Road,'01 - Clear','07 - Dark','02 - Wet','10 - No control',0.499982,'P.D. only','P.D. only','03 - Rear end',mid_town,0
Weekday,Evening,Road,'01 - Clear','01 - Daylight','02 - Wet','01 - Traffic signal',0.499995,'P.D. only','P.D. only','03 - Rear end',mid_town,0
Weekends,Evening,Road,'02 - Rain','01 - Daylight','02 - Wet','10 - No control',0.399994,'P.D. only','P.D. only','07 - SMV other',Ottawa_south,0
Weekday,Evening,Road,'01 - Clear','01 - Daylight','05 - Packed snow','10 - No control',0.999994,'P.D. only','P.D. only','06 - SMV unattended vehicle',Ottawa_west,0
Weekday,Evening,Road,'05 - Drifting Snow','01 - Daylight','05 - Packed snow','10 - No control',0.636363,'P.D. only','P.D. only','03 - Rear end',downtown,0
Weekday,Evening,Road,'01 - Clear','01 - Daylight','01 - Dry','01 - Traffic signal',0.548385,'P.D. only','P.D. only','03 - Rear end',Ottawa_west,0
Weekends,Early_Morning,highway,'02 - Rain','07 - Dark','02 - Wet','10 - No control',0.499982,'P.D. only','P.D. only','07 - SMV other',Ottawa_south,0
Weekends,Night,Road,'01 - Clear','01 - Daylight','01 - Dry','01 - Traffic signal',0.636355,'P.D. only','P.D. only','04 - Sideswipe',downtown,0
Weekday,Evening,Road,'01 - Clear','01 - Daylight','01 - Dry','01 - Traffic signal',0.445782,'P.D. only','P.D. only','05 - Turning movement',downtown,0
Weekday,Noon,highway,'01 - Clear','01 - Daylight','01 - Dry','10 - No control',0.589741,'P.D. only','P.D. only','99 - Other',mid_town,0
Weekday,Night,Road,'03 - Snow','01 - Daylight','02 - Wet','10 - No control',0.809518,'P.D. only','P.D. only','04 - Sideswipe',downtown,0
Weekday,Afternoon,highway,'04 - Freezing Rain','01 - Daylight','04 - Slush','10 - No control',0.599996,'P.D. only','P.D. only','07 - SMV other',downtown,0
Weekday,Early_Morning,Road,'01 - Clear','07 - Dark','05 - Packed snow','10 - No control',0.66665,'P.D. only','P.D. only','07 - SMV other',Ottawa_east,0
Weekday,Night,Road,'02 - Rain','01 - Daylight','02 - Wet','10 - No control',0.999971,'P.D. only','P.D. only','02 - Angle',downtown,0
Weekday,Mid_Night,Road,'01 - Clear','07 - Dark','01 - Dry','02 - Stop sign',0.599997,'P.D. only','P.D. only','02 - Angle',Ottawa_south,0
Weekday,Afternoon,Road,'01 - Clear','01 - Daylight','05 - Packed snow','02 - Stop sign',0.999951,'P.D. only','P.D. only','06 - SMV unattended vehicle',mid_town,0
Weekday,Evening,Road,'02 - Rain','01 - Daylight','02 - Wet','10 - No control',0.759996,'P.D. only','P.D. only','07 - SMV other',Ottawa_west,0
Weekday,Night,Road,'02 - Rain','01 - Daylight','02 - Wet','10 - No control',0.549295,'P.D. only','P.D. only','03 - Rear end',Ottawa_south,0
Weekday,Afternoon,Road,'02 - Rain','01 - Daylight','02 - Wet','10 - No control',0.878784,'P.D. only','P.D. only','04 - Sideswipe',downtown,0
Weekday,Mid_Night,Road,'01 - Clear','07 - Dark','02 - Wet','10 - No control',0.963634,'P.D. only','P.D. only','06 - SMV unattended vehicle',downtown,0
Weekday,Afternoon,Road,'01 - Clear','01 - Daylight','01 - Dry','02 - Stop sign',0.647053,'P.D. only','P.D. only','07 - SMV other',Ottawa_south,0
Weekday,Mid_Night,Road,'01 - Clear','07 - Dark','01 - Dry','01 - Traffic signal',0.571426,'P.D. only','P.D. only','03 - Rear end',downtown,0
Weekday,Noon,Road,'02 - Rain','01 - Daylight','02 - Wet','10 - No control',0.720928,'P.D. only','P.D. only','02 - Angle',downtown,0
Weekday,Noon,highway,'01 - Clear','01 - Daylight','01 - Dry','10 - No control',0.83333,'P.D. only','P.D. only','03 - Rear end',downtown,0
Weekends,Evening,highway,'01 - Clear','01 - Daylight','01 - Dry','10 - No control',0.479999,'P.D. only','P.D. only','03 - Rear end',Ottawa_west,0
Weekday,Night,Road,'01 - Clear','01 - Daylight','02 - Wet','10 - No control',0.649121,'P.D. only','P.D. only','03 - Rear end',Ottawa_south,0
Weekday,Evening,Road,'01 - Clear','01 - Daylight','01 - Dry','01 - Traffic signal',0.592232,'P.D. only','P.D. only','03 - Rear end',downtown,0
Weekends,Noon,Road,'03 - Snow','01 - Daylight','06 - Ice','10 - No control',0.454542,'P.D. only','P.D. only','02 - Angle',downtown,0
Weekday,Afternoon,Road,'01 - Clear','01 - Daylight','05 - Packed snow','10 - No control',0.846149,'P.D. only','P.D. only','02 - Angle',downtown,0
Weekday,Evening,Road,'03 - Snow','01 - Daylight','03 - Loose snow','10 - No control',0.739126,'P.D. only','P.D. only','06 - SMV unattended vehicle',mid_town,0
Weekday,Night,highway,'01 - Clear','01 - Daylight','02 - Wet','10 - No control',0.74603,'P.D. only','P.D. only','03 - Rear end',mid_town,0
Weekday,Noon,Road,'01 - Clear','01 - Daylight','01 - Dry','01 - Traffic signal',0.599998,'P.D. only','P.D. only','03 - Rear end',mid_town,0
Weekends,Evening,Road,'01 - Clear','01 - Daylight','01 - Dry','02 - Stop sign',0.66665,'P.D. only','P.D. only','03 - Rear end',downtown,0
Weekday,Noon,Road,'01 - Clear','03 - Dawn','06 - Ice','10 - No control',0.555547,'P.D. only','P.D. only','07 - SMV other',Ottawa_east,0
Weekends,Mid_Night,Road,'01 - Clear','07 - Dark','02 - Wet','01 - Traffic signal',0.599996,'P.D. only','P.D. only','05 - Turning movement',mid_town,0
Weekday,Night,Road,'01 - Clear','01 - Daylight','01 - Dry','10 - No control',0.568181,'P.D. only','P.D. only','03 - Rear end',downtown,0
Weekday,Night,Road,'01 - Clear','01 - Daylight','01 - Dry','01 - Traffic signal',0.653543,'P.D. only','P.D. only','03 - Rear end',downtown,0
Weekday,Night,Road,'01 - Clear','01 - Daylight','01 - Dry','10 - No control',0.85714,'P.D. only','P.D. only','02 - Angle',downtown,0
Weekday,Night,Road,'01 - Clear','01 - Daylight','01 - Dry','10 - No control',0.935479,'P.D. only','P.D. only','06 - SMV unattended vehicle',downtown,0