DATE,TIME,Road_type,ENVIRONMENT,LIGHT,SURFACE_CONDITION,TRAFFIC_CONTROL,'prediction margin','predicted COLLISION_CLASSIFICATION',COLLISION_CLASSIFICATION,IMPACT_TYPE,Location,NO_OF_PEDESTRIANS
Weekday,Night,Road,'01 - Clear','01 - Daylight','01 - Dry','10 - No control',0.809521,'P.D. only','P.D. only','02 - Angle',downtown,0
Weekends,Afternoon,Road,'01 - Clear','01 - Daylight','01 - Dry','10 - No control',0.647056,'P.D. only','P.D. only','03 - Rear end',Ottawa_south,0
Weekends,Evening,Road,'03 - Snow','01 - Daylight','03 - Loose snow','02 - Stop sign',0.846151,'P.D. only','P.D. only','02 - Angle',Ottawa_east,0
Weekday,Afternoon,highway,'01 - Clear','01 - Daylight','02 - Wet','10 - No control',0.441859,'P.D. only','P.D. only','03 - Rear end',downtown,0
Weekday,Afternoon,Road,'03 - Snow','01 - Daylight','03 - Loose snow','10 - No control',0.999995,'P.D. only','P.D. only','06 - SMV unattended vehicle',downtown,0
Weekday,Noon,Road,'01 - Clear','01 - Daylight','01 - Dry','01 - Traffic signal',0.62264,'P.D. only','P.D. only','03 - Rear end',mid_town,0
Weekends,Mid_Night,highway,'02 - Rain','07 - Dark','02 - Wet','10 - No control',0.538455,'P.D. only','P.D. only','07 - SMV other',mid_town,0
Weekday,Evening,Road,'02 - Rain','01 - Daylight','02 - Wet','10 - No control',0.724134,'P.D. only','P.D. only','02 - Angle',mid_town,0
Weekday,Night,Road,'01 - Clear','05 - Dusk','01 - Dry','01 - Traffic signal',0.799988,'P.D. only','P.D. only','03 - Rear end',downtown,0
Weekday,Night,Road,'01 - Clear','05 - Dusk','01 - Dry','02 - Stop sign',0.758619,'P.D. only','P.D. only','03 - Rear end',downtown,0
Weekends,Night,Road,'01 - Clear','01 - Daylight','01 - Dry','01 - Traffic signal',-0.199994,Injury,'P.D. only','03 - Rear end',Ottawa_east,0
Weekends,Mid_Night,Road,'01 - Clear','07 - Dark','02 - Wet','01 - Traffic signal',0.999951,'P.D. only','P.D. only','03 - Rear end',Ottawa_east,0
Weekday,Mid_Night,Road,'01 - Clear','07 - Dark','02 - Wet','01 - Traffic signal',0.714271,'P.D. only','P.D. only','03 - Rear end',downtown,0
Weekday,Mid_Night,Road,'01 - Clear','05 - Dusk','01 - Dry','02 - Stop sign',0,Injury,'P.D. only','05 - Turning movement',downtown,0
Weekends,Mid_Night,Road,'01 - Clear','01 - Daylight','01 - Dry','10 - No control',0.999951,'P.D. only','P.D. only','06 - SMV unattended vehicle',Ottawa_south,0
Weekday,Noon,Road,'01 - Clear','03 - Dawn','06 - Ice','10 - No control',0.714271,'P.D. only','P.D. only','06 - SMV unattended vehicle',downtown,0
Weekends,Evening,Road,'01 - Clear','01 - Daylight','01 - Dry','01 - Traffic signal',0.407405,'P.D. only','P.D. only','03 - Rear end',downtown,0
Weekday,Night,Road,'02 - Rain','01 - Daylight','02 - Wet','02 - Stop sign',0.749986,'P.D. only','P.D. only','05 - Turning movement',Ottawa_east,0
Weekday,Evening,Road,'01 - Clear','01 - Daylight','01 - Dry','03 - Yield sign',0.545453,'P.D. only','P.D. only','03 - Rear end',Ottawa_east,0
Weekday,Evening,Road,'04 - Freezing Rain','01 - Daylight','04 - Slush','10 - No control',0.999963,'P.D. only','P.D. only','07 - SMV other',mid_town,0
Weekday,Noon,Road,'01 - Clear','01 - Daylight','01 - Dry','10 - No control',0.647999,'P.D. only','P.D. only','99 - Other',downtown,0
Weekday,Night,Road,'01 - Clear','01 - Daylight','01 - Dry','01 - Traffic signal',0.548385,'P.D. only','P.D. only','02 - Angle',downtown,0
Weekends,Afternoon,Road,'01 - Clear','01 - Daylight','01 - Dry','10 - No control',0.559998,'P.D. only','P.D. only','07 - SMV other',mid_town,0
Weekends,Night,Road,'01 - Clear','01 - Daylight','01 - Dry','10 - No control',0.466666,'P.D. only','P.D. only','07 - SMV other',Ottawa_east,0
Weekends,Night,Road,'01 - Clear','01 - Daylight','01 - Dry','10 - No control',0.799988,'P.D. only','P.D. only','06 - SMV unattended vehicle',mid_town,0
Weekends,Evening,Road,'03 - Snow','01 - Daylight','03 - Loose snow','10 - No control',0.999951,'P.D. only','P.D. only','06 - SMV unattended vehicle',Ottawa_west,0
Weekday,Early_Morning,highway,'01 - Clear','07 - Dark','01 - Dry','10 - No control',0.499997,'P.D. only','P.D. only','07 - SMV other',Ottawa_east,0
Weekends,Night,Road,'01 - Clear','01 - Daylight','03 - Loose snow','01 - Traffic signal',0.333317,'P.D. only','P.D. only','05 - Turning movement',Ottawa_east,0
Weekday,Night,Road,'01 - Clear','05 - Dusk','01 - Dry','02 - Stop sign',0.999982,'P.D. only','P.D. only','06 - SMV unattended vehicle',mid_town,0
Weekday,Evening,Road,'01 - Clear','01 - Daylight','01 - Dry','10 - No control',0.961536,'P.D. only','P.D. only','06 - SMV unattended vehicle',downtown,0
Weekday,Evening,highway,'01 - Clear','01 - Daylight','02 - Wet','10 - No control',0.913038,'P.D. only','P.D. only','04 - Sideswipe',mid_town,0
Weekday,Evening,Road,'01 - Clear','01 - Daylight','01 - Dry','01 - Traffic signal',0.630251,'P.D. only','P.D. only','03 - Rear end',downtown,0
Weekends,Evening,highway,'03 - Snow','01 - Daylight','06 - Ice','10 - No control',0.999951,'P.D. only','P.D. only','04 - Sideswipe',downtown,0
Weekday,Night,Road,'01 - Clear','01 - Daylight','01 - Dry','10 - No control',0.93939,'P.D. only','P.D. only','04 - Sideswipe',mid_town,0
Weekday,Mid_Night,Road,'01 - Clear','07 - Dark','01 - Dry','01 - Traffic signal',0.714271,'P.D. only','P.D. only','03 - Rear end',Ottawa_east,0
Weekday,Afternoon,Road,'01 - Clear','01 - Daylight','01 - Dry','10 - No control',0.882345,'P.D. only','P.D. only','06 - SMV unattended vehicle',downtown,0
Weekends,Mid_Night,Road,'01 - Clear','01 - Daylight','01 - Dry','10 - No control',0.974024,'P.D. only','P.D. only','06 - SMV unattended vehicle',downtown,0
Weekends,Evening,Road,'01 - Clear','01 - Daylight','01 - Dry','10 - No control',0.499982,'P.D. only','P.D. only','07 - SMV other',Ottawa_east,0
Weekday,Mid_Night,Road,'03 - Snow','07 - Dark','02 - Wet','01 - Traffic signal',0.519997,'P.D. only','P.D. only','03 - Rear end',downtown,0
Weekday,Evening,Road,'01 - Clear','01 - Daylight','01 - Dry','01 - Traffic signal',0.630251,'P.D. only','P.D. only','03 - Rear end',downtown,0
Weekday,Night,Road,'01 - Clear','01 - Daylight','01 - Dry','02 - Stop sign',0.255813,'P.D. only','P.D. only','02 - Angle',downtown,0
Weekday,Night,Road,'01 - Clear','07 - Dark','02 - Wet','01 - Traffic signal',0,Injury,'P.D. only','03 - Rear end',downtown,0
Weekends,Afternoon,Road,'01 - Clear','01 - Daylight','05 - Packed snow','10 - No control',0,Injury,'P.D. only','02 - Angle',downtown,0
Weekday,Night,Road,'01 - Clear','01 - Daylight','01 - Dry','10 - No control',0.399994,'P.D. only','P.D. only','07 - SMV other',Ottawa_east,0
Weekday,Evening,Road,'01 - Clear','01 - Daylight','02 - Wet','01 - Traffic signal',0.499995,'P.D. only','P.D. only','03 - Rear end',mid_town,0
Weekends,Night,Road,'01 - Clear','05 - Dusk','01 - Dry','10 - No control',0.454542,'P.D. only','P.D. only','03 - Rear end',mid_town,0
Weekday,Noon,Road,'01 - Clear','01 - Daylight','01 - Dry','01 - Traffic signal',0.333332,'P.D. only','P.D. only','05 - Turning movement',downtown,0
Weekends,Evening,highway,'03 - Snow','01 - Daylight','03 - Loose snow','10 - No control',0.799988,'P.D. only','P.D. only','04 - Sideswipe',Ottawa_west,0
Weekday,Noon,Road,'01 - Clear','03 - Dawn','01 - Dry','01 - Traffic signal',0.399994,'P.D. only','P.D. only','03 - Rear end',downtown,0
Weekday,Night,highway,'01 - Clear','01 - Daylight','01 - Dry','01 - Traffic signal',0.142854,'P.D. only','P.D. only','03 - Rear end',downtown,0
Weekday,Mid_Night,Road,'01 - Clear','07 - Dark','01 - Dry','01 - Traffic signal',0.714271,'P.D. only','P.D. only','03 - Rear end',Ottawa_east,0
Weekday,Evening,Road,'01 - Clear','01 - Daylight','01 - Dry','10 - No control',0.166665,'P.D. only','P.D. only','07 - SMV other',mid_town,0
Weekday,Night,Road,'01 - Clear','01 - Daylight','01 - Dry','10 - No control',0.272725,'P.D. only','P.D. only','05 - Turning movement',mid_town,0
Weekday,Evening,Road,'01 - Clear','01 - Daylight','01 - Dry','01 - Traffic signal',0.630251,'P.D. only','P.D. only','03 - Rear end',downtown,0
Weekday,Noon,Road,'04 - Freezing Rain','01 - Daylight','06 - Ice','10 - No control',0.698111,'P.D. only','P.D. only','07 - SMV other',mid_town,0
Weekday,Night,Road,'01 - Clear','01 - Daylight','01 - Dry','01 - Traffic signal',0.999979,'P.D. only','P.D. only','99 - Other',downtown,0
Weekday,Night,highway,'01 - Clear','01 - Daylight','01 - Dry','01 - Traffic signal',0.142854,'P.D. only','P.D. only','03 - Rear end',downtown,0
Weekends,Mid_Night,Road,'01 - Clear','00 - Unknown','01 - Dry','10 - No control',0.999951,'P.D. only','P.D. only','06 - SMV unattended vehicle',Ottawa_south,0
Weekday,Noon,Road,'01 - Clear','01 - Daylight','02 - Wet','02 - Stop sign',0.454544,'P.D. only','P.D. only','02 - Angle',downtown,0
Weekday,Night,Road,'01 - Clear','01 - Daylight','01 - Dry','10 - No control',0.494949,'P.D. only','P.D. only','03 - Rear end',mid_town,0
Weekday,Night,Road,'01 - Clear','01 - Daylight','02 - Wet','07 - School bus',0.759996,'P.D. only','P.D. only','03 - Rear end',mid_town,0
Weekday,Night,Road,'02 - Rain','01 - Daylight','02 - Wet','10 - No control',0.333317,'P.D. only','P.D. only','02 - Angle',mid_town,0
Weekday,Night,Road,'01 - Clear','01 - Daylight','01 - Dry','10 - No control',0.999976,'P.D. only','P.D. only','06 - SMV unattended vehicle',Ottawa_south,0
Weekday,Evening,Road,'01 - Clear','01 - Daylight','01 - Dry','10 - No control',0.753423,'P.D. only','P.D. only','04 - Sideswipe',downtown,0
Weekday,Afternoon,highway,'01 - Clear','01 - Daylight','01 - Dry','10 - No control',0.333325,'P.D. only','P.D. only','07 - SMV other',downtown,0
Weekday,Mid_Night,Road,'01 - Clear','07 - Dark','04 - Slush','01 - Traffic signal',0.652172,'P.D. only','P.D. only','03 - Rear end',downtown,0
Weekday,Mid_Night,Road,'01 - Clear','07 - Dark','01 - Dry','01 - Traffic signal',0.999963,'P.D. only','P.D. only','02 - Angle',Ottawa_east,0
Weekends,Night,Road,'01 - Clear','01 - Daylight','01 - Dry','01 - Traffic signal',0.999976,'P.D. only','P.D. only','04 - Sideswipe',mid_town,0
Weekday,Mid_Night,highway,'06 - Strong wind','07 - Dark','06 - Ice','10 - No control',0.787232,'P.D. only','P.D. only','07 - SMV other',Ottawa_west,0
Weekday,Night,Road,'01 - Clear','05 - Dusk','03 - Loose snow','01 - Traffic signal',0.999951,'P.D. only','P.D. only','02 - Angle',mid_town,0
Weekday,Evening,Road,'01 - Clear','01 - Daylight','01 - Dry','02 - Stop sign',-0.333317,Injury,'P.D. only','03 - Rear end',Ottawa_south,0
Weekends,Mid_Night,Road,'03 - Snow','07 - Dark','06 - Ice','01 - Traffic signal',0.499997,'P.D. only','P.D. only','07 - SMV other',downtown,0
Weekday,Afternoon,Road,'01 - Clear','01 - Daylight','01 - Dry','02 - Stop sign',0.499994,'P.D. only','P.D. only','02 - Angle',downtown,0
Weekday,Evening,Road,'01 - Clear','01 - Daylight','01 - Dry','01 - Traffic signal',0.630251,'P.D. only','P.D. only','03 - Rear end',downtown,0
Weekday,Night,Road,'03 - Snow','05 - Dusk','03 - Loose snow','02 - Stop sign',0.999971,'P.D. only','P.D. only','02 - Angle',mid_town,0
Weekday,Evening,Road,'01 - Clear','01 - Daylight','01 - Dry','10 - No control',0.499991,'P.D. only','P.D. only','03 - Rear end',Ottawa_south,0
Weekday,Mid_Night,Road,'01 - Clear','07 - Dark','01 - Dry','10 - No control',0.777765,'P.D. only','P.D. only','02 - Angle',downtown,0
Weekday,Noon,Road,'01 - Clear','01 - Daylight','01 - Dry','10 - No control',0.384611,'P.D. only','P.D. only','03 - Rear end',Ottawa_east,0
Weekday,Evening,Road,'01 - Clear','01 - Daylight','01 - Dry','01 - Traffic signal',0.454543,'P.D. only','P.D. only','05 - Turning movement',mid_town,0
Weekday,Noon,Road,'01 - Clear','01 - Daylight','06 - Ice','10 - No control',0.333317,'P.D. only','P.D. only','07 - SMV other',Ottawa_south,0
Weekday,Night,Road,'01 - Clear','05 - Dusk','03 - Loose snow','02 - Stop sign',0.851847,'P.D. only','P.D. only','06 - SMV unattended vehicle',downtown,0
Weekday,Afternoon,Road,'01 - Clear','01 - Daylight','01 - Dry','10 - No control',0.391302,'P.D. only','P.D. only','04 - Sideswipe',downtown,0
Weekends,Mid_Night,Road,'01 - Clear','00 - Unknown','01 - Dry','10 - No control',0.999998,'P.D. only','P.D. only','06 - SMV unattended vehicle',downtown,0
Weekday,Night,highway,'03 - Snow','07 - Dark','06 - Ice','01 - Traffic signal',0.846144,'P.D. only','P.D. only','03 - Rear end',downtown,0
Weekday,Night,Road,'01 - Clear','01 - Daylight','02 - Wet','10 - No control',0.6923,'P.D. only','P.D. only','03 - Rear end',mid_town,0
Weekday,Night,Road,'03 - Snow','01 - Daylight','05 - Packed snow','01 - Traffic signal',0.863633,'P.D. only','P.D. only','99 - Other',downtown,0
Weekday,Afternoon,Road,'01 - Clear','01 - Daylight','01 - Dry','10 - No control',0.391302,'P.D. only','P.D. only','04 - Sideswipe',downtown,0
Weekday,Noon,Road,'03 - Snow','01 - Daylight','03 - Loose snow','02 - Stop sign',0.824559,'P.D. only','P.D. only','05 - Turning movement',downtown,0
Weekday,Evening,Road,'01 - Clear','01 - Daylight','01 - Dry','01 - Traffic signal',0.999985,'P.D. only','P.D. only','04 - Sideswipe',Ottawa_west,0
Weekday,Night,Road,'01 - Clear','01 - Daylight','01 - Dry','01 - Traffic signal',0.613445,'P.D. only','P.D. only','03 - Rear end',mid_town,0
Weekday,Mid_Night,Road,'01 - Clear','07 - Dark','01 - Dry','01 - Traffic signal',0.636361,'P.D. only','P.D. only','03 - Rear end',mid_town,0
Weekends,Early_Morning,Road,'01 - Clear','07 - Dark','02 - Wet','01 - Traffic signal',0.999963,'P.D. only','P.D. only','99 - Other',downtown,0
Weekday,Mid_Night,Road,'03 - Snow','07 - Dark','06 - Ice','10 - No control',0.599982,'P.D. only','P.D. only','03 - Rear end',Ottawa_east,0
Weekday,Afternoon,Road,'03 - Snow','01 - Daylight','01 - Dry','01 - Traffic signal',0.499999,'P.D. only','P.D. only','03 - Rear end',downtown,0
Weekends,Night,Road,'02 - Rain','01 - Daylight','02 - Wet','01 - Traffic signal',0.636355,'P.D. only','P.D. only','03 - Rear end',mid_town,0
Weekends,Mid_Night,highway,'01 - Clear','07 - Dark','01 - Dry','10 - No control',0.833328,'P.D. only','P.D. only','03 - Rear end',Ottawa_west,0
Weekends,Night,Road,'01 - Clear','01 - Daylight','01 - Dry','01 - Traffic signal',0.523806,'P.D. only','P.D. only','03 - Rear end',mid_town,0
Weekday,Mid_Night,Road,'01 - Clear','07 - Dark','01 - Dry','01 - Traffic signal',0.888882,'P.D. only','P.D. only','04 - Sideswipe',downtown,0
Weekends,Evening,highway,'01 - Clear','01 - Daylight','01 - Dry','10 - No control',0.374997,'P.D. only','P.D. only','03 - Rear end',downtown,0
Weekday,Noon,Road,'01 - Clear','01 - Daylight','01 - Dry','10 - No control',0.548385,'P.D. only','P.D. only','04 - Sideswipe',downtown,0
Weekday,Afternoon,highway,'01 - Clear','01 - Daylight','01 - Dry','10 - No control',0.499998,'P.D. only','P.D. only','07 - SMV other',Ottawa_south,0
Weekday,Night,Road,'01 - Clear','01 - Daylight','01 - Dry','10 - No control',0.11111,'P.D. only','P.D. only','03 - Rear end',Ottawa_west,0
Weekday,Noon,highway,'03 - Snow','07 - Dark','06 - Ice','10 - No control',0.66665,'P.D. only','P.D. only','07 - SMV other',Ottawa_west,0
Weekday,Night,Road,'01 - Clear','01 - Daylight','01 - Dry','10 - No control',0.809521,'P.D. only','P.D. only','02 - Angle',downtown,0
Weekday,Afternoon,Road,'01 - Clear','01 - Daylight','06 - Ice','10 - No control',0.631577,'P.D. only','P.D. only','04 - Sideswipe',downtown,0
Weekday,Mid_Night,Road,'01 - Clear','07 - Dark','02 - Wet','03 - Yield sign',0.999951,'P.D. only','P.D. only','06 - SMV unattended vehicle',downtown,0
Weekday,Mid_Night,Road,'01 - Clear','01 - Daylight','01 - Dry','10 - No control',0.657141,'P.D. only','P.D. only','07 - SMV other',mid_town,0
Weekday,Evening,Road,'01 - Clear','01 - Daylight','01 - Dry','01 - Traffic signal',0.866662,'P.D. only','P.D. only','04 - Sideswipe',mid_town,0
Weekends,Mid_Night,Road,'02 - Rain','07 - Dark','02 - Wet','01 - Traffic signal',0.999971,'P.D. only','P.D. only','03 - Rear end',downtown,0
Weekday,Evening,Road,'02 - Rain','01 - Daylight','02 - Wet','01 - Traffic signal',0.809518,'P.D. only','P.D. only','03 - Rear end',mid_town,0
Weekday,Mid_Night,Road,'01 - Clear','00 - Unknown','03 - Loose snow','10 - No control',0.999988,'P.D. only','P.D. only','06 - SMV unattended vehicle',mid_town,0
Weekday,Night,Road,'01 - Clear','01 - Daylight','01 - Dry','10 - No control',0.743588,'P.D. only','P.D. only','04 - Sideswipe',downtown,0
Weekday,Night,Road,'01 - Clear','01 - Daylight','01 - Dry','02 - Stop sign',0.999963,'P.D. only','P.D. only','99 - Other',downtown,0
Weekends,Noon,Road,'01 - Clear','01 - Daylight','01 - Dry','01 - Traffic signal',0.396824,'P.D. only','P.D. only','02 - Angle',downtown,0
Weekday,Evening,Road,'01 - Clear','01 - Daylight','01 - Dry','10 - No control',0.641023,'P.D. only','P.D. only','02 - Angle',downtown,0
Weekday,Afternoon,Road,'01 - Clear','01 - Daylight','01 - Dry','01 - Traffic signal',0.428567,'P.D. only','P.D. only','05 - Turning movement',mid_town,0
Weekends,Early_Morning,Road,'02 - Rain','07 - Dark','02 - Wet','02 - Stop sign',0.999951,'P.D. only','P.D. only','02 - Angle',downtown,0
Weekday,Night,Road,'02 - Rain','01 - Daylight','02 - Wet','10 - No control',0.749986,'P.D. only','P.D. only','04 - Sideswipe',downtown,0
Weekday,Noon,Road,'01 - Clear','01 - Daylight','06 - Ice','10 - No control',0.599982,'P.D. only','P.D. only','03 - Rear end',mid_town,0
Weekday,Noon,Road,'03 - Snow','01 - Daylight','02 - Wet','01 - Traffic signal',0.692304,'P.D. only','P.D. only','03 - Rear end',mid_town,0
Weekday,Noon,Road,'01 - Clear','03 - Dawn','01 - Dry','01 - Traffic signal',0.999982,'P.D. only','P.D. only','05 - Turning movement',downtown,0
Weekday,Noon,Road,'01 - Clear','01 - Daylight','02 - Wet','01 - Traffic signal',0.749986,'P.D. only','P.D. only','03 - Rear end',downtown,0
Weekday,Evening,Road,'02 - Rain','01 - Daylight','02 - Wet','01 - Traffic signal',0.787232,'P.D. only','P.D. only','04 - Sideswipe',mid_town,0
Weekday,Noon,Road,'01 - Clear','01 - Daylight','01 - Dry','01 - Traffic signal',0.80769,'P.D. only','P.D. only','03 - Rear end',downtown,0
Weekday,Evening,Road,'01 - Clear','01 - Daylight','01 - Dry','01 - Traffic signal',0.545454,'P.D. only','P.D. only','03 - Rear end',mid_town,0
Weekday,Noon,Road,'01 - Clear','01 - Daylight','02 - Wet','10 - No control',0.999963,'P.D. only','P.D. only','03 - Rear end',mid_town,0
Weekday,Mid_Night,Road,'01 - Clear','07 - Dark','01 - Dry','01 - Traffic signal',0.578946,'P.D. only','P.D. only','03 - Rear end',Ottawa_south,0
Weekday,Mid_Night,Road,'03 - Snow','07 - Dark','02 - Wet','01 - Traffic signal',0.818171,'P.D. only','P.D. only','05 - Turning movement',Ottawa_east,0
Weekday,Noon,Road,'02 - Rain','01 - Daylight','02 - Wet','01 - Traffic signal',0.999976,'P.D. only','P.D. only','03 - Rear end',mid_town,0
Weekday,Night,highway,'01 - Clear','01 - Daylight','01 - Dry','10 - No control',0.999976,'P.D. only','P.D. only','07 - SMV other',Ottawa_west,0
Weekday,Morning,highway,'02 - Rain','07 - Dark','01 - Dry','10 - No control',0.66665,'P.D. only','P.D. only','07 - SMV other',Ottawa_west,0
Weekday,Noon,Road,'01 - Clear','01 - Daylight','01 - Dry','01 - Traffic signal',0.399994,'P.D. only','P.D. only','03 - Rear end',Ottawa_south,0
Weekends,Evening,highway,'02 - Rain','01 - Daylight','02 - Wet','10 - No control',0.809518,'P.D. only','P.D. only','04 - Sideswipe',Ottawa_west,0
Weekday,Evening,highway,'01 - Clear','01 - Daylight','02 - Wet','10 - No control',0.913038,'P.D. only','P.D. only','07 - SMV other',Ottawa_west,0
Weekday,Night,highway,'01 - Clear','01 - Daylight','01 - Dry','10 - No control',0.857138,'P.D. only','P.D. only','04 - Sideswipe',downtown,0
Weekday,Evening,Road,'01 - Clear','01 - Daylight','01 - Dry','10 - No control',0.961536,'P.D. only','P.D. only','06 - SMV unattended vehicle',downtown,0
Weekday,Night,highway,'01 - Clear','01 - Daylight','01 - Dry','10 - No control',0.645568,'P.D. only','P.D. only','03 - Rear end',downtown,0
Weekday,Mid_Night,Road,'01 - Clear','01 - Daylight','01 - Dry','01 - Traffic signal',0.999976,'P.D. only','P.D. only','03 - Rear end',downtown,0
Weekday,Night,Road,'01 - Clear','01 - Daylight','02 - Wet','10 - No control',0.999951,'P.D. only','P.D. only','07 - SMV other',Ottawa_west,0
Weekday,Early_Morning,Road,'01 - Clear','07 - Dark','01 - Dry','10 - No control',0.333325,'P.D. only','P.D. only','07 - SMV other',mid_town,0
Weekday,Night,Road,'01 - Clear','01 - Daylight','01 - Dry','01 - Traffic signal',0.583332,'P.D. only','P.D. only','05 - Turning movement',downtown,0
Weekday,Night,Road,'01 - Clear','01 - Daylight','01 - Dry','01 - Traffic signal',0.531914,'P.D. only','P.D. only','02 - Angle',Ottawa_south,0
Weekday,Night,Road,'01 - Clear','01 - Daylight','02 - Wet','01 - Traffic signal',0.666665,'P.D. only','P.D. only','03 - Rear end',Ottawa_south,0
Weekends,Early_Morning,Road,'01 - Clear','07 - Dark','01 - Dry','01 - Traffic signal',0.999971,'P.D. only','P.D. only','02 - Angle',downtown,0
Weekday,Noon,Road,'01 - Clear','01 - Daylight','01 - Dry','01 - Traffic signal',0.249998,'P.D. only','P.D. only','05 - Turning movement',mid_town,0
Weekday,Evening,highway,'01 - Clear','01 - Daylight','01 - Dry','10 - No control',0.521737,'P.D. only','P.D. only','03 - Rear end',downtown,0
Weekday,Evening,Road,'01 - Clear','01 - Daylight','02 - Wet','01 - Traffic signal',0.606059,'P.D. only','P.D. only','03 - Rear end',Ottawa_south,0
Weekday,Afternoon,Road,'03 - Snow','01 - Daylight','04 - Slush','01 - Traffic signal',0.799988,'P.D. only','P.D. only','05 - Turning movement',downtown,0
Weekday,Night,Road,'02 - Rain','01 - Daylight','02 - Wet','10 - No control',0.523806,'P.D. only','P.D. only','03 - Rear end',mid_town,0
Weekday,Evening,Road,'01 - Clear','01 - Daylight','01 - Dry','10 - No control',0.636355,'P.D. only','P.D. only','07 - SMV other',Ottawa_south,0
Weekday,Evening,Road,'01 - Clear','01 - Daylight','02 - Wet','02 - Stop sign',0.333317,'P.D. only','P.D. only','05 - Turning movement',downtown,0
Weekday,Evening,Road,'01 - Clear','01 - Daylight','01 - Dry','10 - No control',0.753423,'P.D. only','P.D. only','04 - Sideswipe',downtown,0
Weekday,Night,Road,'01 - Clear','01 - Daylight','01 - Dry','10 - No control',0.494949,'P.D. only','P.D. only','03 - Rear end',mid_town,0
Weekends,Afternoon,Road,'02 - Rain','01 - Daylight','02 - Wet','10 - No control',0.999976,'P.D. only','P.D. only','04 - Sideswipe',mid_town,0
Weekends,Evening,Road,'01 - Clear','01 - Daylight','01 - Dry','01 - Traffic signal',0.599996,'P.D. only','P.D. only','05 - Turning movement',downtown,0
Weekends,Noon,Road,'01 - Clear','01 - Daylight','01 - Dry','01 - Traffic signal',0.55844,'P.D. only','P.D. only','05 - Turning movement',downtown,0
Weekday,Early_Morning,highway,'01 - Clear','07 - Dark','01 - Dry','10 - No control',0.199994,'P.D. only','P.D. only','07 - SMV other',Ottawa_west,0
Weekday,Afternoon,Road,'02 - Rain','01 - Daylight','02 - Wet','10 - No control',0.866662,'P.D. only','P.D. only','02 - Angle',downtown,0
Weekday,Mid_Night,Road,'01 - Clear','07 - Dark','05 - Packed snow','10 - No control',0.909085,'P.D. only','P.D. only','06 - SMV unattended vehicle',Ottawa_west,0
Weekday,Night,Road,'01 - Clear','01 - Daylight','02 - Wet','03 - Yield sign',0.999985,'P.D. only','P.D. only','02 - Angle',Ottawa_east,0
Weekday,Noon,highway,'01 - Clear','01 - Daylight','02 - Wet','01 - Traffic signal',0.818171,'P.D. only','P.D. only','03 - Rear end',Ottawa_west,0
Weekday,Night,Road,'01 - Clear','01 - Daylight','01 - Dry','10 - No control',0.494949,'P.D. only','P.D. only','03 - Rear end',mid_town,0
Weekday,Afternoon,Road,'03 - Snow','01 - Daylight','06 - Ice','01 - Traffic signal',0.555551,'P.D. only','P.D. only','03 - Rear end',downtown,0
Weekday,Mid_Night,Road,'03 - Snow','07 - Dark','03 - Loose snow','01 - Traffic signal',0.599997,'P.D. only','P.D. only','03 - Rear end',downtown,0
Weekends,Evening,highway,'03 - Snow','01 - Daylight','05 - Packed snow','10 - No control',0.833323,'P.D. only','P.D. only','03 - Rear end',downtown,0
Weekday,Night,Road,'01 - Clear','01 - Daylight','01 - Dry','01 - Traffic signal',0.671641,'P.D. only','P.D. only','03 - Rear end',downtown,0
Weekday,Night,Road,'01 - Clear','07 - Dark','06 - Ice','02 - Stop sign',0.333329,'P.D. only','P.D. only','03 - Rear end',downtown,0
Weekday,Night,highway,'01 - Clear','07 - Dark','02 - Wet','10 - No control',0.999971,'P.D. only','P.D. only','04 - Sideswipe',mid_town,0
Weekday,Noon,Road,'01 - Clear','01 - Daylight','01 - Dry','01 - Traffic signal',0.62264,'P.D. only','P.D. only','03 - Rear end',mid_town,0
Weekday,Evening,Road,'01 - Clear','01 - Daylight','01 - Dry','02 - Stop sign',0.442307,'P.D. only','P.D. only','02 - Angle',Ottawa_east,0
Weekends,Night,Road,'03 - Snow','01 - Daylight','02 - Wet','01 - Traffic signal',0.789468,'P.D. only','P.D. only','03 - Rear end',mid_town,0
Weekday,Afternoon,Road,'01 - Clear','01 - Daylight','02 - Wet','10 - No control',0.799994,'P.D. only','P.D. only','06 - SMV unattended vehicle',mid_town,0
Weekday,Night,Road,'01 - Clear','01 - Daylight','01 - Dry','10 - No control',0.93939,'P.D. only','P.D. only','04 - Sideswipe',mid_town,0
Weekday,Night,highway,'03 - Snow','01 - Daylight','05 - Packed snow','10 - No control',0.590907,'P.D. only','P.D. only','07 - SMV other',downtown,0
Weekday,Night,Road,'01 - Clear','07 - Dark','02 - Wet','10 - No control',0.999994,'P.D. only','P.D. only','06 - SMV unattended vehicle',downtown,0
Weekday,Evening,Road,'01 - Clear','01 - Daylight','01 - Dry','01 - Traffic signal',0.999976,'P.D. only','P.D. only','99 - Other',downtown,0
Weekday,Night,Road,'01 - Clear','01 - Daylight','01 - Dry','10 - No control',0.494949,'P.D. only','P.D. only','03 - Rear end',mid_town,0