DATE,TIME,Road_type,ENVIRONMENT,LIGHT,SURFACE_CONDITION,TRAFFIC_CONTROL,'prediction margin','predicted COLLISION_CLASSIFICATION',COLLISION_CLASSIFICATION,IMPACT_TYPE,Location,NO_OF_PEDESTRIANS
Weekday,Night,Road,'01 - Clear','01 - Daylight','06 - Ice','10 - No control',0.789468,'P.D. only','P.D. only','07 - SMV other',mid_town,0
Weekends,Early_Morning,Road,'03 - Snow','07 - Dark','05 - Packed snow','01 - Traffic signal',0.499982,'P.D. only','P.D. only','05 - Turning movement',mid_town,0
Weekday,Night,Road,'01 - Clear','01 - Daylight','01 - Dry','10 - No control',0.499995,'P.D. only','P.D. only','03 - Rear end',Ottawa_south,0
Weekends,Evening,highway,'01 - Clear','01 - Daylight','01 - Dry','10 - No control',0.317072,'P.D. only','P.D. only','07 - SMV other',mid_town,0
Weekday,Mid_Night,Road,'01 - Clear','07 - Dark','01 - Dry','10 - No control',0.499982,'P.D. only','P.D. only','02 - Angle',Ottawa_east,0
Weekday,Night,Road,'01 - Clear','01 - Daylight','01 - Dry','10 - No control',0.833328,'P.D. only','P.D. only','03 - Rear end',Ottawa_east,0
Weekends,Night,Road,'01 - Clear','01 - Daylight','01 - Dry','01 - Traffic signal',0.523806,'P.D. only','P.D. only','03 - Rear end',mid_town,0
Weekends,Noon,highway,'01 - Clear','01 - Daylight','01 - Dry','10 - No control',0.759996,'P.D. only','P.D. only','07 - SMV other',Ottawa_west,0
Weekends,Mid_Night,highway,'03 - Snow','07 - Dark','06 - Ice','10 - No control',0.199994,'P.D. only','P.D. only','07 - SMV other',mid_town,0
Weekday,Night,Road,'01 - Clear','01 - Daylight','01 - Dry','03 - Yield sign',0.999976,'P.D. only','P.D. only','04 - Sideswipe',Ottawa_east,0
Weekday,Evening,Road,'03 - Snow','01 - Daylight','04 - Slush','01 - Traffic signal',0.6129,'P.D. only','P.D. only','03 - Rear end',mid_town,0
Weekday,Mid_Night,Road,'03 - Snow','07 - Dark','03 - Loose snow','10 - No control',0.999963,'P.D. only','P.D. only','07 - SMV other',Ottawa_west,0
Weekday,Evening,Road,'01 - Clear','01 - Daylight','01 - Dry','02 - Stop sign',0.636355,'P.D. only','P.D. only','03 - Rear end',mid_town,0
Weekends,Night,Road,'01 - Clear','01 - Daylight','02 - Wet','10 - No control',0.733326,'P.D. only','P.D. only','07 - SMV other',mid_town,0
Weekday,Early_Morning,Road,'01 - Clear','07 - Dark','06 - Ice','01 - Traffic signal',0.757572,'P.D. only','P.D. only','03 - Rear end',Ottawa_south,0
Weekday,Afternoon,Road,'01 - Clear','01 - Daylight','01 - Dry','10 - No control',0.333331,'P.D. only','P.D. only','03 - Rear end',downtown,0
Weekday,Mid_Night,Road,'01 - Clear','00 - Unknown','01 - Dry','10 - No control',0.999993,'P.D. only','P.D. only','06 - SMV unattended vehicle',downtown,0
Weekday,Night,Road,'03 - Snow','01 - Daylight','02 - Wet','01 - Traffic signal',0.796608,'P.D. only','P.D. only','03 - Rear end',mid_town,0
Weekday,Mid_Night,Road,'01 - Clear','07 - Dark','01 - Dry','10 - No control',0.744679,'P.D. only','P.D. only','07 - SMV other',Ottawa_west,0
Weekends,Evening,Road,'01 - Clear','01 - Daylight','01 - Dry','10 - No control',0.428562,'P.D. only','P.D. only','03 - Rear end',Ottawa_east,0
Weekday,Mid_Night,highway,'01 - Clear','07 - Dark','01 - Dry','01 - Traffic signal',0.527271,'P.D. only','P.D. only','03 - Rear end',downtown,0
Weekends,Evening,Road,'03 - Snow','01 - Daylight','05 - Packed snow','10 - No control',0.846144,'P.D. only','P.D. only','06 - SMV unattended vehicle',downtown,0
Weekday,Evening,Road,'03 - Snow','01 - Daylight','06 - Ice','03 - Yield sign',0.888882,'P.D. only','P.D. only','07 - SMV other',Ottawa_west,0
Weekday,Night,Road,'01 - Clear','01 - Daylight','01 - Dry','10 - No control',0.743588,'P.D. only','P.D. only','04 - Sideswipe',downtown,0
Weekday,Mid_Night,Road,'01 - Clear','07 - Dark','01 - Dry','10 - No control',0.999976,'P.D. only','P.D. only','06 - SMV unattended vehicle',Ottawa_west,0
Weekday,Evening,Road,'01 - Clear','01 - Daylight','01 - Dry','01 - Traffic signal',0.88679,'P.D. only','P.D. only','04 - Sideswipe',downtown,0
Weekday,Evening,Road,'01 - Clear','01 - Daylight','01 - Dry','10 - No control',0.846144,'P.D. only','P.D. only','05 - Turning movement',mid_town,0
Weekday,Noon,Road,'01 - Clear','01 - Daylight','01 - Dry','01 - Traffic signal',0.999989,'P.D. only','P.D. only','04 - Sideswipe',mid_town,0
Weekday,Evening,highway,'01 - Clear','01 - Daylight','01 - Dry','10 - No control',0.999951,'P.D. only','P.D. only','04 - Sideswipe',Ottawa_west,0
Weekday,Mid_Night,Road,'01 - Clear','07 - Dark','01 - Dry','01 - Traffic signal',0.230768,'P.D. only','P.D. only','05 - Turning movement',downtown,0
Weekday,Night,Road,'03 - Snow','01 - Daylight','03 - Loose snow','10 - No control',0.999985,'P.D. only','P.D. only','03 - Rear end',Ottawa_south,0
Weekends,Night,Road,'01 - Clear','01 - Daylight','01 - Dry','01 - Traffic signal',0.999963,'P.D. only','P.D. only','03 - Rear end',Ottawa_south,0
Weekday,Evening,Road,'02 - Rain','01 - Daylight','02 - Wet','02 - Stop sign',0.641023,'P.D. only','P.D. only','03 - Rear end',mid_town,0
Weekday,Noon,Road,'01 - Clear','01 - Daylight','01 - Dry','10 - No control',0.99999,'P.D. only','P.D. only','06 - SMV unattended vehicle',downtown,0
Weekday,Mid_Night,Road,'01 - Clear','07 - Dark','01 - Dry','01 - Traffic signal',0.636361,'P.D. only','P.D. only','03 - Rear end',mid_town,0
Weekday,Evening,Road,'01 - Clear','01 - Daylight','01 - Dry','02 - Stop sign',-0.333317,Injury,'P.D. only','03 - Rear end',Ottawa_south,0
Weekday,Noon,Road,'01 - Clear','01 - Daylight','01 - Dry','01 - Traffic signal',0.714271,'P.D. only','P.D. only','07 - SMV other',downtown,0
Weekends,Afternoon,Road,'01 - Clear','01 - Daylight','01 - Dry','10 - No control',0.591836,'P.D. only','P.D. only','03 - Rear end',downtown,0
Weekday,Night,Road,'01 - Clear','01 - Daylight','01 - Dry','10 - No control',0.99999,'P.D. only','P.D. only','07 - SMV other',downtown,0
Weekday,Night,Road,'01 - Clear','01 - Daylight','01 - Dry','10 - No control',0.686746,'P.D. only','P.D. only','03 - Rear end',downtown,0
Weekday,Evening,Road,'01 - Clear','01 - Daylight','01 - Dry','10 - No control',0.999985,'P.D. only','P.D. only','06 - SMV unattended vehicle',Ottawa_west,0
Weekday,Night,Road,'02 - Rain','01 - Daylight','02 - Wet','01 - Traffic signal',0.555547,'P.D. only','P.D. only','03 - Rear end',Ottawa_west,0
Weekday,Night,Road,'01 - Clear','01 - Daylight','02 - Wet','10 - No control',0.914284,'P.D. only','P.D. only','06 - SMV unattended vehicle',downtown,0
Weekends,Night,Road,'02 - Rain','05 - Dusk','02 - Wet','01 - Traffic signal',0.499982,'P.D. only','P.D. only','03 - Rear end',Ottawa_west,0
Weekday,Early_Morning,Road,'02 - Rain','07 - Dark','02 - Wet','02 - Stop sign',0.608694,'P.D. only','P.D. only','02 - Angle',downtown,0
Weekends,Evening,Road,'01 - Clear','01 - Daylight','01 - Dry','01 - Traffic signal',0.562497,'P.D. only','P.D. only','03 - Rear end',mid_town,0
Weekday,Evening,Road,'01 - Clear','01 - Daylight','01 - Dry','02 - Stop sign',0.999979,'P.D. only','P.D. only','05 - Turning movement',downtown,0
Weekday,Night,Road,'01 - Clear','05 - Dusk','01 - Dry','01 - Traffic signal',0,Injury,'P.D. only','05 - Turning movement',mid_town,0
Weekends,Afternoon,Road,'01 - Clear','01 - Daylight','04 - Slush','10 - No control',0.999982,'P.D. only','P.D. only','06 - SMV unattended vehicle',downtown,0
Weekends,Afternoon,Road,'01 - Clear','01 - Daylight','01 - Dry','10 - No control',0.720928,'P.D. only','P.D. only','04 - Sideswipe',mid_town,0
Weekday,Night,Road,'01 - Clear','01 - Daylight','01 - Dry','10 - No control',0.494949,'P.D. only','P.D. only','03 - Rear end',mid_town,0
Weekday,Night,Road,'01 - Clear','01 - Daylight','01 - Dry','01 - Traffic signal',0.613445,'P.D. only','P.D. only','03 - Rear end',mid_town,0
Weekday,Mid_Night,Road,'02 - Rain','07 - Dark','02 - Wet','10 - No control',0.89473,'P.D. only','P.D. only','06 - SMV unattended vehicle',downtown,0
Weekday,Night,highway,'01 - Clear','01 - Daylight','01 - Dry','10 - No control',0.645568,'P.D. only','P.D. only','03 - Rear end',downtown,0
Weekends,Mid_Night,highway,'01 - Clear','07 - Dark','01 - Dry','10 - No control',0.846144,'P.D. only','P.D. only','07 - SMV other',Ottawa_west,0
Weekday,Noon,highway,'01 - Clear','07 - Dark','06 - Ice','10 - No control',0.599994,'P.D. only','P.D. only','03 - Rear end',downtown,0
Weekends,Mid_Night,Road,'03 - Snow','07 - Dark','04 - Slush','10 - No control',0.999979,'P.D. only','P.D. only','06 - SMV unattended vehicle',downtown,0
Weekends,Evening,Road,'01 - Clear','01 - Daylight','01 - Dry','10 - No control',0.428562,'P.D. only','P.D. only','03 - Rear end',Ottawa_east,0
Weekday,Afternoon,Road,'01 - Clear','01 - Daylight','01 - Dry','01 - Traffic signal',0.999989,'P.D. only','P.D. only','04 - Sideswipe',downtown,0
Weekday,Night,Road,'01 - Clear','05 - Dusk','01 - Dry','10 - No control',0.874996,'P.D. only','P.D. only','04 - Sideswipe',Ottawa_west,0
Weekday,Evening,Road,'01 - Clear','01 - Daylight','05 - Packed snow','10 - No control',0.689653,'P.D. only','P.D. only','02 - Angle',downtown,0
Weekday,Night,Road,'02 - Rain','01 - Daylight','02 - Wet','10 - No control',0.523806,'P.D. only','P.D. only','03 - Rear end',mid_town,0
Weekends,Evening,Road,'01 - Clear','01 - Daylight','04 - Slush','01 - Traffic signal',0.157894,'P.D. only','P.D. only','02 - Angle',mid_town,0
Weekday,Noon,Road,'01 - Clear','01 - Daylight','01 - Dry','01 - Traffic signal',0.62264,'P.D. only','P.D. only','03 - Rear end',mid_town,0
Weekday,Afternoon,Road,'05 - Drifting Snow','01 - Daylight','03 - Loose snow','01 - Traffic signal',0.843135,'P.D. only','P.D. only','04 - Sideswipe',downtown,0
Weekends,Mid_Night,Road,'01 - Clear','07 - Dark','03 - Loose snow','10 - No control',0.999995,'P.D. only','P.D. only','06 - SMV unattended vehicle',downtown,0
Weekday,Evening,Road,'01 - Clear','01 - Daylight','01 - Dry','01 - Traffic signal',0.866662,'P.D. only','P.D. only','04 - Sideswipe',mid_town,0
Weekday,Mid_Night,Road,'01 - Clear','07 - Dark','01 - Dry','10 - No control',0.777765,'P.D. only','P.D. only','06 - SMV unattended vehicle',mid_town,0
Weekends,Noon,Road,'01 - Clear','01 - Daylight','01 - Dry','10 - No control',0.333317,'P.D. only','P.D. only','07 - SMV other',Ottawa_south,0
Weekday,Afternoon,Road,'03 - Snow','01 - Daylight','03 - Loose snow','10 - No control',0.789468,'P.D. only','P.D. only','01 - Approaching',downtown,0
Weekday,Night,highway,'01 - Clear','07 - Dark','01 - Dry','10 - No control',0.428568,'P.D. only','P.D. only','03 - Rear end',downtown,0
Weekends,Early_Morning,highway,'01 - Clear','07 - Dark','01 - Dry','10 - No control',0.999963,'P.D. only','P.D. only','07 - SMV other',Ottawa_west,0
Weekday,Night,Road,'03 - Snow','01 - Daylight','03 - Loose snow','01 - Traffic signal',0.866662,'P.D. only','P.D. only','02 - Angle',downtown,0
Weekday,Night,Road,'01 - Clear','01 - Daylight','01 - Dry','01 - Traffic signal',0.671641,'P.D. only','P.D. only','03 - Rear end',downtown,0
Weekday,Night,Road,'01 - Clear','01 - Daylight','01 - Dry','10 - No control',0.743588,'P.D. only','P.D. only','04 - Sideswipe',downtown,0
Weekday,Noon,Road,'01 - Clear','03 - Dawn','01 - Dry','01 - Traffic signal',0.644442,'P.D. only','P.D. only','03 - Rear end',Ottawa_west,0
Weekday,Evening,highway,'01 - Clear','01 - Daylight','01 - Dry','01 - Traffic signal',0.849054,'P.D. only','P.D. only','04 - Sideswipe',mid_town,0
Weekday,Noon,Road,'01 - Clear','01 - Daylight','01 - Dry','02 - Stop sign',0.666666,'P.D. only','P.D. only','04 - Sideswipe',downtown,0
Weekends,Mid_Night,Road,'01 - Clear','07 - Dark','02 - Wet','10 - No control',0.714278,'P.D. only','P.D. only','06 - SMV unattended vehicle',mid_town,0
Weekday,Noon,highway,'01 - Clear','01 - Daylight','02 - Wet','10 - No control',0.799988,'P.D. only','P.D. only','07 - SMV other',Ottawa_east,0
Weekday,Afternoon,highway,'01 - Clear','01 - Daylight','01 - Dry','01 - Traffic signal',0.542855,'P.D. only','P.D. only','02 - Angle',downtown,0
Weekday,Noon,Road,'03 - Snow','01 - Daylight','03 - Loose snow','10 - No control',0.826082,'P.D. only','P.D. only','04 - Sideswipe',downtown,0
Weekday,Evening,Road,'01 - Clear','01 - Daylight','01 - Dry','01 - Traffic signal',0.306122,'P.D. only','P.D. only','02 - Angle',downtown,0
Weekday,Night,highway,'01 - Clear','01 - Daylight','01 - Dry','10 - No control',0.645568,'P.D. only','P.D. only','03 - Rear end',downtown,0
Weekday,Night,Road,'02 - Rain','01 - Daylight','02 - Wet','10 - No control',0.999976,'P.D. only','P.D. only','02 - Angle',downtown,0
Weekday,Noon,Road,'01 - Clear','03 - Dawn','06 - Ice','10 - No control',0.999963,'P.D. only','P.D. only','03 - Rear end',mid_town,0
Weekday,Mid_Night,Road,'01 - Clear','07 - Dark','01 - Dry','02 - Stop sign',0.434781,'P.D. only','P.D. only','05 - Turning movement',mid_town,0
Weekends,Night,Road,'01 - Clear','01 - Daylight','01 - Dry','01 - Traffic signal',0.999963,'P.D. only','P.D. only','03 - Rear end',Ottawa_south,0
Weekends,Night,Road,'01 - Clear','05 - Dusk','02 - Wet','01 - Traffic signal',0.66665,'P.D. only','P.D. only','03 - Rear end',Ottawa_west,0
Weekday,Noon,Road,'01 - Clear','01 - Daylight','01 - Dry','10 - No control',0.777765,'P.D. only','P.D. only','07 - SMV other',Ottawa_south,0
Weekends,Evening,Road,'01 - Clear','01 - Daylight','01 - Dry','01 - Traffic signal',0.499991,'P.D. only','P.D. only','03 - Rear end',Ottawa_east,0
Weekday,Night,Road,'02 - Rain','01 - Daylight','02 - Wet','10 - No control',0.999976,'P.D. only','P.D. only','04 - Sideswipe',mid_town,0
Weekday,Afternoon,Road,'01 - Clear','01 - Daylight','02 - Wet','01 - Traffic signal',0.999971,'P.D. only','P.D. only','02 - Angle',mid_town,0
Weekday,Night,Road,'01 - Clear','05 - Dusk','06 - Ice','02 - Stop sign',0.999963,'P.D. only','P.D. only','03 - Rear end',downtown,0
Weekday,Mid_Night,Road,'01 - Clear','07 - Dark','01 - Dry','10 - No control',0.749986,'P.D. only','P.D. only','03 - Rear end',mid_town,0
Weekday,Night,Road,'01 - Clear','01 - Daylight','01 - Dry','01 - Traffic signal',0.671641,'P.D. only','P.D. only','03 - Rear end',downtown,0
Weekday,Evening,highway,'03 - Snow','01 - Daylight','06 - Ice','10 - No control',0.826084,'P.D. only','P.D. only','99 - Other',mid_town,0
Weekday,Afternoon,Road,'01 - Clear','01 - Daylight','01 - Dry','01 - Traffic signal',0.999989,'P.D. only','P.D. only','04 - Sideswipe',downtown,0
Weekday,Evening,Road,'05 - Drifting Snow','01 - Daylight','01 - Dry','01 - Traffic signal',0.630251,'P.D. only','P.D. only','03 - Rear end',downtown,0
Weekday,Evening,Road,'01 - Clear','01 - Daylight','01 - Dry','01 - Traffic signal',0.454543,'P.D. only','P.D. only','05 - Turning movement',mid_town,0
Weekday,Night,Road,'01 - Clear','01 - Daylight','01 - Dry','02 - Stop sign',0.255813,'P.D. only','P.D. only','02 - Angle',downtown,0
Weekends,Evening,Road,'01 - Clear','01 - Daylight','01 - Dry','01 - Traffic signal',0.407405,'P.D. only','P.D. only','03 - Rear end',downtown,0
Weekday,Noon,highway,'03 - Snow','01 - Daylight','02 - Wet','10 - No control',0.684205,'P.D. only','P.D. only','99 - Other',Ottawa_west,0
Weekday,Mid_Night,Road,'01 - Clear','07 - Dark','01 - Dry','10 - No control',0.666666,'P.D. only','P.D. only','03 - Rear end',Ottawa_south,0
Weekday,Night,Road,'01 - Clear','01 - Daylight','01 - Dry','01 - Traffic signal',0.999982,'P.D. only','P.D. only','02 - Angle',Ottawa_west,0
Weekday,Night,Road,'01 - Clear','01 - Daylight','02 - Wet','01 - Traffic signal',0.454539,'P.D. only','P.D. only','03 - Rear end',downtown,0
Weekday,Night,Road,'01 - Clear','01 - Daylight','01 - Dry','10 - No control',0.809521,'P.D. only','P.D. only','02 - Angle',downtown,0
Weekday,Noon,Road,'01 - Clear','01 - Daylight','01 - Dry','01 - Traffic signal',0.333332,'P.D. only','P.D. only','05 - Turning movement',downtown,0
Weekday,Night,Road,'01 - Clear','05 - Dusk','02 - Wet','10 - No control',0.999987,'P.D. only','P.D. only','06 - SMV unattended vehicle',downtown,0
Weekday,Night,Road,'01 - Clear','01 - Daylight','01 - Dry','10 - No control',0.743588,'P.D. only','P.D. only','04 - Sideswipe',downtown,0
Weekends,Noon,highway,'01 - Clear','01 - Daylight','06 - Ice','10 - No control',0.846144,'P.D. only','P.D. only','06 - SMV unattended vehicle',Ottawa_south,0
Weekday,Mid_Night,Road,'01 - Clear','07 - Dark','01 - Dry','10 - No control',0.809518,'P.D. only','P.D. only','07 - SMV other',Ottawa_east,0
Weekday,Evening,Road,'01 - Clear','01 - Daylight','01 - Dry','01 - Traffic signal',0.88679,'P.D. only','P.D. only','04 - Sideswipe',downtown,0
Weekday,Night,Road,'01 - Clear','07 - Dark','01 - Dry','01 - Traffic signal',0.6923,'P.D. only','P.D. only','03 - Rear end',mid_town,0
Weekday,Night,Road,'01 - Clear','01 - Daylight','01 - Dry','10 - No control',0.599997,'P.D. only','P.D. only','02 - Angle',mid_town,0
Weekday,Noon,Road,'01 - Clear','01 - Daylight','01 - Dry','01 - Traffic signal',0.80769,'P.D. only','P.D. only','03 - Rear end',downtown,0
Weekends,Early_Morning,Road,'03 - Snow','07 - Dark','03 - Loose snow','10 - No control',0.999951,'P.D. only','P.D. only','07 - SMV other',Ottawa_west,0
Weekday,Night,Road,'01 - Clear','01 - Daylight','01 - Dry','10 - No control',0.11111,'P.D. only','P.D. only','03 - Rear end',Ottawa_west,0
Weekday,Evening,Road,'01 - Clear','01 - Daylight','01 - Dry','10 - No control',0.428568,'P.D. only','P.D. only','02 - Angle',mid_town,0
Weekday,Night,Road,'01 - Clear','07 - Dark','02 - Wet','10 - No control',0.764699,'P.D. only','P.D. only','03 - Rear end',Ottawa_south,0
Weekday,Evening,highway,'01 - Clear','01 - Daylight','01 - Dry','01 - Traffic signal',0.999971,'P.D. only','P.D. only','04 - Sideswipe',downtown,0
Weekday,Mid_Night,Road,'01 - Clear','07 - Dark','01 - Dry','01 - Traffic signal',0.399997,'P.D. only','P.D. only','02 - Angle',downtown,0
Weekday,Mid_Night,Road,'01 - Clear','01 - Daylight','01 - Dry','02 - Stop sign',0.624998,'P.D. only','P.D. only','03 - Rear end',mid_town,0
Weekday,Evening,Road,'01 - Clear','01 - Daylight','01 - Dry','02 - Stop sign',0.636355,'P.D. only','P.D. only','03 - Rear end',mid_town,0
Weekday,Evening,highway,'01 - Clear','01 - Daylight','01 - Dry','02 - Stop sign',0.333317,'P.D. only','P.D. only','03 - Rear end',Ottawa_east,0
Weekends,Noon,Road,'01 - Clear','01 - Daylight','01 - Dry','10 - No control',0.999963,'P.D. only','P.D. only','07 - SMV other',Ottawa_west,0
Weekday,Night,Road,'01 - Clear','01 - Daylight','01 - Dry','10 - No control',0.999976,'P.D. only','P.D. only','04 - Sideswipe',Ottawa_west,0
Weekday,Afternoon,Road,'02 - Rain','01 - Daylight','02 - Wet','01 - Traffic signal',0.799988,'P.D. only','P.D. only','03 - Rear end',downtown,0
Weekends,Night,highway,'03 - Snow','07 - Dark','03 - Loose snow','10 - No control',0.826082,'P.D. only','P.D. only','03 - Rear end',Ottawa_west,0
Weekends,Night,Road,'01 - Clear','01 - Daylight','06 - Ice','10 - No control',0.999994,'P.D. only','P.D. only','06 - SMV unattended vehicle',downtown,0
Weekends,Night,Road,'01 - Clear','01 - Daylight','02 - Wet','01 - Traffic signal',0.647057,'P.D. only','P.D. only','03 - Rear end',downtown,0
Weekends,Mid_Night,Road,'03 - Snow','07 - Dark','03 - Loose snow','01 - Traffic signal',0.999976,'P.D. only','P.D. only','06 - SMV unattended vehicle',downtown,0
Weekday,Evening,Road,'01 - Clear','01 - Daylight','01 - Dry','01 - Traffic signal',0.445782,'P.D. only','P.D. only','05 - Turning movement',downtown,0
Weekday,Night,Road,'01 - Clear','07 - Dark','01 - Dry','10 - No control',0.707315,'P.D. only','P.D. only','02 - Angle',Ottawa_west,0
Weekends,Night,Road,'01 - Clear','01 - Daylight','01 - Dry','10 - No control',0.333325,'P.D. only','P.D. only','07 - SMV other',Ottawa_west,0
Weekday,Mid_Night,Road,'03 - Snow','07 - Dark','03 - Loose snow','10 - No control',0.666663,'P.D. only','P.D. only','04 - Sideswipe',downtown,0
Weekday,Evening,Road,'01 - Clear','01 - Daylight','01 - Dry','10 - No control',0.674416,'P.D. only','P.D. only','03 - Rear end',mid_town,0
Weekends,Night,Road,'01 - Clear','01 - Daylight','01 - Dry','01 - Traffic signal',0.466662,'P.D. only','P.D. only','03 - Rear end',downtown,0
Weekends,Night,Road,'03 - Snow','05 - Dusk','03 - Loose snow','01 - Traffic signal',0.999987,'P.D. only','P.D. only','05 - Turning movement',mid_town,0
Weekday,Mid_Night,Road,'01 - Clear','07 - Dark','02 - Wet','10 - No control',0.849054,'P.D. only','P.D. only','07 - SMV other',downtown,0
Weekday,Night,Road,'01 - Clear','01 - Daylight','01 - Dry','01 - Traffic signal',0.529409,'P.D. only','P.D. only','03 - Rear end',Ottawa_west,0
Weekday,Noon,Road,'01 - Clear','01 - Daylight','02 - Wet','01 - Traffic signal',0.749986,'P.D. only','P.D. only','03 - Rear end',downtown,0
Weekends,Mid_Night,Road,'03 - Snow','07 - Dark','03 - Loose snow','10 - No control',0.666659,'P.D. only','P.D. only','07 - SMV other',mid_town,0
Weekday,Mid_Night,Road,'03 - Snow','07 - Dark','06 - Ice','02 - Stop sign',0.999963,'P.D. only','P.D. only','02 - Angle',mid_town,0
Weekday,Afternoon,Road,'05 - Drifting Snow','01 - Daylight','05 - Packed snow','10 - No control',0.416664,'P.D. only','P.D. only','07 - SMV other',Ottawa_south,0
Weekends,Early_Morning,Road,'02 - Rain','07 - Dark','02 - Wet','10 - No control',0.999971,'P.D. only','P.D. only','07 - SMV other',Ottawa_east,0
Weekday,Afternoon,highway,'02 - Rain','01 - Daylight','02 - Wet','10 - No control',0.499982,'P.D. only','P.D. only','07 - SMV other',mid_town,0
Weekday,Night,highway,'01 - Clear','01 - Daylight','01 - Dry','10 - No control',0.757572,'P.D. only','P.D. only','03 - Rear end',mid_town,0
Weekday,Evening,Road,'03 - Snow','01 - Daylight','06 - Ice','01 - Traffic signal',0.199997,'P.D. only','P.D. only','02 - Angle',downtown,0
Weekends,Evening,Road,'01 - Clear','01 - Daylight','01 - Dry','02 - Stop sign',0.333332,'P.D. only','P.D. only','03 - Rear end',Ottawa_south,0
Weekends,Night,Road,'02 - Rain','01 - Daylight','02 - Wet','02 - Stop sign',0.599994,'P.D. only','P.D. only','05 - Turning movement',downtown,0
Weekday,Evening,highway,'01 - Clear','01 - Daylight','01 - Dry','10 - No control',0.521737,'P.D. only','P.D. only','03 - Rear end',downtown,0
Weekday,Evening,Road,'01 - Clear','01 - Daylight','01 - Dry','10 - No control',0.714281,'P.D. only','P.D. only','05 - Turning movement',downtown,0
Weekday,Mid_Night,highway,'01 - Clear','07 - Dark','01 - Dry','10 - No control',0.666659,'P.D. only','P.D. only','04 - Sideswipe',downtown,0
Weekday,Night,Road,'01 - Clear','01 - Daylight','01 - Dry','10 - No control',0.399994,'P.D. only','P.D. only','07 - SMV other',Ottawa_east,0
Weekday,Night,Road,'01 - Clear','05 - Dusk','05 - Packed snow','01 - Traffic signal',0.699997,'P.D. only','P.D. only','99 - Other',mid_town,0
Weekday,Noon,Road,'03 - Snow','07 - Dark','02 - Wet','10 - No control',0.999951,'P.D. only','P.D. only','07 - SMV other',mid_town,0
Weekends,Mid_Night,Road,'01 - Clear','07 - Dark','01 - Dry','10 - No control',0.999971,'P.D. only','P.D. only','06 - SMV unattended vehicle',mid_town,0
Weekends,Mid_Night,Road,'01 - Clear','07 - Dark','01 - Dry','01 - Traffic signal',0.599982,'P.D. only','P.D. only','02 - Angle',downtown,0
Weekday,Afternoon,Road,'01 - Clear','01 - Daylight','02 - Wet','10 - No control',0.411761,'P.D. only','P.D. only','05 - Turning movement',mid_town,0
Weekday,Night,highway,'01 - Clear','07 - Dark','01 - Dry','10 - No control',0.666665,'P.D. only','P.D. only','07 - SMV other',Ottawa_west,0
Weekday,Night,Road,'02 - Rain','07 - Dark','02 - Wet','01 - Traffic signal',0.473681,'P.D. only','P.D. only','03 - Rear end',Ottawa_east,0
Weekday,Evening,highway,'01 - Clear','01 - Daylight','01 - Dry','10 - No control',0.166665,'P.D. only','P.D. only','07 - SMV other',downtown,0
Weekday,Evening,Road,'01 - Clear','01 - Daylight','01 - Dry','02 - Stop sign',0.710842,'P.D. only','P.D. only','99 - Other',downtown,0
Weekday,Afternoon,Road,'01 - Clear','01 - Daylight','01 - Dry','10 - No control',0.999971,'P.D. only','P.D. only','06 - SMV unattended vehicle',Ottawa_south,0
Weekday,Night,Road,'01 - Clear','01 - Daylight','01 - Dry','10 - No control',0.399994,'P.D. only','P.D. only','07 - SMV other',Ottawa_east,0
Weekday,Night,Road,'01 - Clear','01 - Daylight','01 - Dry','01 - Traffic signal',0.671641,'P.D. only','P.D. only','03 - Rear end',downtown,0
Weekday,Evening,highway,'01 - Clear','01 - Daylight','01 - Dry','10 - No control',0.999951,'P.D. only','P.D. only','07 - SMV other',Ottawa_south,0
Weekday,Night,Road,'01 - Clear','07 - Dark','01 - Dry','02 - Stop sign',0.607141,'P.D. only','P.D. only','03 - Rear end',mid_town,0
Weekday,Noon,Road,'01 - Clear','01 - Daylight','01 - Dry','10 - No control',0.614034,'P.D. only','P.D. only','01 - Approaching',Ottawa_west,0
Weekends,Evening,Road,'01 - Clear','01 - Daylight','01 - Dry','01 - Traffic signal',0.562497,'P.D. only','P.D. only','03 - Rear end',mid_town,0
Weekday,Night,highway,'01 - Clear','05 - Dusk','03 - Loose snow','10 - No control',0.696967,'P.D. only','P.D. only','07 - SMV other',mid_town,0
Weekday,Mid_Night,Road,'01 - Clear','07 - Dark','01 - Dry','10 - No control',0.679996,'P.D. only','P.D. only','03 - Rear end',downtown,0
Weekday,Night,Road,'01 - Clear','01 - Daylight','01 - Dry','10 - No control',0.770832,'P.D. only','P.D. only','99 - Other',Ottawa_east,0
Weekday,Afternoon,Road,'01 - Clear','01 - Daylight','04 - Slush','10 - No control',0.543858,'P.D. only','P.D. only','01 - Approaching',Ottawa_south,0
Weekday,Evening,Road,'03 - Snow','01 - Daylight','03 - Loose snow','01 - Traffic signal',0.777765,'P.D. only','P.D. only','03 - Rear end',mid_town,0
Weekends,Evening,Road,'01 - Clear','01 - Daylight','01 - Dry','01 - Traffic signal',0.562497,'P.D. only','P.D. only','03 - Rear end',mid_town,0