DATE,TIME,Road_type,ENVIRONMENT,LIGHT,SURFACE_CONDITION,TRAFFIC_CONTROL,'prediction margin','predicted COLLISION_CLASSIFICATION',COLLISION_CLASSIFICATION,IMPACT_TYPE,Location,NO_OF_PEDESTRIANS
Weekday,Evening,Road,'01 - Clear','01 - Daylight','01 - Dry','10 - No control',0.558822,'P.D. only','P.D. only','03 - Rear end',downtown,0
Weekday,Evening,Road,'01 - Clear','01 - Daylight','01 - Dry','02 - Stop sign',0.468749,'P.D. only','P.D. only','07 - SMV other',mid_town,0
Weekday,Afternoon,Road,'01 - Clear','01 - Daylight','01 - Dry','10 - No control',0.882345,'P.D. only','P.D. only','06 - SMV unattended vehicle',downtown,0
Weekday,Mid_Night,Road,'01 - Clear','07 - Dark','01 - Dry','10 - No control',0.999976,'P.D. only','P.D. only','06 - SMV unattended vehicle',Ottawa_west,0
Weekday,Early_Morning,Road,'02 - Rain','07 - Dark','02 - Wet','01 - Traffic signal',0.333328,'P.D. only','P.D. only','03 - Rear end',downtown,0
Weekday,Evening,Road,'01 - Clear','01 - Daylight','01 - Dry','10 - No control',0.777765,'P.D. only','P.D. only','03 - Rear end',Ottawa_east,0
Weekday,Night,highway,'01 - Clear','01 - Daylight','01 - Dry','01 - Traffic signal',0.757575,'P.D. only','P.D. only','04 - Sideswipe',downtown,0
Weekday,Mid_Night,highway,'03 - Snow','07 - Dark','05 - Packed snow','10 - No control',0.599982,'P.D. only','P.D. only','07 - SMV other',Ottawa_south,0
Weekday,Night,highway,'01 - Clear','01 - Daylight','01 - Dry','10 - No control',0.757572,'P.D. only','P.D. only','03 - Rear end',mid_town,0
Weekday,Evening,Road,'01 - Clear','01 - Daylight','01 - Dry','10 - No control',0.999984,'P.D. only','P.D. only','04 - Sideswipe',Ottawa_west,0
Weekday,Afternoon,Road,'01 - Clear','01 - Daylight','01 - Dry','02 - Stop sign',0.541666,'P.D. only','P.D. only','05 - Turning movement',downtown,0
Weekends,Night,Road,'01 - Clear','07 - Dark','01 - Dry','10 - No control',0.862065,'P.D. only','P.D. only','06 - SMV unattended vehicle',mid_town,0
Weekday,Evening,Road,'02 - Rain','01 - Daylight','02 - Wet','01 - Traffic signal',0.999951,'P.D. only','P.D. only','04 - Sideswipe',downtown,0
Weekday,Mid_Night,Road,'02 - Rain','07 - Dark','06 - Ice','03 - Yield sign',0.999963,'P.D. only','P.D. only','02 - Angle',mid_town,0
Weekday,Night,Road,'01 - Clear','01 - Daylight','01 - Dry','10 - No control',0.494949,'P.D. only','P.D. only','03 - Rear end',mid_town,0
Weekends,Noon,highway,'01 - Clear','07 - Dark','02 - Wet','10 - No control',0.999951,'P.D. only','P.D. only','07 - SMV other',downtown,0
Weekday,Evening,Road,'01 - Clear','01 - Daylight','01 - Dry','01 - Traffic signal',0.88679,'P.D. only','P.D. only','04 - Sideswipe',downtown,0
Weekday,Mid_Night,Road,'01 - Clear','07 - Dark','01 - Dry','10 - No control',0.777765,'P.D. only','P.D. only','06 - SMV unattended vehicle',mid_town,0
Weekday,Night,Road,'01 - Clear','01 - Daylight','01 - Dry','01 - Traffic signal',0.671641,'P.D. only','P.D. only','03 - Rear end',downtown,0
Weekends,Evening,Road,'01 - Clear','01 - Daylight','01 - Dry','01 - Traffic signal',0.599996,'P.D. only','P.D. only','05 - Turning movement',downtown,0
Weekday,Evening,Road,'02 - Rain','01 - Daylight','02 - Wet','10 - No control',0.999971,'P.D. only','P.D. only','03 - Rear end',mid_town,0
Weekends,Early_Morning,Road,'01 - Clear','07 - Dark','01 - Dry','01 - Traffic signal',0.499998,'P.D. only','P.D. only','05 - Turning movement',downtown,0
Weekends,Evening,Road,'01 - Clear','01 - Daylight','02 - Wet','02 - Stop sign',0.555547,'P.D. only','P.D. only','02 - Angle',Ottawa_east,0
Weekday,Morning,Road,'01 - Clear','07 - Dark','01 - Dry','01 - Traffic signal',0.727268,'P.D. only','P.D. only','02 - Angle',mid_town,0
Weekends,Night,Road,'01 - Clear','01 - Daylight','01 - Dry','01 - Traffic signal',0.599982,'P.D. only','P.D. only','03 - Rear end',Ottawa_west,0
Weekends,Afternoon,highway,'01 - Clear','01 - Daylight','01 - Dry','10 - No control',0.722219,'P.D. only','P.D. only','04 - Sideswipe',downtown,0
Weekends,Evening,highway,'03 - Snow','01 - Daylight','06 - Ice','10 - No control',0.999991,'P.D. only','P.D. only','03 - Rear end',downtown,0
Weekday,Mid_Night,Road,'03 - Snow','07 - Dark','05 - Packed snow','01 - Traffic signal',0.538455,'P.D. only','P.D. only','03 - Rear end',mid_town,0
Weekday,Afternoon,Road,'03 - Snow','01 - Daylight','03 - Loose snow','10 - No control',0.862065,'P.D. only','P.D. only','03 - Rear end',mid_town,0
Weekday,Night,Road,'01 - Clear','01 - Daylight','01 - Dry','01 - Traffic signal',0.454544,'P.D. only','P.D. only','05 - Turning movement',mid_town,0
Weekends,Evening,Road,'01 - Clear','01 - Daylight','01 - Dry','02 - Stop sign',0.704916,'P.D. only','P.D. only','04 - Sideswipe',downtown,0
Weekday,Night,Road,'01 - Clear','01 - Daylight','01 - Dry','02 - Stop sign',-0.199994,Injury,'P.D. only','03 - Rear end',Ottawa_south,0
Weekends,Evening,Road,'02 - Rain','01 - Daylight','02 - Wet','01 - Traffic signal',0.639998,'P.D. only','P.D. only','03 - Rear end',Ottawa_west,0
Weekday,Night,Road,'01 - Clear','07 - Dark','01 - Dry','10 - No control',0.333317,'P.D. only','P.D. only','03 - Rear end',Ottawa_south,0
Weekday,Mid_Night,Road,'01 - Clear','07 - Dark','06 - Ice','02 - Stop sign',0.703702,'P.D. only','P.D. only','04 - Sideswipe',mid_town,0
Weekends,Evening,Road,'01 - Clear','01 - Daylight','01 - Dry','10 - No control',0.999971,'P.D. only','P.D. only','06 - SMV unattended vehicle',Ottawa_west,0
Weekday,Noon,Road,'01 - Clear','01 - Daylight','01 - Dry','10 - No control',0.777765,'P.D. only','P.D. only','03 - Rear end',Ottawa_south,0
Weekday,Night,Road,'01 - Clear','01 - Daylight','01 - Dry','01 - Traffic signal',0.583332,'P.D. only','P.D. only','05 - Turning movement',downtown,0
Weekday,Night,Road,'02 - Rain','01 - Daylight','02 - Wet','01 - Traffic signal',0.857138,'P.D. only','P.D. only','03 - Rear end',mid_town,0
Weekday,Afternoon,Road,'03 - Snow','01 - Daylight','03 - Loose snow','10 - No control',0.904756,'P.D. only','P.D. only','07 - SMV other',Ottawa_east,0
Weekday,Night,Road,'01 - Clear','01 - Daylight','01 - Dry','01 - Traffic signal',0.454544,'P.D. only','P.D. only','05 - Turning movement',mid_town,0
Weekday,Noon,Road,'01 - Clear','01 - Daylight','01 - Dry','01 - Traffic signal',0.80769,'P.D. only','P.D. only','03 - Rear end',downtown,0
Weekday,Mid_Night,Road,'01 - Clear','07 - Dark','01 - Dry','10 - No control',0.744679,'P.D. only','P.D. only','07 - SMV other',Ottawa_west,0
Weekday,Evening,Road,'01 - Clear','01 - Daylight','01 - Dry','10 - No control',0.999993,'P.D. only','P.D. only','06 - SMV unattended vehicle',mid_town,0
Weekday,Night,Road,'03 - Snow','07 - Dark','04 - Slush','01 - Traffic signal',0.777765,'P.D. only','P.D. only','03 - Rear end',mid_town,0
Weekday,Night,Road,'01 - Clear','01 - Daylight','01 - Dry','10 - No control',0.809521,'P.D. only','P.D. only','02 - Angle',downtown,0
Weekday,Night,Road,'01 - Clear','07 - Dark','01 - Dry','10 - No control',-0.333317,Injury,'P.D. only','07 - SMV other',downtown,0
Weekday,Morning,Road,'01 - Clear','07 - Dark','01 - Dry','01 - Traffic signal',0.399994,'P.D. only','P.D. only','05 - Turning movement',Ottawa_south,0
Weekday,Night,Road,'00 - Unknown','01 - Daylight','99 - Other','10 - No control',0.55862,'P.D. only','P.D. only','03 - Rear end',mid_town,0
Weekday,Mid_Night,highway,'01 - Clear','07 - Dark','01 - Dry','10 - No control',0.411761,'P.D. only','P.D. only','03 - Rear end',downtown,0
Weekday,Noon,Road,'01 - Clear','01 - Daylight','01 - Dry','01 - Traffic signal',0.80769,'P.D. only','P.D. only','03 - Rear end',downtown,0
Weekday,Night,Road,'02 - Rain','01 - Daylight','02 - Wet','01 - Traffic signal',0.811319,'P.D. only','P.D. only','07 - SMV other',mid_town,0
Weekday,Night,Road,'01 - Clear','01 - Daylight','01 - Dry','01 - Traffic signal',0.548385,'P.D. only','P.D. only','02 - Angle',downtown,0
Weekday,Mid_Night,Road,'01 - Clear','07 - Dark','01 - Dry','02 - Stop sign',0.333325,'P.D. only','P.D. only','02 - Angle',downtown,0
Weekday,Night,Road,'01 - Clear','01 - Daylight','01 - Dry','01 - Traffic signal',0.613445,'P.D. only','P.D. only','03 - Rear end',mid_town,0
Weekday,Evening,Road,'03 - Snow','01 - Daylight','03 - Loose snow','10 - No control',0.999963,'P.D. only','P.D. only','07 - SMV other',Ottawa_west,0
Weekday,Evening,Road,'03 - Snow','01 - Daylight','03 - Loose snow','10 - No control',0.812496,'P.D. only','P.D. only','07 - SMV other',Ottawa_east,0
Weekends,Mid_Night,Road,'02 - Rain','07 - Dark','02 - Wet','01 - Traffic signal',0.285711,'P.D. only','P.D. only','05 - Turning movement',mid_town,0
Weekday,Afternoon,Road,'01 - Clear','01 - Daylight','01 - Dry','01 - Traffic signal',0.333317,'P.D. only','P.D. only','05 - Turning movement',Ottawa_east,0
Weekday,Noon,Road,'01 - Clear','01 - Daylight','01 - Dry','10 - No control',0.777765,'P.D. only','P.D. only','03 - Rear end',Ottawa_south,0
Weekday,Evening,Road,'01 - Clear','01 - Daylight','01 - Dry','01 - Traffic signal',0.582088,'P.D. only','P.D. only','99 - Other',Ottawa_east,0
Weekday,Night,Road,'01 - Clear','01 - Daylight','01 - Dry','10 - No control',0.272725,'P.D. only','P.D. only','05 - Turning movement',mid_town,0
Weekday,Evening,Road,'01 - Clear','01 - Daylight','01 - Dry','01 - Traffic signal',0.999963,'P.D. only','P.D. only','04 - Sideswipe',Ottawa_east,0
Weekday,Evening,Road,'01 - Clear','01 - Daylight','01 - Dry','01 - Traffic signal',0.630251,'P.D. only','P.D. only','03 - Rear end',downtown,0
Weekday,Noon,Road,'03 - Snow','01 - Daylight','02 - Wet','01 - Traffic signal',0.749986,'P.D. only','P.D. only','02 - Angle',Ottawa_west,0
Weekends,Evening,Road,'01 - Clear','01 - Daylight','01 - Dry','10 - No control',0.777771,'P.D. only','P.D. only','04 - Sideswipe',downtown,0
Weekday,Evening,Road,'01 - Clear','01 - Daylight','01 - Dry','10 - No control',0.333317,'P.D. only','P.D. only','03 - Rear end',Ottawa_west,0
Weekday,Noon,Road,'01 - Clear','01 - Daylight','06 - Ice','10 - No control',0.428562,'P.D. only','P.D. only','03 - Rear end',downtown,0
Weekday,Noon,Road,'01 - Clear','01 - Daylight','01 - Dry','01 - Traffic signal',0.857134,'P.D. only','P.D. only','03 - Rear end',Ottawa_west,0
Weekday,Night,highway,'01 - Clear','01 - Daylight','01 - Dry','10 - No control',0.645568,'P.D. only','P.D. only','03 - Rear end',downtown,0
Weekday,Evening,Road,'01 - Clear','01 - Daylight','01 - Dry','01 - Traffic signal',0.454543,'P.D. only','P.D. only','05 - Turning movement',mid_town,0
Weekday,Noon,Road,'01 - Clear','03 - Dawn','02 - Wet','01 - Traffic signal',0.999951,'P.D. only','P.D. only','03 - Rear end',downtown,0
Weekday,Afternoon,Road,'01 - Clear','01 - Daylight','01 - Dry','02 - Stop sign',0.696967,'P.D. only','P.D. only','99 - Other',downtown,0
Weekends,Night,Road,'03 - Snow','05 - Dusk','02 - Wet','10 - No control',0.999971,'P.D. only','P.D. only','06 - SMV unattended vehicle',downtown,0
Weekday,Mid_Night,Road,'01 - Clear','01 - Daylight','01 - Dry','02 - Stop sign',0.624998,'P.D. only','P.D. only','03 - Rear end',mid_town,0
Weekday,Night,Road,'01 - Clear','01 - Daylight','01 - Dry','01 - Traffic signal',0.671641,'P.D. only','P.D. only','03 - Rear end',downtown,0
Weekends,Night,Road,'01 - Clear','07 - Dark','02 - Wet','10 - No control',0.999988,'P.D. only','P.D. only','06 - SMV unattended vehicle',downtown,0
Weekday,Evening,Road,'01 - Clear','01 - Daylight','02 - Wet','10 - No control',0.882345,'P.D. only','P.D. only','05 - Turning movement',Ottawa_west,0
Weekends,Mid_Night,highway,'01 - Clear','07 - Dark','01 - Dry','10 - No control',0.833328,'P.D. only','P.D. only','03 - Rear end',Ottawa_west,0
Weekday,Noon,Road,'01 - Clear','01 - Daylight','01 - Dry','10 - No control',0.777774,'P.D. only','P.D. only','03 - Rear end',downtown,0
Weekday,Night,Road,'02 - Rain','01 - Daylight','02 - Wet','10 - No control',0.399997,'P.D. only','P.D. only','03 - Rear end',downtown,0
Weekday,Noon,Road,'01 - Clear','01 - Daylight','01 - Dry','01 - Traffic signal',0.999989,'P.D. only','P.D. only','04 - Sideswipe',mid_town,0
Weekends,Afternoon,Road,'01 - Clear','01 - Daylight','01 - Dry','02 - Stop sign',0.739126,'P.D. only','P.D. only','05 - Turning movement',downtown,0
Weekday,Night,Road,'01 - Clear','01 - Daylight','01 - Dry','02 - Stop sign',0.428567,'P.D. only','P.D. only','02 - Angle',Ottawa_west,0
Weekday,Noon,Road,'01 - Clear','03 - Dawn','01 - Dry','01 - Traffic signal',0.333317,'P.D. only','P.D. only','02 - Angle',downtown,0
Weekday,Mid_Night,Road,'01 - Clear','05 - Dusk','01 - Dry','10 - No control',0.999963,'P.D. only','P.D. only','06 - SMV unattended vehicle',downtown,0
Weekday,Mid_Night,Road,'01 - Clear','07 - Dark','01 - Dry','01 - Traffic signal',0.571423,'P.D. only','P.D. only','02 - Angle',mid_town,0
Weekday,Night,Road,'01 - Clear','01 - Daylight','02 - Wet','10 - No control',0.749986,'P.D. only','P.D. only','03 - Rear end',downtown,0
Weekday,Night,Road,'01 - Clear','07 - Dark','03 - Loose snow','10 - No control',0.599982,'P.D. only','P.D. only','05 - Turning movement',mid_town,0
Weekday,Evening,Road,'01 - Clear','01 - Daylight','01 - Dry','02 - Stop sign',0.749986,'P.D. only','P.D. only','03 - Rear end',downtown,0
Weekday,Noon,Road,'02 - Rain','07 - Dark','02 - Wet','10 - No control',0.633332,'P.D. only','P.D. only','03 - Rear end',Ottawa_south,0
Weekday,Night,Road,'01 - Clear','01 - Daylight','01 - Dry','01 - Traffic signal',0.885711,'P.D. only','P.D. only','04 - Sideswipe',mid_town,0
Weekday,Evening,Road,'01 - Clear','01 - Daylight','01 - Dry','01 - Traffic signal',0.999976,'P.D. only','P.D. only','07 - SMV other',downtown,0
Weekday,Mid_Night,highway,'01 - Clear','07 - Dark','02 - Wet','10 - No control',0.606059,'P.D. only','P.D. only','05 - Turning movement',mid_town,0
Weekends,Mid_Night,Road,'01 - Clear','07 - Dark','01 - Dry','10 - No control',0.89473,'P.D. only','P.D. only','07 - SMV other',Ottawa_south,0
Weekday,Night,highway,'01 - Clear','07 - Dark','01 - Dry','10 - No control',0.777765,'P.D. only','P.D. only','07 - SMV other',Ottawa_east,0
Weekends,Mid_Night,Road,'03 - Snow','07 - Dark','03 - Loose snow','10 - No control',0.777771,'P.D. only','P.D. only','07 - SMV other',downtown,0
Weekends,Night,highway,'01 - Clear','05 - Dusk','01 - Dry','10 - No control',0.999976,'P.D. only','P.D. only','07 - SMV other',Ottawa_west,0
Weekday,Night,Road,'01 - Clear','01 - Daylight','01 - Dry','10 - No control',0.743588,'P.D. only','P.D. only','04 - Sideswipe',downtown,0
Weekday,Night,Road,'01 - Clear','01 - Daylight','01 - Dry','02 - Stop sign',0.714278,'P.D. only','P.D. only','02 - Angle',mid_town,0
Weekday,Mid_Night,Road,'01 - Clear','07 - Dark','01 - Dry','10 - No control',0.749986,'P.D. only','P.D. only','03 - Rear end',mid_town,0
Weekday,Night,Road,'01 - Clear','05 - Dusk','02 - Wet','01 - Traffic signal',0.899993,'P.D. only','P.D. only','04 - Sideswipe',mid_town,0
Weekday,Noon,Road,'01 - Clear','01 - Daylight','06 - Ice','10 - No control',0.473682,'P.D. only','P.D. only','03 - Rear end',Ottawa_east,0
Weekday,Mid_Night,Road,'07 - Fog/mist/smoke/dust','07 - Dark','01 - Dry','01 - Traffic signal',0.599982,'P.D. only','P.D. only','05 - Turning movement',Ottawa_south,0
Weekday,Night,highway,'01 - Clear','01 - Daylight','02 - Wet','10 - No control',0.999951,'P.D. only','P.D. only','03 - Rear end',downtown,0
Weekends,Night,Road,'01 - Clear','05 - Dusk','01 - Dry','10 - No control',0.771425,'P.D. only','P.D. only','03 - Rear end',downtown,0
Weekday,Afternoon,Road,'01 - Clear','01 - Daylight','01 - Dry','01 - Traffic signal',0,Injury,'P.D. only','02 - Angle',Ottawa_west,0
Weekday,Noon,Road,'01 - Clear','01 - Daylight','01 - Dry','10 - No control',0.459458,'P.D. only','P.D. only','03 - Rear end',mid_town,0
Weekday,Evening,highway,'01 - Clear','01 - Daylight','01 - Dry','10 - No control',0.521737,'P.D. only','P.D. only','03 - Rear end',downtown,0
Weekends,Mid_Night,Road,'03 - Snow','07 - Dark','03 - Loose snow','10 - No control',0.777771,'P.D. only','P.D. only','07 - SMV other',downtown,0
Weekday,Noon,highway,'01 - Clear','07 - Dark','06 - Ice','10 - No control',0,Injury,'P.D. only','07 - SMV other',Ottawa_south,0
Weekday,Morning,Road,'01 - Clear','07 - Dark','06 - Ice','01 - Traffic signal',0.999979,'P.D. only','P.D. only','03 - Rear end',mid_town,0
Weekday,Night,Road,'01 - Clear','01 - Daylight','02 - Wet','10 - No control',0.999951,'P.D. only','P.D. only','07 - SMV other',Ottawa_west,0
Weekday,Night,Road,'01 - Clear','01 - Daylight','01 - Dry','01 - Traffic signal',0.733331,'P.D. only','P.D. only','04 - Sideswipe',downtown,0
Weekday,Night,Road,'01 - Clear','07 - Dark','04 - Slush','01 - Traffic signal',0.818171,'P.D. only','P.D. only','04 - Sideswipe',downtown,0
Weekday,Night,Road,'01 - Clear','07 - Dark','01 - Dry','01 - Traffic signal',0.599982,'P.D. only','P.D. only','03 - Rear end',Ottawa_west,0
Weekday,Evening,Road,'01 - Clear','01 - Daylight','01 - Dry','10 - No control',0.857138,'P.D. only','P.D. only','04 - Sideswipe',mid_town,0
Weekday,Evening,Road,'01 - Clear','01 - Daylight','01 - Dry','01 - Traffic signal',0.545454,'P.D. only','P.D. only','03 - Rear end',mid_town,0
Weekends,Afternoon,Road,'01 - Clear','01 - Daylight','01 - Dry','10 - No control',0.705881,'P.D. only','P.D. only','02 - Angle',downtown,0
Weekday,Afternoon,Road,'01 - Clear','01 - Daylight','01 - Dry','10 - No control',0.999984,'P.D. only','P.D. only','02 - Angle',downtown,0
Weekday,Mid_Night,Road,'01 - Clear','07 - Dark','01 - Dry','01 - Traffic signal',0.636361,'P.D. only','P.D. only','03 - Rear end',mid_town,0
Weekday,Evening,highway,'01 - Clear','01 - Daylight','01 - Dry','10 - No control',0.521737,'P.D. only','P.D. only','03 - Rear end',downtown,0
Weekday,Night,Road,'01 - Clear','07 - Dark','01 - Dry','10 - No control',0.333317,'P.D. only','P.D. only','03 - Rear end',Ottawa_south,0
Weekday,Evening,Road,'01 - Clear','01 - Daylight','01 - Dry','01 - Traffic signal',0.445782,'P.D. only','P.D. only','05 - Turning movement',downtown,0
Weekday,Night,Road,'01 - Clear','05 - Dusk','01 - Dry','10 - No control',0.999995,'P.D. only','P.D. only','06 - SMV unattended vehicle',Ottawa_west,0
Weekday,Afternoon,highway,'02 - Rain','01 - Daylight','02 - Wet','10 - No control',0.818176,'P.D. only','P.D. only','03 - Rear end',downtown,0
Weekday,Morning,highway,'02 - Rain','07 - Dark','04 - Slush','10 - No control',0.999951,'P.D. only','P.D. only','07 - SMV other',Ottawa_west,0
Weekends,Afternoon,Road,'01 - Clear','01 - Daylight','01 - Dry','01 - Traffic signal',0,Injury,'P.D. only','03 - Rear end',Ottawa_east,0
Weekends,Mid_Night,Road,'01 - Clear','07 - Dark','01 - Dry','01 - Traffic signal',0.399994,'P.D. only','P.D. only','05 - Turning movement',downtown,0
Weekday,Night,Road,'01 - Clear','01 - Daylight','01 - Dry','10 - No control',0.494949,'P.D. only','P.D. only','03 - Rear end',mid_town,0
Weekday,Noon,Road,'01 - Clear','01 - Daylight','01 - Dry','02 - Stop sign',0.411761,'P.D. only','P.D. only','02 - Angle',downtown,0
Weekday,Afternoon,Road,'01 - Clear','01 - Daylight','01 - Dry','10 - No control',0.999976,'P.D. only','P.D. only','03 - Rear end',Ottawa_west,0
Weekday,Night,Road,'01 - Clear','07 - Dark','01 - Dry','10 - No control',0.999989,'P.D. only','P.D. only','07 - SMV other',Ottawa_west,0
Weekday,Evening,Road,'01 - Clear','01 - Daylight','02 - Wet','03 - Yield sign',0.454544,'P.D. only','P.D. only','03 - Rear end',downtown,0
Weekends,Mid_Night,Road,'05 - Drifting Snow','07 - Dark','06 - Ice','10 - No control',0.818171,'P.D. only','P.D. only','06 - SMV unattended vehicle',Ottawa_south,0
Weekends,Morning,Road,'07 - Fog/mist/smoke/dust','07 - Dark','01 - Dry','10 - No control',0.833331,'P.D. only','P.D. only','07 - SMV other',Ottawa_west,0
Weekday,Afternoon,Road,'01 - Clear','01 - Daylight','01 - Dry','10 - No control',0.714271,'P.D. only','P.D. only','07 - SMV other',mid_town,0
Weekday,Evening,Road,'01 - Clear','01 - Daylight','01 - Dry','01 - Traffic signal',0.545454,'P.D. only','P.D. only','03 - Rear end',mid_town,0
Weekday,Noon,Road,'01 - Clear','01 - Daylight','06 - Ice','10 - No control',0.599997,'P.D. only','P.D. only','03 - Rear end',Ottawa_south,0
Weekday,Night,Road,'01 - Clear','01 - Daylight','01 - Dry','10 - No control',0.999976,'P.D. only','P.D. only','06 - SMV unattended vehicle',Ottawa_south,0
Weekday,Night,Road,'01 - Clear','01 - Daylight','01 - Dry','01 - Traffic signal',0.671641,'P.D. only','P.D. only','03 - Rear end',downtown,0
Weekday,Afternoon,highway,'03 - Snow','01 - Daylight','03 - Loose snow','10 - No control',0.999951,'P.D. only','P.D. only','04 - Sideswipe',downtown,0
Weekends,Evening,Road,'05 - Drifting Snow','01 - Daylight','06 - Ice','10 - No control',0.571423,'P.D. only','P.D. only','01 - Approaching',Ottawa_south,0
Weekday,Night,highway,'01 - Clear','01 - Daylight','01 - Dry','10 - No control',0.692307,'P.D. only','P.D. only','99 - Other',downtown,0
Weekday,Noon,highway,'01 - Clear','03 - Dawn','01 - Dry','10 - No control',0.142854,'P.D. only','P.D. only','03 - Rear end',downtown,0
Weekday,Night,Road,'01 - Clear','01 - Daylight','01 - Dry','10 - No control',0.833328,'P.D. only','P.D. only','03 - Rear end',Ottawa_east,0
Weekday,Noon,Road,'01 - Clear','01 - Daylight','01 - Dry','10 - No control',0.459458,'P.D. only','P.D. only','03 - Rear end',mid_town,0
Weekday,Night,Road,'01 - Clear','01 - Daylight','01 - Dry','10 - No control',0.279998,'P.D. only','P.D. only','05 - Turning movement',downtown,0
Weekday,Mid_Night,Road,'02 - Rain','07 - Dark','02 - Wet','01 - Traffic signal',0.111109,'P.D. only','P.D. only','05 - Turning movement',downtown,0
Weekday,Night,Road,'01 - Clear','07 - Dark','02 - Wet','01 - Traffic signal',0,Injury,'P.D. only','03 - Rear end',downtown,0
Weekday,Night,Road,'01 - Clear','01 - Daylight','01 - Dry','02 - Stop sign',0.255813,'P.D. only','P.D. only','02 - Angle',downtown,0
Weekday,Night,Road,'01 - Clear','07 - Dark','02 - Wet','02 - Stop sign',-0.333317,Injury,'P.D. only','02 - Angle',Ottawa_south,0
Weekends,Mid_Night,Road,'02 - Rain','01 - Daylight','02 - Wet','10 - No control',0.581393,'P.D. only','P.D. only','03 - Rear end',Ottawa_south,0
Weekends,Night,Road,'02 - Rain','01 - Daylight','02 - Wet','01 - Traffic signal',0.636355,'P.D. only','P.D. only','03 - Rear end',mid_town,0
Weekday,Noon,Road,'01 - Clear','01 - Daylight','01 - Dry','10 - No control',0.799994,'P.D. only','P.D. only','07 - SMV other',Ottawa_west,0
Weekday,Night,Road,'01 - Clear','01 - Daylight','01 - Dry','10 - No control',0.279998,'P.D. only','P.D. only','05 - Turning movement',downtown,0
Weekday,Noon,highway,'01 - Clear','01 - Daylight','01 - Dry','10 - No control',0.891888,'P.D. only','P.D. only','03 - Rear end',downtown,0
Weekday,Evening,highway,'03 - Snow','01 - Daylight','05 - Packed snow','01 - Traffic signal',0.999991,'P.D. only','P.D. only','04 - Sideswipe',mid_town,0
Weekday,Night,Road,'01 - Clear','07 - Dark','01 - Dry','10 - No control',0.810525,'P.D. only','P.D. only','04 - Sideswipe',mid_town,0
Weekday,Mid_Night,Road,'03 - Snow','07 - Dark','04 - Slush','02 - Stop sign',0.733326,'P.D. only','P.D. only','99 - Other',downtown,0
Weekday,Afternoon,Road,'01 - Clear','01 - Daylight','01 - Dry','01 - Traffic signal',0.399994,'P.D. only','P.D. only','03 - Rear end',Ottawa_east,0
Weekday,Afternoon,Road,'01 - Clear','01 - Daylight','01 - Dry','10 - No control',0.999984,'P.D. only','P.D. only','02 - Angle',downtown,0
Weekday,Early_Morning,highway,'03 - Snow','07 - Dark','03 - Loose snow','10 - No control',0.888882,'P.D. only','P.D. only','07 - SMV other',downtown,0
Weekday,Evening,highway,'01 - Clear','01 - Daylight','01 - Dry','10 - No control',0.818171,'P.D. only','P.D. only','04 - Sideswipe',mid_town,0
Weekday,Night,Road,'01 - Clear','01 - Daylight','01 - Dry','10 - No control',0.647053,'P.D. only','P.D. only','07 - SMV other',Ottawa_west,0
Weekday,Evening,Road,'01 - Clear','01 - Daylight','01 - Dry','10 - No control',0.558822,'P.D. only','P.D. only','03 - Rear end',downtown,0
Weekday,Morning,highway,'01 - Clear','03 - Dawn','01 - Dry','10 - No control',0.749993,'P.D. only','P.D. only','07 - SMV other',Ottawa_west,0
Weekday,Afternoon,Road,'01 - Clear','01 - Daylight','02 - Wet','10 - No control',0.66665,'P.D. only','P.D. only','02 - Angle',downtown,0
Weekends,Evening,Road,'02 - Rain','01 - Daylight','02 - Wet','10 - No control',0.199994,'P.D. only','P.D. only','03 - Rear end',mid_town,0
Weekday,Mid_Night,Road,'03 - Snow','07 - Dark','03 - Loose snow','10 - No control',0.999951,'P.D. only','P.D. only','07 - SMV other',Ottawa_east,0
Weekends,Noon,Road,'01 - Clear','01 - Daylight','01 - Dry','10 - No control',0.999963,'P.D. only','P.D. only','07 - SMV other',Ottawa_west,0
Weekday,Evening,Road,'02 - Rain','01 - Daylight','02 - Wet','01 - Traffic signal',0.809518,'P.D. only','P.D. only','03 - Rear end',mid_town,0
Weekday,Night,Road,'01 - Clear','01 - Daylight','01 - Dry','01 - Traffic signal',0.571426,'P.D. only','P.D. only','03 - Rear end',Ottawa_east,0
Weekday,Night,Road,'03 - Snow','01 - Daylight','04 - Slush','01 - Traffic signal',0.809518,'P.D. only','P.D. only','03 - Rear end',mid_town,0
Weekday,Evening,Road,'03 - Snow','01 - Daylight','03 - Loose snow','01 - Traffic signal',0.777765,'P.D. only','P.D. only','03 - Rear end',mid_town,0
Weekday,Afternoon,Road,'01 - Clear','01 - Daylight','01 - Dry','02 - Stop sign',0.565214,'P.D. only','P.D. only','05 - Turning movement',Ottawa_south,0
Weekends,Evening,highway,'03 - Snow','01 - Daylight','03 - Loose snow','10 - No control',0.89473,'P.D. only','P.D. only','07 - SMV other',Ottawa_west,0
Weekends,Evening,Road,'01 - Clear','01 - Daylight','01 - Dry','10 - No control',0.999971,'P.D. only','P.D. only','06 - SMV unattended vehicle',mid_town,0