DATE,TIME,Road_type,ENVIRONMENT,LIGHT,SURFACE_CONDITION,TRAFFIC_CONTROL,'prediction margin','predicted COLLISION_CLASSIFICATION',COLLISION_CLASSIFICATION,IMPACT_TYPE,Location,NO_OF_PEDESTRIANS
Weekday,Noon,Road,'02 - Rain','03 - Dawn','02 - Wet','01 - Traffic signal',0.199997,'P.D. only','P.D. only','05 - Turning movement',mid_town,0
Weekday,Mid_Night,Road,'01 - Clear','00 - Unknown','06 - Ice','10 - No control',0.999971,'P.D. only','P.D. only','06 - SMV unattended vehicle',Ottawa_west,0
Weekday,Noon,Road,'01 - Clear','01 - Daylight','01 - Dry','10 - No control',0.999985,'P.D. only','P.D. only','02 - Angle',mid_town,0
Weekends,Mid_Night,Road,'01 - Clear','05 - Dusk','01 - Dry','10 - No control',0.999991,'P.D. only','P.D. only','06 - SMV unattended vehicle',Ottawa_east,0
Weekday,Night,Road,'01 - Clear','05 - Dusk','05 - Packed snow','01 - Traffic signal',0,Injury,'P.D. only','03 - Rear end',Ottawa_east,0
Weekends,Night,Road,'02 - Rain','01 - Daylight','02 - Wet','02 - Stop sign',0.586204,'P.D. only','P.D. only','03 - Rear end',mid_town,0
Weekends,Night,highway,'01 - Clear','01 - Daylight','01 - Dry','10 - No control',0.81818,'P.D. only','P.D. only','04 - Sideswipe',downtown,0
Weekday,Mid_Night,highway,'02 - Rain','01 - Daylight','02 - Wet','01 - Traffic signal',0.333317,'P.D. only','P.D. only','03 - Rear end',Ottawa_west,0
Weekday,Night,Road,'01 - Clear','05 - Dusk','06 - Ice','10 - No control',0.799988,'P.D. only','P.D. only','03 - Rear end',Ottawa_east,0
Weekday,Mid_Night,Road,'01 - Clear','07 - Dark','02 - Wet','10 - No control',0.599982,'P.D. only','P.D. only','07 - SMV other',Ottawa_west,0
Weekends,Night,Road,'02 - Rain','07 - Dark','05 - Packed snow','10 - No control',0.999992,'P.D. only','P.D. only','06 - SMV unattended vehicle',downtown,0
Weekday,Night,Road,'01 - Clear','01 - Daylight','01 - Dry','10 - No control',0.941172,'P.D. only','P.D. only','04 - Sideswipe',mid_town,0
Weekday,Evening,Road,'01 - Clear','01 - Daylight','01 - Dry','10 - No control',0.599999,'P.D. only','P.D. only','03 - Rear end',downtown,0
Weekday,Night,Road,'01 - Clear','01 - Daylight','04 - Slush','02 - Stop sign',0.548385,'P.D. only','P.D. only','99 - Other',Ottawa_east,0
Weekday,Night,Road,'01 - Clear','01 - Daylight','01 - Dry','10 - No control',0.700854,'P.D. only','P.D. only','99 - Other',mid_town,0
Weekday,Evening,Road,'02 - Rain','01 - Daylight','02 - Wet','01 - Traffic signal',0.799994,'P.D. only','P.D. only','03 - Rear end',mid_town,0
Weekday,Mid_Night,Road,'02 - Rain','07 - Dark','02 - Wet','01 - Traffic signal',0.66665,'P.D. only','P.D. only','02 - Angle',downtown,0
Weekday,Afternoon,Road,'03 - Snow','01 - Daylight','02 - Wet','01 - Traffic signal',0.636361,'P.D. only','P.D. only','03 - Rear end',downtown,0
Weekday,Night,Road,'02 - Rain','05 - Dusk','02 - Wet','01 - Traffic signal',0.636361,'P.D. only','P.D. only','03 - Rear end',downtown,0
Weekday,Mid_Night,highway,'01 - Clear','01 - Daylight','01 - Dry','10 - No control',0.684205,'P.D. only','P.D. only','07 - SMV other',mid_town,0
Weekday,Night,Road,'01 - Clear','01 - Daylight','01 - Dry','10 - No control',0.66665,'P.D. only','P.D. only','99 - Other',downtown,0
Weekday,Mid_Night,highway,'00 - Unknown','07 - Dark','01 - Dry','10 - No control',0.272724,'P.D. only','P.D. only','07 - SMV other',downtown,0
Weekday,Evening,Road,'01 - Clear','01 - Daylight','01 - Dry','02 - Stop sign',-0.333317,Injury,'P.D. only','05 - Turning movement',mid_town,0
Weekday,Noon,Road,'01 - Clear','01 - Daylight','01 - Dry','01 - Traffic signal',0.672725,'P.D. only','P.D. only','03 - Rear end',mid_town,0
Weekday,Noon,Road,'02 - Rain','03 - Dawn','02 - Wet','10 - No control',-0.199994,Injury,'P.D. only','05 - Turning movement',mid_town,0
Weekday,Noon,Road,'02 - Rain','01 - Daylight','02 - Wet','01 - Traffic signal',0.857138,'P.D. only','P.D. only','04 - Sideswipe',downtown,0
Weekday,Night,Road,'01 - Clear','01 - Daylight','01 - Dry','01 - Traffic signal',0.66665,'P.D. only','P.D. only','05 - Turning movement',Ottawa_south,0
Weekends,Evening,Road,'01 - Clear','01 - Daylight','01 - Dry','01 - Traffic signal',0.357141,'P.D. only','P.D. only','03 - Rear end',downtown,0
Weekday,Night,Road,'01 - Clear','07 - Dark','05 - Packed snow','10 - No control',0.999991,'P.D. only','P.D. only','06 - SMV unattended vehicle',Ottawa_west,0
Weekday,Night,Road,'01 - Clear','01 - Daylight','01 - Dry','01 - Traffic signal',0.333331,'P.D. only','P.D. only','05 - Turning movement',Ottawa_west,0
Weekday,Evening,Road,'01 - Clear','01 - Daylight','03 - Loose snow','10 - No control',0.684205,'P.D. only','P.D. only','03 - Rear end',Ottawa_east,0
Weekday,Evening,highway,'01 - Clear','01 - Daylight','01 - Dry','10 - No control',0.999988,'P.D. only','P.D. only','03 - Rear end',mid_town,0
Weekday,Evening,Road,'01 - Clear','01 - Daylight','01 - Dry','01 - Traffic signal',0.547825,'P.D. only','P.D. only','03 - Rear end',mid_town,0
Weekday,Evening,highway,'03 - Snow','01 - Daylight','04 - Slush','10 - No control',0.818171,'P.D. only','P.D. only','04 - Sideswipe',mid_town,0
Weekday,Noon,Road,'01 - Clear','01 - Daylight','01 - Dry','10 - No control',0.799988,'P.D. only','P.D. only','03 - Rear end',Ottawa_south,0
Weekday,Evening,Road,'01 - Clear','01 - Daylight','01 - Dry','01 - Traffic signal',0.88235,'P.D. only','P.D. only','04 - Sideswipe',downtown,0
Weekends,Night,Road,'01 - Clear','07 - Dark','06 - Ice','10 - No control',0.999976,'P.D. only','P.D. only','06 - SMV unattended vehicle',downtown,0
Weekday,Night,Road,'01 - Clear','07 - Dark','06 - Ice','10 - No control',0.833323,'P.D. only','P.D. only','06 - SMV unattended vehicle',mid_town,0
Weekday,Evening,highway,'01 - Clear','01 - Daylight','01 - Dry','02 - Stop sign',0.199994,'P.D. only','P.D. only','05 - Turning movement',Ottawa_west,0
Weekday,Mid_Night,Road,'01 - Clear','07 - Dark','01 - Dry','10 - No control',0.599991,'P.D. only','P.D. only','06 - SMV unattended vehicle',Ottawa_east,0
Weekday,Noon,Road,'01 - Clear','01 - Daylight','03 - Loose snow','02 - Stop sign',0.999951,'P.D. only','P.D. only','06 - SMV unattended vehicle',downtown,0
Weekday,Mid_Night,Road,'01 - Clear','07 - Dark','02 - Wet','01 - Traffic signal',0.499982,'P.D. only','P.D. only','02 - Angle',downtown,0
Weekday,Night,Road,'01 - Clear','01 - Daylight','01 - Dry','01 - Traffic signal',0.552238,'P.D. only','P.D. only','05 - Turning movement',downtown,0
Weekday,Afternoon,Road,'00 - Unknown','01 - Daylight','00 - Unknown','10 - No control',0.999984,'P.D. only','P.D. only','06 - SMV unattended vehicle',Ottawa_west,0
Weekday,Noon,Road,'01 - Clear','01 - Daylight','01 - Dry','10 - No control',0.816325,'P.D. only','P.D. only','06 - SMV unattended vehicle',Ottawa_east,0
Weekday,Afternoon,Road,'01 - Clear','01 - Daylight','02 - Wet','01 - Traffic signal',0.999971,'P.D. only','P.D. only','02 - Angle',mid_town,0
Weekends,Afternoon,Road,'01 - Clear','01 - Daylight','01 - Dry','10 - No control',0.872338,'P.D. only','P.D. only','06 - SMV unattended vehicle',mid_town,0
Weekday,Evening,Road,'03 - Snow','01 - Daylight','04 - Slush','10 - No control',0.999951,'P.D. only','P.D. only','07 - SMV other',downtown,0
Weekday,Mid_Night,highway,'03 - Snow','07 - Dark','04 - Slush','10 - No control',0.999951,'P.D. only','P.D. only','07 - SMV other',downtown,0
Weekday,Evening,Road,'03 - Snow','01 - Daylight','03 - Loose snow','10 - No control',0.999971,'P.D. only','P.D. only','04 - Sideswipe',downtown,0
Weekday,Mid_Night,Road,'01 - Clear','07 - Dark','01 - Dry','01 - Traffic signal',0.636361,'P.D. only','P.D. only','03 - Rear end',mid_town,0
Weekday,Afternoon,Road,'01 - Clear','01 - Daylight','02 - Wet','01 - Traffic signal',0.999951,'P.D. only','P.D. only','04 - Sideswipe',downtown,0
Weekday,Afternoon,Road,'01 - Clear','01 - Daylight','01 - Dry','10 - No control',0.738094,'P.D. only','P.D. only','04 - Sideswipe',Ottawa_east,0
Weekday,Night,Road,'01 - Clear','01 - Daylight','01 - Dry','02 - Stop sign',0.399994,'P.D. only','P.D. only','02 - Angle',mid_town,0
Weekday,Noon,Road,'01 - Clear','03 - Dawn','01 - Dry','10 - No control',0.999976,'P.D. only','P.D. only','07 - SMV other',Ottawa_west,0
Weekday,Night,Road,'01 - Clear','01 - Daylight','01 - Dry','10 - No control',0.595237,'P.D. only','P.D. only','03 - Rear end',downtown,0
Weekday,Night,Road,'01 - Clear','01 - Daylight','01 - Dry','01 - Traffic signal',0.647058,'P.D. only','P.D. only','03 - Rear end',downtown,0
Weekday,Evening,highway,'01 - Clear','01 - Daylight','01 - Dry','10 - No control',0.66665,'P.D. only','P.D. only','03 - Rear end',Ottawa_west,0
Weekday,Night,Road,'01 - Clear','05 - Dusk','02 - Wet','10 - No control',0.249995,'P.D. only','P.D. only','99 - Other',mid_town,0
Weekends,Night,Road,'01 - Clear','01 - Daylight','01 - Dry','10 - No control',0.333325,'P.D. only','P.D. only','03 - Rear end',Ottawa_east,0
Weekday,Afternoon,Road,'02 - Rain','01 - Daylight','02 - Wet','01 - Traffic signal',0.777765,'P.D. only','P.D. only','03 - Rear end',downtown,0
Weekday,Evening,Road,'01 - Clear','01 - Daylight','04 - Slush','01 - Traffic signal',0.999984,'P.D. only','P.D. only','05 - Turning movement',Ottawa_south,0
Weekday,Night,Road,'02 - Rain','01 - Daylight','02 - Wet','01 - Traffic signal',0.749986,'P.D. only','P.D. only','03 - Rear end',Ottawa_west,0
Weekday,Evening,Road,'01 - Clear','01 - Daylight','02 - Wet','10 - No control',0.999971,'P.D. only','P.D. only','02 - Angle',mid_town,0
Weekday,Noon,highway,'02 - Rain','01 - Daylight','02 - Wet','10 - No control',0.454539,'P.D. only','P.D. only','03 - Rear end',Ottawa_west,0
Weekday,Noon,highway,'01 - Clear','01 - Daylight','01 - Dry','10 - No control',0.391302,'P.D. only','P.D. only','03 - Rear end',mid_town,0
Weekday,Mid_Night,Road,'01 - Clear','07 - Dark','01 - Dry','01 - Traffic signal',0.666659,'P.D. only','P.D. only','02 - Angle',mid_town,0
Weekday,Morning,Road,'02 - Rain','07 - Dark','02 - Wet','10 - No control',0.833328,'P.D. only','P.D. only','06 - SMV unattended vehicle',Ottawa_east,0
Weekday,Night,Road,'01 - Clear','07 - Dark','06 - Ice','01 - Traffic signal',0.6923,'P.D. only','P.D. only','03 - Rear end',Ottawa_south,0
Weekday,Afternoon,Road,'03 - Snow','01 - Daylight','04 - Slush','01 - Traffic signal',0.615381,'P.D. only','P.D. only','03 - Rear end',downtown,0
Weekends,Evening,Road,'01 - Clear','01 - Daylight','01 - Dry','10 - No control',0.317072,'P.D. only','P.D. only','05 - Turning movement',Ottawa_south,0
Weekday,Night,Road,'01 - Clear','07 - Dark','01 - Dry','10 - No control',0.499982,'P.D. only','P.D. only','07 - SMV other',Ottawa_south,0
Weekday,Night,Road,'01 - Clear','01 - Daylight','01 - Dry','01 - Traffic signal',0.552238,'P.D. only','P.D. only','05 - Turning movement',downtown,0
Weekends,Night,Road,'01 - Clear','01 - Daylight','01 - Dry','01 - Traffic signal',0.999963,'P.D. only','P.D. only','04 - Sideswipe',mid_town,0
Weekday,Afternoon,Road,'01 - Clear','01 - Daylight','01 - Dry','10 - No control',0.714278,'P.D. only','P.D. only','03 - Rear end',mid_town,0
Weekday,Mid_Night,Road,'01 - Clear','07 - Dark','01 - Dry','01 - Traffic signal',0.647058,'P.D. only','P.D. only','99 - Other',mid_town,0
Weekday,Noon,Road,'01 - Clear','01 - Daylight','01 - Dry','02 - Stop sign',0.999979,'P.D. only','P.D. only','03 - Rear end',downtown,0
Weekends,Night,Road,'01 - Clear','01 - Daylight','01 - Dry','01 - Traffic signal',0.874992,'P.D. only','P.D. only','05 - Turning movement',downtown,0
Weekday,Evening,Road,'01 - Clear','01 - Daylight','01 - Dry','10 - No control',0.729727,'P.D. only','P.D. only','02 - Angle',downtown,0
Weekday,Evening,Road,'01 - Clear','01 - Daylight','01 - Dry','01 - Traffic signal',0.548385,'P.D. only','P.D. only','05 - Turning movement',mid_town,0
Weekday,Evening,Road,'01 - Clear','01 - Daylight','06 - Ice','10 - No control',0.636355,'P.D. only','P.D. only','01 - Approaching',mid_town,0
Weekday,Afternoon,Road,'01 - Clear','01 - Daylight','01 - Dry','01 - Traffic signal',0.33333,'P.D. only','P.D. only','05 - Turning movement',mid_town,0
Weekday,Night,Road,'01 - Clear','05 - Dusk','06 - Ice','01 - Traffic signal',0.857138,'P.D. only','P.D. only','03 - Rear end',mid_town,0
Weekday,Mid_Night,Road,'01 - Clear','07 - Dark','01 - Dry','01 - Traffic signal',0.571426,'P.D. only','P.D. only','03 - Rear end',downtown,0
Weekday,Evening,Road,'01 - Clear','01 - Daylight','01 - Dry','01 - Traffic signal',0.399994,'P.D. only','P.D. only','02 - Angle',Ottawa_east,0
Weekends,Mid_Night,Road,'01 - Clear','07 - Dark','01 - Dry','10 - No control',0.874992,'P.D. only','P.D. only','07 - SMV other',Ottawa_south,0
Weekday,Night,Road,'01 - Clear','01 - Daylight','01 - Dry','10 - No control',0.99999,'P.D. only','P.D. only','06 - SMV unattended vehicle',mid_town,0
Weekday,Evening,Road,'01 - Clear','01 - Daylight','01 - Dry','10 - No control',0.729727,'P.D. only','P.D. only','02 - Angle',downtown,0
Weekday,Evening,Road,'01 - Clear','01 - Daylight','01 - Dry','01 - Traffic signal',0.285713,'P.D. only','P.D. only','02 - Angle',mid_town,0
Weekday,Afternoon,Road,'02 - Rain','01 - Daylight','02 - Wet','01 - Traffic signal',0.999951,'P.D. only','P.D. only','07 - SMV other',Ottawa_west,0
Weekends,Afternoon,Road,'01 - Clear','01 - Daylight','01 - Dry','02 - Stop sign',0.384613,'P.D. only','P.D. only','02 - Angle',mid_town,0
Weekday,Evening,Road,'01 - Clear','01 - Daylight','03 - Loose snow','10 - No control',0.999992,'P.D. only','P.D. only','06 - SMV unattended vehicle',Ottawa_west,0
Weekday,Evening,Road,'01 - Clear','01 - Daylight','02 - Wet','01 - Traffic signal',0.511109,'P.D. only','P.D. only','07 - SMV other',mid_town,0
Weekday,Night,Road,'02 - Rain','01 - Daylight','02 - Wet','10 - No control',0.999951,'P.D. only','P.D. only','02 - Angle',Ottawa_east,0
Weekday,Mid_Night,Road,'01 - Clear','01 - Daylight','01 - Dry','01 - Traffic signal',0.142856,'P.D. only','P.D. only','07 - SMV other',Ottawa_west,0
Weekends,Night,Road,'01 - Clear','07 - Dark','01 - Dry','01 - Traffic signal',0.111109,'P.D. only','P.D. only','02 - Angle',Ottawa_west,0
Weekday,Evening,Road,'01 - Clear','01 - Daylight','05 - Packed snow','10 - No control',0.999985,'P.D. only','P.D. only','02 - Angle',Ottawa_south,0
Weekday,Noon,Road,'01 - Clear','07 - Dark','01 - Dry','01 - Traffic signal',0.652173,'P.D. only','P.D. only','03 - Rear end',mid_town,0
Weekends,Evening,Road,'01 - Clear','01 - Daylight','01 - Dry','10 - No control',0.999976,'P.D. only','P.D. only','04 - Sideswipe',mid_town,0
Weekday,Mid_Night,Road,'01 - Clear','07 - Dark','01 - Dry','10 - No control',0.666659,'P.D. only','P.D. only','07 - SMV other',downtown,0
Weekday,Night,Road,'01 - Clear','01 - Daylight','02 - Wet','10 - No control',0.636355,'P.D. only','P.D. only','03 - Rear end',mid_town,0
Weekday,Evening,Road,'01 - Clear','01 - Daylight','01 - Dry','01 - Traffic signal',0.523806,'P.D. only','P.D. only','03 - Rear end',Ottawa_east,0
Weekday,Noon,Road,'01 - Clear','01 - Daylight','01 - Dry','10 - No control',0.599982,'P.D. only','P.D. only','06 - SMV unattended vehicle',Ottawa_west,0
Weekday,Afternoon,Road,'02 - Rain','01 - Daylight','02 - Wet','01 - Traffic signal',0.749986,'P.D. only','P.D. only','03 - Rear end',mid_town,0
Weekday,Evening,Road,'01 - Clear','01 - Daylight','01 - Dry','02 - Stop sign',-0.199994,Injury,'P.D. only','03 - Rear end',Ottawa_south,0
Weekday,Noon,Road,'01 - Clear','01 - Daylight','02 - Wet','02 - Stop sign',0.090908,'P.D. only','P.D. only','02 - Angle',Ottawa_west,0
Weekends,Night,Road,'01 - Clear','01 - Daylight','01 - Dry','02 - Stop sign',0.740258,'P.D. only','P.D. only','03 - Rear end',downtown,0
Weekends,Night,Road,'01 - Clear','01 - Daylight','01 - Dry','01 - Traffic signal',0,Injury,'P.D. only','02 - Angle',downtown,0
Weekday,Afternoon,Road,'01 - Clear','01 - Daylight','02 - Wet','01 - Traffic signal',0.89473,'P.D. only','P.D. only','06 - SMV unattended vehicle',downtown,0
Weekday,Night,Road,'01 - Clear','01 - Daylight','01 - Dry','10 - No control',0.941172,'P.D. only','P.D. only','04 - Sideswipe',mid_town,0
Weekday,Afternoon,highway,'01 - Clear','01 - Daylight','01 - Dry','10 - No control',0.846144,'P.D. only','P.D. only','04 - Sideswipe',downtown,0
Weekday,Night,Road,'01 - Clear','07 - Dark','01 - Dry','01 - Traffic signal',0.666659,'P.D. only','P.D. only','03 - Rear end',mid_town,0
Weekday,Noon,Road,'01 - Clear','01 - Daylight','01 - Dry','01 - Traffic signal',0.849054,'P.D. only','P.D. only','03 - Rear end',downtown,0
Weekday,Mid_Night,Road,'02 - Rain','07 - Dark','02 - Wet','10 - No control',0.769226,'P.D. only','P.D. only','07 - SMV other',Ottawa_south,0
Weekday,Evening,Road,'01 - Clear','01 - Daylight','01 - Dry','02 - Stop sign',0.466664,'P.D. only','P.D. only','02 - Angle',downtown,0
Weekday,Noon,Road,'01 - Clear','01 - Daylight','01 - Dry','01 - Traffic signal',0.857134,'P.D. only','P.D. only','03 - Rear end',Ottawa_west,0
Weekday,Afternoon,highway,'01 - Clear','01 - Daylight','01 - Dry','10 - No control',0.439997,'P.D. only','P.D. only','03 - Rear end',downtown,0
Weekends,Evening,Road,'01 - Clear','01 - Daylight','01 - Dry','02 - Stop sign',0.540982,'P.D. only','P.D. only','02 - Angle',mid_town,0
Weekday,Mid_Night,Road,'01 - Clear','07 - Dark','02 - Wet','10 - No control',0.833328,'P.D. only','P.D. only','05 - Turning movement',downtown,0
Weekday,Night,Road,'03 - Snow','07 - Dark','02 - Wet','01 - Traffic signal',0.485713,'P.D. only','P.D. only','07 - SMV other',downtown,0
Weekday,Night,Road,'02 - Rain','01 - Daylight','02 - Wet','10 - No control',0.333331,'P.D. only','P.D. only','03 - Rear end',downtown,0
Weekday,Noon,Road,'01 - Clear','01 - Daylight','01 - Dry','01 - Traffic signal',0.882345,'P.D. only','P.D. only','04 - Sideswipe',downtown,0
Weekday,Night,highway,'01 - Clear','01 - Daylight','01 - Dry','10 - No control',0.93103,'P.D. only','P.D. only','04 - Sideswipe',downtown,0
Weekday,Evening,Road,'01 - Clear','01 - Daylight','01 - Dry','01 - Traffic signal',0.564444,'P.D. only','P.D. only','01 - Approaching',mid_town,0
Weekends,Night,Road,'01 - Clear','07 - Dark','02 - Wet','02 - Stop sign',0.65217,'P.D. only','P.D. only','02 - Angle',Ottawa_east,0
Weekday,Night,Road,'03 - Snow','01 - Daylight','06 - Ice','10 - No control',0.749986,'P.D. only','P.D. only','06 - SMV unattended vehicle',downtown,0
Weekday,Night,Road,'01 - Clear','01 - Daylight','01 - Dry','10 - No control',0.595237,'P.D. only','P.D. only','03 - Rear end',downtown,0
Weekday,Evening,Road,'01 - Clear','01 - Daylight','01 - Dry','02 - Stop sign',0.249995,'P.D. only','P.D. only','02 - Angle',Ottawa_south,0
Weekday,Mid_Night,Road,'03 - Snow','07 - Dark','06 - Ice','02 - Stop sign',0.599996,'P.D. only','P.D. only','03 - Rear end',Ottawa_south,0
Weekday,Night,Road,'01 - Clear','01 - Daylight','01 - Dry','01 - Traffic signal',0.647058,'P.D. only','P.D. only','03 - Rear end',downtown,0
Weekday,Evening,Road,'02 - Rain','01 - Daylight','02 - Wet','01 - Traffic signal',0.249995,'P.D. only','P.D. only','03 - Rear end',Ottawa_west,0
Weekday,Noon,highway,'01 - Clear','03 - Dawn','01 - Dry','10 - No control',0.999963,'P.D. only','P.D. only','03 - Rear end',Ottawa_west,0
Weekday,Night,Road,'01 - Clear','07 - Dark','01 - Dry','10 - No control',0.999985,'P.D. only','P.D. only','06 - SMV unattended vehicle',downtown,0
Weekday,Evening,Road,'01 - Clear','01 - Daylight','01 - Dry','01 - Traffic signal',0.288888,'P.D. only','P.D. only','02 - Angle',downtown,0
Weekday,Night,Road,'01 - Clear','01 - Daylight','01 - Dry','10 - No control',0.624994,'P.D. only','P.D. only','07 - SMV other',Ottawa_west,0
Weekends,Mid_Night,Road,'01 - Clear','07 - Dark','01 - Dry','10 - No control',0.874992,'P.D. only','P.D. only','07 - SMV other',Ottawa_south,0
Weekday,Night,Road,'02 - Rain','07 - Dark','02 - Wet','01 - Traffic signal',0.333317,'P.D. only','P.D. only','03 - Rear end',Ottawa_west,0
Weekday,Night,Road,'01 - Clear','01 - Daylight','02 - Wet','10 - No control',0.555553,'P.D. only','P.D. only','02 - Angle',Ottawa_south,0
Weekends,Noon,highway,'01 - Clear','01 - Daylight','06 - Ice','10 - No control',0.538455,'P.D. only','P.D. only','07 - SMV other',Ottawa_west,0
Weekday,Morning,highway,'03 - Snow','07 - Dark','03 - Loose snow','10 - No control',0.846144,'P.D. only','P.D. only','07 - SMV other',Ottawa_west,0
Weekday,Night,Road,'02 - Rain','07 - Dark','02 - Wet','10 - No control',0.599994,'P.D. only','P.D. only','07 - SMV other',Ottawa_south,0
Weekday,Evening,Road,'01 - Clear','01 - Daylight','01 - Dry','10 - No control',0.636355,'P.D. only','P.D. only','07 - SMV other',Ottawa_south,0
Weekday,Mid_Night,Road,'01 - Clear','07 - Dark','01 - Dry','10 - No control',0,Injury,'P.D. only','03 - Rear end',Ottawa_east,0
Weekends,Evening,Road,'01 - Clear','01 - Daylight','01 - Dry','01 - Traffic signal',0,Injury,'P.D. only','02 - Angle',mid_town,0
Weekday,Night,Road,'01 - Clear','01 - Daylight','01 - Dry','01 - Traffic signal',0.66665,'P.D. only','P.D. only','05 - Turning movement',Ottawa_south,0
Weekday,Night,Road,'01 - Clear','01 - Daylight','01 - Dry','01 - Traffic signal',0.630251,'P.D. only','P.D. only','03 - Rear end',mid_town,0
Weekends,Mid_Night,Road,'01 - Clear','07 - Dark','00 - Unknown','10 - No control',0.842102,'P.D. only','P.D. only','04 - Sideswipe',Ottawa_east,0
Weekday,Mid_Night,Road,'07 - Fog/mist/smoke/dust','07 - Dark','02 - Wet','10 - No control',0.666659,'P.D. only','P.D. only','07 - SMV other',Ottawa_west,0
Weekday,Mid_Night,Road,'06 - Strong wind','07 - Dark','01 - Dry','01 - Traffic signal',0.999971,'P.D. only','P.D. only','02 - Angle',Ottawa_east,0
Weekends,Night,highway,'01 - Clear','01 - Daylight','01 - Dry','10 - No control',0.66665,'P.D. only','P.D. only','03 - Rear end',mid_town,0
Weekends,Afternoon,Road,'01 - Clear','01 - Daylight','01 - Dry','01 - Traffic signal',0.799988,'P.D. only','P.D. only','03 - Rear end',mid_town,0
Weekends,Mid_Night,Road,'01 - Clear','07 - Dark','05 - Packed snow','10 - No control',0.791664,'P.D. only','P.D. only','03 - Rear end',Ottawa_east,0
Weekends,Evening,Road,'01 - Clear','01 - Daylight','01 - Dry','01 - Traffic signal',0.699995,'P.D. only','P.D. only','05 - Turning movement',downtown,0
Weekday,Mid_Night,Road,'01 - Clear','07 - Dark','01 - Dry','01 - Traffic signal',0.999987,'P.D. only','P.D. only','05 - Turning movement',Ottawa_east,0
Weekends,Afternoon,Road,'01 - Clear','01 - Daylight','01 - Dry','02 - Stop sign',0.655169,'P.D. only','P.D. only','03 - Rear end',mid_town,0
Weekday,Mid_Night,Road,'03 - Snow','07 - Dark','03 - Loose snow','10 - No control',0.333317,'P.D. only','P.D. only','03 - Rear end',downtown,0
Weekday,Mid_Night,Road,'04 - Freezing Rain','07 - Dark','06 - Ice','10 - No control',0.333317,'P.D. only','P.D. only','07 - SMV other',Ottawa_south,0
Weekday,Night,Road,'01 - Clear','01 - Daylight','01 - Dry','10 - No control',0.99999,'P.D. only','P.D. only','07 - SMV other',downtown,0
Weekday,Mid_Night,Road,'01 - Clear','07 - Dark','01 - Dry','10 - No control',0.599991,'P.D. only','P.D. only','06 - SMV unattended vehicle',Ottawa_east,0
Weekends,Mid_Night,Road,'01 - Clear','05 - Dusk','02 - Wet','10 - No control',0.999976,'P.D. only','P.D. only','07 - SMV other',Ottawa_west,0
Weekday,Mid_Night,Road,'01 - Clear','07 - Dark','01 - Dry','10 - No control',0.714271,'P.D. only','P.D. only','04 - Sideswipe',mid_town,0
Weekends,Mid_Night,Road,'01 - Clear','07 - Dark','01 - Dry','10 - No control',0.999991,'P.D. only','P.D. only','06 - SMV unattended vehicle',downtown,0
Weekday,Night,Road,'01 - Clear','01 - Daylight','01 - Dry','10 - No control',0.499994,'P.D. only','P.D. only','07 - SMV other',Ottawa_east,0
Weekday,Afternoon,Road,'01 - Clear','01 - Daylight','05 - Packed snow','10 - No control',0.666665,'P.D. only','P.D. only','01 - Approaching',Ottawa_south,0
Weekday,Mid_Night,Road,'01 - Clear','07 - Dark','01 - Dry','10 - No control',0.687497,'P.D. only','P.D. only','07 - SMV other',Ottawa_south,0
Weekday,Mid_Night,Road,'01 - Clear','07 - Dark','03 - Loose snow','02 - Stop sign',0.333329,'P.D. only','P.D. only','02 - Angle',downtown,0
Weekday,Noon,highway,'01 - Clear','07 - Dark','01 - Dry','10 - No control',0.48148,'P.D. only','P.D. only','03 - Rear end',mid_town,0
Weekday,Evening,Road,'03 - Snow','01 - Daylight','04 - Slush','10 - No control',0.999979,'P.D. only','P.D. only','01 - Approaching',mid_town,0
Weekday,Night,highway,'01 - Clear','07 - Dark','06 - Ice','10 - No control',0.499991,'P.D. only','P.D. only','07 - SMV other',Ottawa_west,0
Weekday,Mid_Night,Road,'01 - Clear','00 - Unknown','02 - Wet','10 - No control',0.642854,'P.D. only','P.D. only','02 - Angle',Ottawa_east,0
Weekday,Noon,Road,'01 - Clear','01 - Daylight','01 - Dry','01 - Traffic signal',0.888882,'P.D. only','P.D. only','02 - Angle',downtown,0
Weekday,Night,Road,'01 - Clear','01 - Daylight','01 - Dry','01 - Traffic signal',0.552238,'P.D. only','P.D. only','05 - Turning movement',downtown,0
Weekday,Evening,Road,'01 - Clear','01 - Daylight','01 - Dry','10 - No control',0.764704,'P.D. only','P.D. only','04 - Sideswipe',downtown,0
Weekday,Evening,Road,'03 - Snow','01 - Daylight','03 - Loose snow','10 - No control',0.599982,'P.D. only','P.D. only','03 - Rear end',downtown,0
Weekday,Evening,Road,'03 - Snow','01 - Daylight','05 - Packed snow','10 - No control',0.916661,'P.D. only','P.D. only','07 - SMV other',downtown,0
Weekday,Night,highway,'01 - Clear','01 - Daylight','01 - Dry','10 - No control',0.749986,'P.D. only','P.D. only','07 - SMV other',Ottawa_west,0
Weekday,Night,Road,'01 - Clear','01 - Daylight','05 - Packed snow','10 - No control',0.793099,'P.D. only','P.D. only','07 - SMV other',Ottawa_west,0