DATE,TIME,Road_type,ENVIRONMENT,LIGHT,SURFACE_CONDITION,TRAFFIC_CONTROL,'prediction margin','predicted COLLISION_CLASSIFICATION',COLLISION_CLASSIFICATION,IMPACT_TYPE,Location,NO_OF_PEDESTRIANS
Weekday,Night,Road,'01 - Clear','01 - Daylight','01 - Dry','10 - No control',0.701986,'P.D. only','P.D. only','01 - Approaching',downtown,0
Weekday,Evening,Road,'01 - Clear','01 - Daylight','01 - Dry','01 - Traffic signal',0.294117,'P.D. only','P.D. only','02 - Angle',downtown,0
Weekday,Night,Road,'03 - Snow','01 - Daylight','03 - Loose snow','01 - Traffic signal',0.599996,'P.D. only','P.D. only','04 - Sideswipe',mid_town,0
Weekday,Night,Road,'01 - Clear','01 - Daylight','01 - Dry','03 - Yield sign',0.999979,'P.D. only','P.D. only','04 - Sideswipe',Ottawa_east,0
Weekday,Evening,Road,'01 - Clear','01 - Daylight','01 - Dry','01 - Traffic signal',0.333332,'P.D. only','P.D. only','05 - Turning movement',mid_town,0
Weekday,Evening,highway,'01 - Clear','01 - Daylight','01 - Dry','01 - Traffic signal',0.249995,'P.D. only','P.D. only','03 - Rear end',downtown,0
Weekends,Early_Morning,Road,'02 - Rain','07 - Dark','02 - Wet','10 - No control',0.555547,'P.D. only','P.D. only','07 - SMV other',Ottawa_south,0
Weekday,Night,Road,'02 - Rain','01 - Daylight','02 - Wet','10 - No control',0.799996,'P.D. only','P.D. only','02 - Angle',Ottawa_east,0
Weekday,Mid_Night,Road,'03 - Snow','07 - Dark','03 - Loose snow','10 - No control',0.78571,'P.D. only','P.D. only','07 - SMV other',Ottawa_south,0
Weekday,Evening,highway,'01 - Clear','01 - Daylight','01 - Dry','10 - No control',0.33333,'P.D. only','P.D. only','07 - SMV other',downtown,0
Weekday,Evening,Road,'01 - Clear','01 - Daylight','06 - Ice','01 - Traffic signal',0.333317,'P.D. only','P.D. only','03 - Rear end',downtown,0
Weekday,Evening,Road,'01 - Clear','01 - Daylight','01 - Dry','10 - No control',0.565214,'P.D. only','P.D. only','02 - Angle',mid_town,0
Weekends,Mid_Night,highway,'01 - Clear','00 - Unknown','01 - Dry','10 - No control',0.974682,'P.D. only','P.D. only','06 - SMV unattended vehicle',downtown,0
Weekday,Night,Road,'01 - Clear','01 - Daylight','01 - Dry','02 - Stop sign',0.999976,'P.D. only','P.D. only','04 - Sideswipe',downtown,0
Weekday,Night,highway,'01 - Clear','01 - Daylight','01 - Dry','10 - No control',0.610388,'P.D. only','P.D. only','03 - Rear end',downtown,0
Weekday,Evening,Road,'01 - Clear','01 - Daylight','01 - Dry','01 - Traffic signal',0.444441,'P.D. only','P.D. only','03 - Rear end',Ottawa_east,0
Weekday,Afternoon,Road,'01 - Clear','01 - Daylight','01 - Dry','10 - No control',0.999976,'P.D. only','P.D. only','03 - Rear end',Ottawa_west,0
Weekday,Afternoon,Road,'01 - Clear','01 - Daylight','02 - Wet','01 - Traffic signal',0.580644,'P.D. only','P.D. only','05 - Turning movement',mid_town,0
Weekday,Mid_Night,Road,'01 - Clear','07 - Dark','01 - Dry','10 - No control',0.636355,'P.D. only','P.D. only','07 - SMV other',downtown,0
Weekday,Night,Road,'01 - Clear','01 - Daylight','01 - Dry','01 - Traffic signal',0.705426,'P.D. only','P.D. only','03 - Rear end',downtown,0
Weekday,Mid_Night,highway,'04 - Freezing Rain','07 - Dark','06 - Ice','10 - No control',0.999951,'P.D. only','P.D. only','04 - Sideswipe',downtown,0
Weekday,Mid_Night,Road,'01 - Clear','07 - Dark','01 - Dry','02 - Stop sign',0.62264,'P.D. only','P.D. only','04 - Sideswipe',downtown,0
Weekday,Mid_Night,Road,'01 - Clear','07 - Dark','01 - Dry','01 - Traffic signal',0.523806,'P.D. only','P.D. only','02 - Angle',downtown,0
Weekday,Night,Road,'04 - Freezing Rain','05 - Dusk','06 - Ice','10 - No control',0.666661,'P.D. only','P.D. only','05 - Turning movement',downtown,0
Weekday,Night,Road,'01 - Clear','05 - Dusk','02 - Wet','01 - Traffic signal',0.899993,'P.D. only','P.D. only','04 - Sideswipe',mid_town,0
Weekday,Evening,Road,'01 - Clear','01 - Daylight','01 - Dry','01 - Traffic signal',0.66756,'P.D. only','P.D. only','06 - SMV unattended vehicle',downtown,0
Weekday,Night,Road,'01 - Clear','01 - Daylight','01 - Dry','02 - Stop sign',0.219511,'P.D. only','P.D. only','02 - Angle',downtown,0
Weekday,Evening,Road,'02 - Rain','01 - Daylight','01 - Dry','01 - Traffic signal',0.499998,'P.D. only','P.D. only','03 - Rear end',Ottawa_west,0
Weekday,Mid_Night,Road,'02 - Rain','07 - Dark','02 - Wet','10 - No control',0.666659,'P.D. only','P.D. only','03 - Rear end',Ottawa_south,0
Weekday,Night,Road,'01 - Clear','05 - Dusk','01 - Dry','10 - No control',0.749986,'P.D. only','P.D. only','03 - Rear end',downtown,0
Weekends,Early_Morning,highway,'01 - Clear','07 - Dark','01 - Dry','10 - No control',0.999963,'P.D. only','P.D. only','07 - SMV other',Ottawa_west,0
Weekday,Night,Road,'01 - Clear','01 - Daylight','01 - Dry','01 - Traffic signal',0.705426,'P.D. only','P.D. only','03 - Rear end',downtown,0
Weekday,Night,Road,'01 - Clear','01 - Daylight','01 - Dry','01 - Traffic signal',0.58333,'P.D. only','P.D. only','03 - Rear end',Ottawa_east,0
Weekday,Mid_Night,Road,'01 - Clear','07 - Dark','01 - Dry','10 - No control',0.999994,'P.D. only','P.D. only','06 - SMV unattended vehicle',downtown,0
Weekday,Evening,Road,'01 - Clear','01 - Daylight','01 - Dry','10 - No control',0.999987,'P.D. only','P.D. only','06 - SMV unattended vehicle',Ottawa_west,0
Weekends,Evening,Road,'01 - Clear','01 - Daylight','01 - Dry','01 - Traffic signal',-0.142854,Injury,'P.D. only','03 - Rear end',Ottawa_south,0
Weekday,Evening,Road,'01 - Clear','01 - Daylight','01 - Dry','10 - No control',0.674416,'P.D. only','P.D. only','03 - Rear end',mid_town,0
Weekday,Evening,Road,'01 - Clear','01 - Daylight','01 - Dry','01 - Traffic signal',0.444441,'P.D. only','P.D. only','03 - Rear end',Ottawa_east,0
Weekday,Evening,Road,'01 - Clear','01 - Daylight','01 - Dry','01 - Traffic signal',0.547169,'P.D. only','P.D. only','03 - Rear end',mid_town,0
Weekday,Mid_Night,Road,'01 - Clear','07 - Dark','01 - Dry','01 - Traffic signal',0.599997,'P.D. only','P.D. only','03 - Rear end',mid_town,0
Weekday,Night,highway,'02 - Rain','01 - Daylight','02 - Wet','10 - No control',0.666659,'P.D. only','P.D. only','07 - SMV other',downtown,0
Weekends,Night,Road,'02 - Rain','01 - Daylight','02 - Wet','01 - Traffic signal',0.757572,'P.D. only','P.D. only','03 - Rear end',Ottawa_south,0
Weekday,Night,Road,'01 - Clear','05 - Dusk','01 - Dry','10 - No control',0.999951,'P.D. only','P.D. only','02 - Angle',downtown,0
Weekday,Evening,Road,'01 - Clear','01 - Daylight','01 - Dry','01 - Traffic signal',0.547169,'P.D. only','P.D. only','03 - Rear end',mid_town,0
Weekday,Night,Road,'01 - Clear','07 - Dark','06 - Ice','10 - No control',0.749986,'P.D. only','P.D. only','04 - Sideswipe',mid_town,0
Weekday,Evening,Road,'02 - Rain','01 - Daylight','02 - Wet','10 - No control',0.999963,'P.D. only','P.D. only','03 - Rear end',mid_town,0
Weekday,Morning,Road,'01 - Clear','07 - Dark','05 - Packed snow','10 - No control',0.848483,'P.D. only','P.D. only','06 - SMV unattended vehicle',mid_town,0
Weekends,Night,Road,'01 - Clear','01 - Daylight','01 - Dry','10 - No control',0.499982,'P.D. only','P.D. only','06 - SMV unattended vehicle',Ottawa_south,0
Weekday,Mid_Night,Road,'01 - Clear','07 - Dark','01 - Dry','10 - No control',0.714271,'P.D. only','P.D. only','04 - Sideswipe',mid_town,0
Weekends,Evening,Road,'03 - Snow','01 - Daylight','03 - Loose snow','10 - No control',0.999951,'P.D. only','P.D. only','03 - Rear end',mid_town,0
Weekday,Evening,Road,'02 - Rain','01 - Daylight','02 - Wet','10 - No control',0.619043,'P.D. only','P.D. only','07 - SMV other',Ottawa_east,0
Weekday,Evening,Road,'01 - Clear','01 - Daylight','01 - Dry','10 - No control',0.599982,'P.D. only','P.D. only','02 - Angle',Ottawa_east,0
Weekday,Noon,Road,'01 - Clear','01 - Daylight','01 - Dry','01 - Traffic signal',0.249995,'P.D. only','P.D. only','03 - Rear end',Ottawa_south,0
Weekday,Evening,Road,'01 - Clear','01 - Daylight','01 - Dry','01 - Traffic signal',0.142854,'P.D. only','P.D. only','02 - Angle',Ottawa_west,0
Weekends,Night,Road,'01 - Clear','01 - Daylight','01 - Dry','10 - No control',0.499982,'P.D. only','P.D. only','06 - SMV unattended vehicle',Ottawa_south,0
Weekday,Evening,Road,'01 - Clear','01 - Daylight','01 - Dry','08 - Traffic gate',0.999993,'P.D. only','P.D. only','07 - SMV other',downtown,0
Weekday,Evening,Road,'01 - Clear','01 - Daylight','01 - Dry','02 - Stop sign',0.66665,'P.D. only','P.D. only','04 - Sideswipe',downtown,0
Weekends,Mid_Night,Road,'01 - Clear','05 - Dusk','01 - Dry','10 - No control',0.6923,'P.D. only','P.D. only','07 - SMV other',Ottawa_east,0
Weekday,Evening,highway,'01 - Clear','01 - Daylight','01 - Dry','10 - No control',0.549998,'P.D. only','P.D. only','02 - Angle',Ottawa_west,0
Weekday,Mid_Night,Road,'01 - Clear','05 - Dusk','01 - Dry','10 - No control',0.692304,'P.D. only','P.D. only','06 - SMV unattended vehicle',Ottawa_east,0
Weekday,Night,Road,'02 - Rain','01 - Daylight','02 - Wet','10 - No control',0.58333,'P.D. only','P.D. only','03 - Rear end',mid_town,0
Weekday,Noon,Road,'01 - Clear','01 - Daylight','01 - Dry','01 - Traffic signal',0.702125,'P.D. only','P.D. only','03 - Rear end',mid_town,0
Weekday,Evening,Road,'01 - Clear','01 - Daylight','02 - Wet','01 - Traffic signal',0.599996,'P.D. only','P.D. only','03 - Rear end',downtown,0
Weekday,Noon,Road,'01 - Clear','01 - Daylight','02 - Wet','10 - No control',0.999982,'P.D. only','P.D. only','01 - Approaching',Ottawa_west,0
Weekday,Mid_Night,Road,'01 - Clear','07 - Dark','01 - Dry','10 - No control',0.777765,'P.D. only','P.D. only','03 - Rear end',mid_town,0
Weekday,Night,Road,'01 - Clear','01 - Daylight','01 - Dry','01 - Traffic signal',0.619834,'P.D. only','P.D. only','03 - Rear end',mid_town,0
Weekday,Night,Road,'01 - Clear','01 - Daylight','06 - Ice','10 - No control',0.593984,'P.D. only','P.D. only','03 - Rear end',mid_town,0
Weekday,Night,Road,'01 - Clear','01 - Daylight','01 - Dry','10 - No control',0.937496,'P.D. only','P.D. only','04 - Sideswipe',mid_town,0
Weekday,Noon,Road,'01 - Clear','01 - Daylight','01 - Dry','01 - Traffic signal',0.172413,'P.D. only','P.D. only','05 - Turning movement',downtown,0
Weekday,Evening,Road,'01 - Clear','01 - Daylight','05 - Packed snow','03 - Yield sign',0.567565,'P.D. only','P.D. only','07 - SMV other',mid_town,0
Weekday,Mid_Night,highway,'01 - Clear','07 - Dark','01 - Dry','01 - Traffic signal',0.333317,'P.D. only','P.D. only','03 - Rear end',mid_town,0
Weekday,Night,highway,'01 - Clear','07 - Dark','01 - Dry','10 - No control',0.793099,'P.D. only','P.D. only','07 - SMV other',Ottawa_south,0
Weekday,Night,highway,'01 - Clear','05 - Dusk','01 - Dry','10 - No control',0.142854,'P.D. only','P.D. only','03 - Rear end',downtown,0
Weekends,Early_Morning,Road,'01 - Clear','07 - Dark','01 - Dry','10 - No control',0.555547,'P.D. only','P.D. only','07 - SMV other',Ottawa_south,0
Weekday,Mid_Night,Road,'01 - Clear','05 - Dusk','01 - Dry','10 - No control',0.999963,'P.D. only','P.D. only','06 - SMV unattended vehicle',downtown,0
Weekday,Evening,Road,'01 - Clear','01 - Daylight','01 - Dry','10 - No control',0.857134,'P.D. only','P.D. only','05 - Turning movement',mid_town,0
Weekday,Night,Road,'03 - Snow','07 - Dark','03 - Loose snow','10 - No control',0.499994,'P.D. only','P.D. only','99 - Other',downtown,0
Weekday,Night,highway,'01 - Clear','01 - Daylight','01 - Dry','10 - No control',0.610388,'P.D. only','P.D. only','03 - Rear end',downtown,0
Weekday,Noon,Road,'02 - Rain','01 - Daylight','02 - Wet','10 - No control',0.58333,'P.D. only','P.D. only','06 - SMV unattended vehicle',downtown,0
Weekday,Night,Road,'01 - Clear','01 - Daylight','01 - Dry','02 - Stop sign',0.999963,'P.D. only','P.D. only','99 - Other',downtown,0
Weekday,Night,Road,'01 - Clear','07 - Dark','01 - Dry','03 - Yield sign',0.999982,'P.D. only','P.D. only','02 - Angle',Ottawa_east,0
Weekday,Night,Road,'01 - Clear','01 - Daylight','01 - Dry','02 - Stop sign',0,Injury,'P.D. only','02 - Angle',Ottawa_south,0
Weekday,Night,Road,'01 - Clear','07 - Dark','01 - Dry','10 - No control',0.877548,'P.D. only','P.D. only','05 - Turning movement',Ottawa_west,0
Weekday,Evening,Road,'01 - Clear','01 - Daylight','01 - Dry','01 - Traffic signal',0.357141,'P.D. only','P.D. only','02 - Angle',mid_town,0
Weekends,Afternoon,highway,'01 - Clear','01 - Daylight','01 - Dry','10 - No control',0.333331,'P.D. only','P.D. only','04 - Sideswipe',mid_town,0
Weekday,Noon,Road,'01 - Clear','01 - Daylight','02 - Wet','01 - Traffic signal',0.124999,'P.D. only','P.D. only','99 - Other',mid_town,0
Weekday,Noon,Road,'01 - Clear','01 - Daylight','01 - Dry','02 - Stop sign',0.619046,'P.D. only','P.D. only','04 - Sideswipe',mid_town,0
Weekday,Evening,Road,'01 - Clear','01 - Daylight','01 - Dry','01 - Traffic signal',0.547169,'P.D. only','P.D. only','03 - Rear end',mid_town,0
Weekends,Night,Road,'03 - Snow','01 - Daylight','04 - Slush','10 - No control',0.999971,'P.D. only','P.D. only','06 - SMV unattended vehicle',downtown,0
Weekday,Noon,Road,'01 - Clear','01 - Daylight','01 - Dry','01 - Traffic signal',0.702125,'P.D. only','P.D. only','03 - Rear end',mid_town,0
Weekday,Night,Road,'01 - Clear','01 - Daylight','01 - Dry','02 - Stop sign',0.839995,'P.D. only','P.D. only','03 - Rear end',downtown,0
Weekday,Evening,Road,'01 - Clear','01 - Daylight','01 - Dry','01 - Traffic signal',0.999985,'P.D. only','P.D. only','04 - Sideswipe',Ottawa_west,0
Weekday,Mid_Night,Road,'01 - Clear','07 - Dark','02 - Wet','02 - Stop sign',0.999951,'P.D. only','P.D. only','02 - Angle',mid_town,0
Weekday,Afternoon,Road,'01 - Clear','01 - Daylight','01 - Dry','10 - No control',0.567999,'P.D. only','P.D. only','03 - Rear end',Ottawa_south,0
Weekday,Mid_Night,Road,'01 - Clear','07 - Dark','01 - Dry','10 - No control',0.636355,'P.D. only','P.D. only','06 - SMV unattended vehicle',Ottawa_east,0
Weekday,Night,Road,'01 - Clear','01 - Daylight','01 - Dry','01 - Traffic signal',0.705426,'P.D. only','P.D. only','03 - Rear end',downtown,0
Weekday,Night,Road,'01 - Clear','01 - Daylight','01 - Dry','10 - No control',0.562497,'P.D. only','P.D. only','02 - Angle',mid_town,0
Weekday,Evening,Road,'01 - Clear','01 - Daylight','01 - Dry','10 - No control',0.731843,'P.D. only','P.D. only','99 - Other',mid_town,0
Weekends,Night,highway,'01 - Clear','07 - Dark','04 - Slush','10 - No control',0.230767,'P.D. only','P.D. only','07 - SMV other',Ottawa_east,0
Weekday,Evening,Road,'01 - Clear','01 - Daylight','01 - Dry','10 - No control',0.78571,'P.D. only','P.D. only','04 - Sideswipe',mid_town,0
Weekends,Evening,Road,'01 - Clear','01 - Daylight','01 - Dry','02 - Stop sign',0.238094,'P.D. only','P.D. only','03 - Rear end',Ottawa_south,0
Weekday,Morning,highway,'01 - Clear','07 - Dark','01 - Dry','10 - No control',0.999963,'P.D. only','P.D. only','07 - SMV other',Ottawa_west,0
Weekday,Night,Road,'01 - Clear','01 - Daylight','01 - Dry','10 - No control',0.520833,'P.D. only','P.D. only','03 - Rear end',mid_town,0
Weekday,Evening,Road,'03 - Snow','01 - Daylight','03 - Loose snow','10 - No control',0.707315,'P.D. only','P.D. only','01 - Approaching',downtown,0
Weekday,Mid_Night,Road,'01 - Clear','07 - Dark','01 - Dry','01 - Traffic signal',0.999971,'P.D. only','P.D. only','04 - Sideswipe',mid_town,0
Weekday,Night,Road,'01 - Clear','07 - Dark','02 - Wet','10 - No control',0.565216,'P.D. only','P.D. only','03 - Rear end',downtown,0
Weekends,Night,Road,'01 - Clear','01 - Daylight','01 - Dry','02 - Stop sign',0.438595,'P.D. only','P.D. only','02 - Angle',mid_town,0
Weekday,Night,highway,'01 - Clear','07 - Dark','01 - Dry','10 - No control',0.333328,'P.D. only','P.D. only','03 - Rear end',mid_town,0
Weekday,Noon,Road,'01 - Clear','01 - Daylight','01 - Dry','01 - Traffic signal',0.172413,'P.D. only','P.D. only','05 - Turning movement',downtown,0
Weekday,Noon,Road,'01 - Clear','01 - Daylight','01 - Dry','10 - No control',0.666663,'P.D. only','P.D. only','03 - Rear end',downtown,0
Weekday,Night,highway,'03 - Snow','07 - Dark','03 - Loose snow','10 - No control',0.999984,'P.D. only','P.D. only','03 - Rear end',downtown,0
Weekday,Night,Road,'01 - Clear','01 - Daylight','01 - Dry','10 - No control',0.935479,'P.D. only','P.D. only','06 - SMV unattended vehicle',downtown,0
Weekday,Evening,highway,'01 - Clear','01 - Daylight','01 - Dry','10 - No control',0.428562,'P.D. only','P.D. only','03 - Rear end',Ottawa_west,0
Weekends,Night,Road,'02 - Rain','01 - Daylight','02 - Wet','01 - Traffic signal',0.636355,'P.D. only','P.D. only','03 - Rear end',mid_town,0
Weekday,Evening,Road,'01 - Clear','01 - Daylight','01 - Dry','10 - No control',0.753423,'P.D. only','P.D. only','04 - Sideswipe',downtown,0
Weekday,Mid_Night,Road,'05 - Drifting Snow','07 - Dark','03 - Loose snow','10 - No control',0.909085,'P.D. only','P.D. only','02 - Angle',Ottawa_east,0
Weekday,Night,Road,'02 - Rain','01 - Daylight','02 - Wet','01 - Traffic signal',0.599991,'P.D. only','P.D. only','03 - Rear end',Ottawa_west,0
Weekday,Night,Road,'01 - Clear','07 - Dark','01 - Dry','10 - No control',0.999988,'P.D. only','P.D. only','07 - SMV other',Ottawa_west,0
Weekends,Mid_Night,Road,'01 - Clear','01 - Daylight','01 - Dry','01 - Traffic signal',0.380951,'P.D. only','P.D. only','05 - Turning movement',mid_town,0
Weekends,Night,Road,'03 - Snow','01 - Daylight','04 - Slush','10 - No control',0.499996,'P.D. only','P.D. only','99 - Other',downtown,0
Weekday,Afternoon,Road,'01 - Clear','01 - Daylight','01 - Dry','10 - No control',0.818171,'P.D. only','P.D. only','02 - Angle',mid_town,0
Weekday,Evening,Road,'01 - Clear','01 - Daylight','01 - Dry','10 - No control',0.599982,'P.D. only','P.D. only','02 - Angle',Ottawa_east,0
Weekday,Night,Road,'01 - Clear','01 - Daylight','01 - Dry','10 - No control',0.999984,'P.D. only','P.D. only','06 - SMV unattended vehicle',Ottawa_west,0
Weekday,Noon,Road,'03 - Snow','01 - Daylight','03 - Loose snow','10 - No control',0.230767,'P.D. only','P.D. only','01 - Approaching',Ottawa_east,0
Weekday,Evening,Road,'01 - Clear','01 - Daylight','01 - Dry','01 - Traffic signal',0.666666,'P.D. only','P.D. only','03 - Rear end',downtown,0
Weekday,Mid_Night,Road,'01 - Clear','07 - Dark','01 - Dry','10 - No control',0.711537,'P.D. only','P.D. only','04 - Sideswipe',Ottawa_west,0
Weekends,Night,Road,'02 - Rain','01 - Daylight','02 - Wet','10 - No control',0.58333,'P.D. only','P.D. only','03 - Rear end',Ottawa_west,0
Weekday,Noon,Road,'01 - Clear','01 - Daylight','01 - Dry','01 - Traffic signal',0.866658,'P.D. only','P.D. only','04 - Sideswipe',mid_town,0
Weekday,Mid_Night,highway,'01 - Clear','07 - Dark','01 - Dry','10 - No control',0.499991,'P.D. only','P.D. only','04 - Sideswipe',mid_town,0
Weekends,Evening,Road,'01 - Clear','01 - Daylight','02 - Wet','01 - Traffic signal',0.7037,'P.D. only','P.D. only','04 - Sideswipe',downtown,0
Weekday,Night,Road,'01 - Clear','01 - Daylight','01 - Dry','10 - No control',0.454539,'P.D. only','P.D. only','07 - SMV other',Ottawa_east,0
Weekday,Night,Road,'01 - Clear','01 - Daylight','01 - Dry','02 - Stop sign',0.219511,'P.D. only','P.D. only','02 - Angle',downtown,0
Weekday,Night,Road,'02 - Rain','07 - Dark','02 - Wet','01 - Traffic signal',0.649121,'P.D. only','P.D. only','03 - Rear end',mid_town,0
Weekday,Noon,highway,'01 - Clear','01 - Daylight','01 - Dry','01 - Traffic signal',0.230768,'P.D. only','P.D. only','05 - Turning movement',downtown,0
Weekday,Afternoon,Road,'01 - Clear','01 - Daylight','06 - Ice','03 - Yield sign',0.999963,'P.D. only','P.D. only','02 - Angle',downtown,0
Weekday,Evening,Road,'01 - Clear','01 - Daylight','01 - Dry','01 - Traffic signal',0.49367,'P.D. only','P.D. only','05 - Turning movement',downtown,0
Weekday,Evening,Road,'03 - Snow','01 - Daylight','03 - Loose snow','10 - No control',0.919995,'P.D. only','P.D. only','07 - SMV other',Ottawa_south,0
Weekday,Evening,Road,'01 - Clear','01 - Daylight','01 - Dry','01 - Traffic signal',0.547169,'P.D. only','P.D. only','03 - Rear end',mid_town,0
Weekday,Mid_Night,Road,'01 - Clear','07 - Dark','01 - Dry','02 - Stop sign',0.999963,'P.D. only','P.D. only','07 - SMV other',Ottawa_west,0
Weekday,Evening,Road,'01 - Clear','01 - Daylight','01 - Dry','10 - No control',0.230767,'P.D. only','P.D. only','07 - SMV other',mid_town,0
Weekday,Mid_Night,Road,'01 - Clear','07 - Dark','01 - Dry','01 - Traffic signal',0.642856,'P.D. only','P.D. only','99 - Other',mid_town,0
Weekday,Night,Road,'01 - Clear','01 - Daylight','01 - Dry','01 - Traffic signal',0.599999,'P.D. only','P.D. only','05 - Turning movement',downtown,0
Weekends,Afternoon,Road,'01 - Clear','01 - Daylight','01 - Dry','02 - Stop sign',0.636359,'P.D. only','P.D. only','04 - Sideswipe',downtown,0
Weekends,Evening,Road,'01 - Clear','01 - Daylight','01 - Dry','01 - Traffic signal',0.485712,'P.D. only','P.D. only','03 - Rear end',mid_town,0
Weekday,Evening,Road,'01 - Clear','01 - Daylight','01 - Dry','01 - Traffic signal',0.666666,'P.D. only','P.D. only','03 - Rear end',downtown,0
Weekday,Evening,highway,'03 - Snow','01 - Daylight','03 - Loose snow','10 - No control',0.636359,'P.D. only','P.D. only','07 - SMV other',downtown,0
Weekday,Mid_Night,highway,'01 - Clear','07 - Dark','01 - Dry','10 - No control',0.499996,'P.D. only','P.D. only','03 - Rear end',downtown,0
Weekday,Night,Road,'01 - Clear','01 - Daylight','01 - Dry','01 - Traffic signal',0.705426,'P.D. only','P.D. only','03 - Rear end',downtown,0
Weekday,Noon,Road,'01 - Clear','01 - Daylight','01 - Dry','01 - Traffic signal',0.702125,'P.D. only','P.D. only','03 - Rear end',mid_town,0
Weekday,Afternoon,Road,'03 - Snow','01 - Daylight','03 - Loose snow','11 - Roundabout',0.919995,'P.D. only','P.D. only','07 - SMV other',Ottawa_east,0
Weekday,Evening,Road,'01 - Clear','01 - Daylight','01 - Dry','01 - Traffic signal',0.859647,'P.D. only','P.D. only','04 - Sideswipe',downtown,0
Weekends,Evening,Road,'03 - Snow','01 - Daylight','03 - Loose snow','01 - Traffic signal',0.692305,'P.D. only','P.D. only','03 - Rear end',downtown,0
Weekday,Noon,Road,'01 - Clear','03 - Dawn','01 - Dry','01 - Traffic signal',0.749997,'P.D. only','P.D. only','07 - SMV other',downtown,0
Weekday,Afternoon,Road,'01 - Clear','01 - Daylight','01 - Dry','01 - Traffic signal',0.999987,'P.D. only','P.D. only','04 - Sideswipe',mid_town,0
Weekends,Night,Road,'01 - Clear','01 - Daylight','01 - Dry','01 - Traffic signal',0.599991,'P.D. only','P.D. only','04 - Sideswipe',downtown,0
Weekday,Evening,Road,'01 - Clear','01 - Daylight','01 - Dry','01 - Traffic signal',0.333325,'P.D. only','P.D. only','02 - Angle',Ottawa_south,0
Weekends,Night,Road,'01 - Clear','01 - Daylight','01 - Dry','10 - No control',0.65217,'P.D. only','P.D. only','01 - Approaching',Ottawa_east,0
Weekday,Night,highway,'01 - Clear','05 - Dusk','01 - Dry','01 - Traffic signal',0.777771,'P.D. only','P.D. only','03 - Rear end',Ottawa_west,0
Weekday,Evening,Road,'01 - Clear','01 - Daylight','01 - Dry','10 - No control',0.549295,'P.D. only','P.D. only','03 - Rear end',downtown,0
Weekday,Night,Road,'01 - Clear','01 - Daylight','01 - Dry','10 - No control',0.999984,'P.D. only','P.D. only','06 - SMV unattended vehicle',Ottawa_west,0
Weekday,Mid_Night,Road,'01 - Clear','07 - Dark','04 - Slush','10 - No control',0.888882,'P.D. only','P.D. only','06 - SMV unattended vehicle',Ottawa_south,0
Weekday,Mid_Night,Road,'01 - Clear','07 - Dark','03 - Loose snow','10 - No control',0.925921,'P.D. only','P.D. only','06 - SMV unattended vehicle',Ottawa_south,0
Weekday,Noon,Road,'01 - Clear','01 - Daylight','01 - Dry','01 - Traffic signal',0.166665,'P.D. only','P.D. only','02 - Angle',Ottawa_east,0
Weekday,Night,Road,'01 - Clear','01 - Daylight','01 - Dry','10 - No control',0.520833,'P.D. only','P.D. only','03 - Rear end',mid_town,0
Weekday,Evening,Road,'01 - Clear','01 - Daylight','02 - Wet','10 - No control',0.786259,'P.D. only','P.D. only','04 - Sideswipe',downtown,0
Weekends,Night,highway,'01 - Clear','01 - Daylight','99 - Other','10 - No control',0.333317,'P.D. only','P.D. only','04 - Sideswipe',mid_town,0
Weekends,Early_Morning,Road,'03 - Snow','07 - Dark','04 - Slush','10 - No control',0.999951,'P.D. only','P.D. only','07 - SMV other',downtown,0
Weekday,Morning,Road,'01 - Clear','07 - Dark','01 - Dry','10 - No control',0.818176,'P.D. only','P.D. only','06 - SMV unattended vehicle',Ottawa_south,0
Weekends,Evening,Road,'02 - Rain','01 - Daylight','01 - Dry','10 - No control',0.249995,'P.D. only','P.D. only','07 - SMV other',Ottawa_east,0
Weekday,Night,Road,'01 - Clear','01 - Daylight','01 - Dry','10 - No control',0.571428,'P.D. only','P.D. only','03 - Rear end',downtown,0
Weekday,Noon,highway,'01 - Clear','07 - Dark','06 - Ice','10 - No control',0.499991,'P.D. only','P.D. only','07 - SMV other',mid_town,0
Weekends,Evening,Road,'01 - Clear','01 - Daylight','01 - Dry','10 - No control',0.571423,'P.D. only','P.D. only','03 - Rear end',mid_town,0
Weekday,Noon,Road,'01 - Clear','01 - Daylight','01 - Dry','01 - Traffic signal',-0.599982,Injury,'P.D. only','05 - Turning movement',Ottawa_west,0
Weekday,Evening,highway,'01 - Clear','01 - Daylight','01 - Dry','10 - No control',0.428562,'P.D. only','P.D. only','03 - Rear end',Ottawa_west,0
Weekday,Evening,highway,'01 - Clear','01 - Daylight','01 - Dry','10 - No control',0.551019,'P.D. only','P.D. only','03 - Rear end',downtown,0
Weekday,Mid_Night,Road,'01 - Clear','07 - Dark','01 - Dry','01 - Traffic signal',0.599997,'P.D. only','P.D. only','03 - Rear end',mid_town,0
Weekday,Night,Road,'01 - Clear','01 - Daylight','01 - Dry','02 - Stop sign',0.219511,'P.D. only','P.D. only','02 - Angle',downtown,0