DATE,TIME,Road_type,ENVIRONMENT,LIGHT,SURFACE_CONDITION,TRAFFIC_CONTROL,'prediction margin','predicted COLLISION_CLASSIFICATION',COLLISION_CLASSIFICATION,IMPACT_TYPE,Location,NO_OF_PEDESTRIANS
Weekends,Evening,Road,'02 - Rain','01 - Daylight','02 - Wet','10 - No control',0.818171,'P.D. only','P.D. only','06 - SMV unattended vehicle',downtown,0
Weekday,Mid_Night,Road,'03 - Snow','07 - Dark','04 - Slush','01 - Traffic signal',0.714271,'P.D. only','P.D. only','05 - Turning movement',mid_town,0
Weekday,Night,Road,'01 - Clear','01 - Daylight','01 - Dry','01 - Traffic signal',0.705426,'P.D. only','P.D. only','03 - Rear end',downtown,0
Weekday,Morning,Road,'01 - Clear','07 - Dark','01 - Dry','10 - No control',0.818171,'P.D. only','P.D. only','04 - Sideswipe',Ottawa_east,0
Weekday,Early_Morning,Road,'01 - Clear','07 - Dark','02 - Wet','02 - Stop sign',0.642854,'P.D. only','P.D. only','04 - Sideswipe',downtown,0
Weekday,Night,Road,'01 - Clear','01 - Daylight','01 - Dry','01 - Traffic signal',0.767439,'P.D. only','P.D. only','04 - Sideswipe',downtown,0
Weekday,Night,highway,'01 - Clear','07 - Dark','01 - Dry','10 - No control',0.666665,'P.D. only','P.D. only','04 - Sideswipe',mid_town,0
Weekends,Afternoon,Road,'01 - Clear','01 - Daylight','01 - Dry','01 - Traffic signal',0.636355,'P.D. only','P.D. only','03 - Rear end',downtown,0
Weekday,Night,Road,'01 - Clear','01 - Daylight','01 - Dry','10 - No control',0.562497,'P.D. only','P.D. only','02 - Angle',mid_town,0
Weekday,Night,Road,'01 - Clear','05 - Dusk','01 - Dry','10 - No control',0.428569,'P.D. only','P.D. only','05 - Turning movement',Ottawa_south,0
Weekday,Noon,Road,'01 - Clear','01 - Daylight','01 - Dry','10 - No control',0.809518,'P.D. only','P.D. only','07 - SMV other',Ottawa_west,0
Weekday,Mid_Night,Road,'01 - Clear','07 - Dark','02 - Wet','02 - Stop sign',0.6923,'P.D. only','P.D. only','02 - Angle',Ottawa_west,0
Weekday,Night,Road,'03 - Snow','01 - Daylight','03 - Loose snow','01 - Traffic signal',0.66665,'P.D. only','P.D. only','03 - Rear end',mid_town,0
Weekday,Noon,Road,'03 - Snow','03 - Dawn','04 - Slush','10 - No control',0.642854,'P.D. only','P.D. only','07 - SMV other',mid_town,0
Weekday,Night,Road,'01 - Clear','01 - Daylight','01 - Dry','10 - No control',0.499982,'P.D. only','P.D. only','05 - Turning movement',Ottawa_south,0
Weekday,Noon,Road,'01 - Clear','07 - Dark','02 - Wet','01 - Traffic signal',0.833328,'P.D. only','P.D. only','03 - Rear end',mid_town,0
Weekday,Noon,Road,'01 - Clear','01 - Daylight','02 - Wet','10 - No control',0.535713,'P.D. only','P.D. only','02 - Angle',downtown,0
Weekday,Noon,highway,'01 - Clear','03 - Dawn','01 - Dry','10 - No control',0.714278,'P.D. only','P.D. only','04 - Sideswipe',mid_town,0
Weekday,Mid_Night,Road,'01 - Clear','07 - Dark','01 - Dry','10 - No control',0.799994,'P.D. only','P.D. only','07 - SMV other',Ottawa_east,0
Weekday,Noon,Road,'01 - Clear','01 - Daylight','01 - Dry','01 - Traffic signal',0.249995,'P.D. only','P.D. only','03 - Rear end',Ottawa_south,0
Weekday,Night,Road,'02 - Rain','01 - Daylight','03 - Loose snow','01 - Traffic signal',0.599991,'P.D. only','P.D. only','03 - Rear end',Ottawa_west,0
Weekends,Evening,highway,'01 - Clear','01 - Daylight','01 - Dry','10 - No control',0.684208,'P.D. only','P.D. only','07 - SMV other',Ottawa_west,0
Weekday,Night,highway,'01 - Clear','07 - Dark','01 - Dry','10 - No control',0.666665,'P.D. only','P.D. only','04 - Sideswipe',mid_town,0
Weekends,Night,Road,'03 - Snow','05 - Dusk','03 - Loose snow','01 - Traffic signal',0.333317,'P.D. only','P.D. only','07 - SMV other',mid_town,0
Weekends,Night,Road,'02 - Rain','07 - Dark','02 - Wet','10 - No control',0.999971,'P.D. only','P.D. only','04 - Sideswipe',downtown,0
Weekday,Afternoon,highway,'03 - Snow','01 - Daylight','03 - Loose snow','10 - No control',0.599994,'P.D. only','P.D. only','07 - SMV other',Ottawa_west,0
Weekday,Mid_Night,Road,'03 - Snow','07 - Dark','02 - Wet','01 - Traffic signal',0.599982,'P.D. only','P.D. only','02 - Angle',mid_town,0
Weekday,Night,Road,'01 - Clear','01 - Daylight','01 - Dry','01 - Traffic signal',0.444443,'P.D. only','P.D. only','03 - Rear end',Ottawa_west,0
Weekday,Evening,Road,'03 - Snow','01 - Daylight','03 - Loose snow','01 - Traffic signal',0.809521,'P.D. only','P.D. only','03 - Rear end',Ottawa_east,0
Weekday,Noon,highway,'01 - Clear','03 - Dawn','01 - Dry','10 - No control',0.333328,'P.D. only','P.D. only','03 - Rear end',downtown,0
Weekday,Night,Road,'01 - Clear','05 - Dusk','02 - Wet','02 - Stop sign',0.714271,'P.D. only','P.D. only','02 - Angle',Ottawa_east,0
Weekday,Noon,highway,'01 - Clear','01 - Daylight','01 - Dry','10 - No control',0.999982,'P.D. only','P.D. only','04 - Sideswipe',downtown,0
Weekday,Mid_Night,Road,'03 - Snow','07 - Dark','02 - Wet','01 - Traffic signal',0.714281,'P.D. only','P.D. only','05 - Turning movement',downtown,0
Weekends,Mid_Night,Road,'01 - Clear','07 - Dark','01 - Dry','10 - No control',0.999991,'P.D. only','P.D. only','07 - SMV other',Ottawa_west,0
Weekday,Night,Road,'01 - Clear','01 - Daylight','04 - Slush','10 - No control',0.799988,'P.D. only','P.D. only','99 - Other',downtown,0
Weekday,Night,Road,'01 - Clear','01 - Daylight','04 - Slush','10 - No control',0.661016,'P.D. only','P.D. only','99 - Other',Ottawa_south,0
Weekends,Night,Road,'01 - Clear','01 - Daylight','01 - Dry','10 - No control',0.999971,'P.D. only','P.D. only','02 - Angle',downtown,0
Weekday,Night,Road,'01 - Clear','01 - Daylight','01 - Dry','03 - Yield sign',0.636361,'P.D. only','P.D. only','07 - SMV other',downtown,0
Weekday,Night,Road,'01 - Clear','01 - Daylight','01 - Dry','10 - No control',-0.578945,Injury,'P.D. only','07 - SMV other',mid_town,1
Weekday,Evening,Road,'01 - Clear','01 - Daylight','01 - Dry','01 - Traffic signal',0.666666,'P.D. only','P.D. only','03 - Rear end',downtown,0
Weekday,Noon,Road,'02 - Rain','01 - Daylight','02 - Wet','10 - No control',0.58333,'P.D. only','P.D. only','06 - SMV unattended vehicle',downtown,0
Weekday,Evening,Road,'01 - Clear','01 - Daylight','01 - Dry','10 - No control',0.999993,'P.D. only','P.D. only','06 - SMV unattended vehicle',mid_town,0
Weekday,Evening,Road,'01 - Clear','01 - Daylight','01 - Dry','02 - Stop sign',0.555547,'P.D. only','P.D. only','05 - Turning movement',downtown,0
Weekday,Night,Road,'01 - Clear','01 - Daylight','01 - Dry','10 - No control',0.655169,'P.D. only','P.D. only','03 - Rear end',Ottawa_east,0
Weekends,Noon,highway,'01 - Clear','01 - Daylight','01 - Dry','01 - Traffic signal',0.458823,'P.D. only','P.D. only','02 - Angle',downtown,0
Weekday,Evening,highway,'04 - Freezing Rain','01 - Daylight','06 - Ice','10 - No control',0.777771,'P.D. only','P.D. only','99 - Other',downtown,0
Weekends,Afternoon,Road,'01 - Clear','01 - Daylight','01 - Dry','10 - No control',0.944441,'P.D. only','P.D. only','06 - SMV unattended vehicle',Ottawa_south,0
Weekday,Afternoon,Road,'01 - Clear','01 - Daylight','01 - Dry','10 - No control',0.901233,'P.D. only','P.D. only','06 - SMV unattended vehicle',Ottawa_east,0
Weekends,Night,Road,'01 - Clear','01 - Daylight','01 - Dry','10 - No control',0.599982,'P.D. only','P.D. only','04 - Sideswipe',mid_town,0
Weekday,Noon,Road,'01 - Clear','01 - Daylight','06 - Ice','10 - No control',0.249995,'P.D. only','P.D. only','03 - Rear end',downtown,0
Weekday,Evening,Road,'02 - Rain','01 - Daylight','01 - Dry','02 - Stop sign',0.833323,'P.D. only','P.D. only','03 - Rear end',downtown,0
Weekends,Afternoon,Road,'01 - Clear','01 - Daylight','01 - Dry','01 - Traffic signal',0,Injury,'P.D. only','03 - Rear end',Ottawa_east,0
Weekday,Mid_Night,Road,'01 - Clear','01 - Daylight','01 - Dry','10 - No control',0.999997,'P.D. only','P.D. only','06 - SMV unattended vehicle',Ottawa_west,0
Weekday,Evening,Road,'01 - Clear','01 - Daylight','01 - Dry','02 - Stop sign',0.461536,'P.D. only','P.D. only','02 - Angle',downtown,0
Weekday,Afternoon,Road,'03 - Snow','01 - Daylight','02 - Wet','01 - Traffic signal',0.499995,'P.D. only','P.D. only','02 - Angle',mid_town,0
Weekday,Evening,Road,'01 - Clear','01 - Daylight','01 - Dry','02 - Stop sign',0.461536,'P.D. only','P.D. only','02 - Angle',downtown,0
Weekday,Evening,Road,'01 - Clear','01 - Daylight','01 - Dry','01 - Traffic signal',0.333332,'P.D. only','P.D. only','05 - Turning movement',mid_town,0
Weekday,Afternoon,Road,'01 - Clear','01 - Daylight','01 - Dry','10 - No control',0.428562,'P.D. only','P.D. only','07 - SMV other',mid_town,0
Weekday,Morning,Road,'01 - Clear','07 - Dark','01 - Dry','02 - Stop sign',0.777765,'P.D. only','P.D. only','07 - SMV other',Ottawa_south,0
Weekday,Evening,Road,'01 - Clear','01 - Daylight','01 - Dry','01 - Traffic signal',0.666666,'P.D. only','P.D. only','03 - Rear end',downtown,0
Weekends,Night,Road,'02 - Rain','01 - Daylight','02 - Wet','10 - No control',0.58333,'P.D. only','P.D. only','03 - Rear end',Ottawa_west,0
Weekends,Night,Road,'01 - Clear','01 - Daylight','01 - Dry','10 - No control',0.999963,'P.D. only','P.D. only','02 - Angle',mid_town,0
Weekday,Afternoon,highway,'03 - Snow','01 - Daylight','04 - Slush','10 - No control',0,Injury,'P.D. only','04 - Sideswipe',Ottawa_east,0
Weekday,Night,Road,'01 - Clear','01 - Daylight','01 - Dry','10 - No control',0.935479,'P.D. only','P.D. only','06 - SMV unattended vehicle',downtown,0
Weekday,Afternoon,Road,'03 - Snow','01 - Daylight','03 - Loose snow','01 - Traffic signal',0.857134,'P.D. only','P.D. only','04 - Sideswipe',mid_town,0
Weekday,Mid_Night,Road,'01 - Clear','07 - Dark','02 - Wet','10 - No control',0.714284,'P.D. only','P.D. only','07 - SMV other',Ottawa_south,0
Weekends,Night,Road,'03 - Snow','05 - Dusk','04 - Slush','10 - No control',0.333317,'P.D. only','P.D. only','03 - Rear end',downtown,0
Weekday,Evening,Road,'01 - Clear','01 - Daylight','02 - Wet','01 - Traffic signal',0.788617,'P.D. only','P.D. only','04 - Sideswipe',downtown,0
Weekday,Night,Road,'01 - Clear','01 - Daylight','01 - Dry','10 - No control',0.99999,'P.D. only','P.D. only','07 - SMV other',downtown,0
Weekends,Night,Road,'01 - Clear','01 - Daylight','01 - Dry','02 - Stop sign',0.759996,'P.D. only','P.D. only','04 - Sideswipe',mid_town,0
Weekday,Noon,Road,'01 - Clear','03 - Dawn','02 - Wet','10 - No control',0.857134,'P.D. only','P.D. only','07 - SMV other',Ottawa_south,0
Weekends,Evening,Road,'01 - Clear','01 - Daylight','01 - Dry','01 - Traffic signal',0.384613,'P.D. only','P.D. only','03 - Rear end',downtown,0
Weekday,Evening,Road,'01 - Clear','01 - Daylight','01 - Dry','01 - Traffic signal',0.547169,'P.D. only','P.D. only','03 - Rear end',mid_town,0
Weekday,Noon,Road,'01 - Clear','03 - Dawn','01 - Dry','01 - Traffic signal',0.999982,'P.D. only','P.D. only','99 - Other',Ottawa_east,0
Weekends,Evening,Road,'01 - Clear','01 - Daylight','01 - Dry','10 - No control',0.999951,'P.D. only','P.D. only','06 - SMV unattended vehicle',Ottawa_west,0
Weekday,Night,Road,'01 - Clear','01 - Daylight','01 - Dry','10 - No control',0.263156,'P.D. only','P.D. only','05 - Turning movement',mid_town,0
Weekends,Early_Morning,Road,'01 - Clear','07 - Dark','01 - Dry','01 - Traffic signal',0.599982,'P.D. only','P.D. only','03 - Rear end',downtown,0
Weekday,Noon,Road,'01 - Clear','03 - Dawn','02 - Wet','01 - Traffic signal',0.533331,'P.D. only','P.D. only','03 - Rear end',downtown,0
Weekday,Evening,Road,'01 - Clear','01 - Daylight','01 - Dry','01 - Traffic signal',0.49367,'P.D. only','P.D. only','05 - Turning movement',downtown,0
Weekday,Night,Road,'01 - Clear','01 - Daylight','01 - Dry','01 - Traffic signal',0.565214,'P.D. only','P.D. only','03 - Rear end',Ottawa_south,0
Weekday,Noon,Road,'01 - Clear','01 - Daylight','01 - Dry','10 - No control',0,Injury,'P.D. only','03 - Rear end',Ottawa_west,0
Weekday,Evening,Road,'01 - Clear','01 - Daylight','01 - Dry','01 - Traffic signal',0.49367,'P.D. only','P.D. only','05 - Turning movement',downtown,0
Weekends,Afternoon,Road,'03 - Snow','01 - Daylight','03 - Loose snow','10 - No control',0.999985,'P.D. only','P.D. only','02 - Angle',downtown,0
Weekday,Evening,Road,'01 - Clear','01 - Daylight','01 - Dry','10 - No control',0.731843,'P.D. only','P.D. only','99 - Other',mid_town,0
Weekends,Mid_Night,Road,'01 - Clear','07 - Dark','06 - Ice','01 - Traffic signal',0.666659,'P.D. only','P.D. only','03 - Rear end',downtown,0
Weekday,Night,Road,'01 - Clear','01 - Daylight','01 - Dry','01 - Traffic signal',0.249998,'P.D. only','P.D. only','02 - Angle',mid_town,0
Weekday,Evening,Road,'01 - Clear','01 - Daylight','01 - Dry','10 - No control',0.753423,'P.D. only','P.D. only','04 - Sideswipe',downtown,0
Weekday,Noon,Road,'03 - Snow','03 - Dawn','04 - Slush','01 - Traffic signal',0.499982,'P.D. only','P.D. only','04 - Sideswipe',Ottawa_east,0
Weekends,Night,Road,'01 - Clear','01 - Daylight','01 - Dry','02 - Stop sign',0.999951,'P.D. only','P.D. only','02 - Angle',Ottawa_south,0
Weekday,Noon,Road,'01 - Clear','01 - Daylight','01 - Dry','01 - Traffic signal',0.857134,'P.D. only','P.D. only','03 - Rear end',Ottawa_east,0
Weekday,Evening,Road,'01 - Clear','01 - Daylight','01 - Dry','10 - No control',0.611109,'P.D. only','P.D. only','02 - Angle',downtown,0
Weekends,Evening,Road,'01 - Clear','01 - Daylight','01 - Dry','10 - No control',0.739129,'P.D. only','P.D. only','01 - Approaching',downtown,0
Weekday,Noon,Road,'01 - Clear','03 - Dawn','01 - Dry','10 - No control',0.809518,'P.D. only','P.D. only','06 - SMV unattended vehicle',mid_town,0
Weekday,Mid_Night,Road,'01 - Clear','07 - Dark','01 - Dry','01 - Traffic signal',0.692304,'P.D. only','P.D. only','03 - Rear end',downtown,0
Weekday,Afternoon,Road,'01 - Clear','01 - Daylight','01 - Dry','10 - No control',0.6923,'P.D. only','P.D. only','03 - Rear end',mid_town,0
Weekday,Night,Road,'01 - Clear','07 - Dark','01 - Dry','10 - No control',0.624994,'P.D. only','P.D. only','03 - Rear end',mid_town,0
Weekday,Night,highway,'03 - Snow','01 - Daylight','06 - Ice','10 - No control',-0.333317,Injury,'P.D. only','03 - Rear end',downtown,0
Weekday,Night,highway,'01 - Clear','01 - Daylight','01 - Dry','10 - No control',0.999951,'P.D. only','P.D. only','07 - SMV other',mid_town,0
Weekday,Morning,Road,'01 - Clear','07 - Dark','01 - Dry','10 - No control',0.599998,'P.D. only','P.D. only','07 - SMV other',downtown,0
Weekday,Mid_Night,Road,'01 - Clear','07 - Dark','01 - Dry','10 - No control',0.714281,'P.D. only','P.D. only','03 - Rear end',downtown,0
Weekends,Mid_Night,Road,'01 - Clear','07 - Dark','01 - Dry','01 - Traffic signal',0.555547,'P.D. only','P.D. only','05 - Turning movement',mid_town,0
Weekday,Evening,Road,'01 - Clear','01 - Daylight','01 - Dry','01 - Traffic signal',0.806448,'P.D. only','P.D. only','04 - Sideswipe',mid_town,0
Weekday,Night,Road,'01 - Clear','01 - Daylight','01 - Dry','10 - No control',0.520833,'P.D. only','P.D. only','03 - Rear end',mid_town,0
Weekday,Noon,Road,'01 - Clear','01 - Daylight','01 - Dry','01 - Traffic signal',0.702125,'P.D. only','P.D. only','03 - Rear end',mid_town,0
Weekday,Night,Road,'01 - Clear','05 - Dusk','03 - Loose snow','01 - Traffic signal',0.999991,'P.D. only','P.D. only','04 - Sideswipe',downtown,0
Weekday,Afternoon,Road,'01 - Clear','01 - Daylight','01 - Dry','10 - No control',0.567999,'P.D. only','P.D. only','03 - Rear end',Ottawa_south,0
Weekends,Evening,Road,'01 - Clear','01 - Daylight','01 - Dry','02 - Stop sign',0.560974,'P.D. only','P.D. only','02 - Angle',Ottawa_south,0
Weekends,Evening,Road,'01 - Clear','01 - Daylight','01 - Dry','10 - No control',0.714281,'P.D. only','P.D. only','03 - Rear end',downtown,0
Weekday,Afternoon,Road,'01 - Clear','01 - Daylight','02 - Wet','01 - Traffic signal',0.999982,'P.D. only','P.D. only','03 - Rear end',downtown,0
Weekends,Evening,Road,'01 - Clear','01 - Daylight','01 - Dry','01 - Traffic signal',0.714278,'P.D. only','P.D. only','05 - Turning movement',mid_town,0
Weekday,Evening,Road,'01 - Clear','01 - Daylight','01 - Dry','10 - No control',0.768785,'P.D. only','P.D. only','04 - Sideswipe',Ottawa_south,0
Weekday,Mid_Night,Road,'01 - Clear','07 - Dark','01 - Dry','01 - Traffic signal',0.599997,'P.D. only','P.D. only','03 - Rear end',mid_town,0
Weekday,Night,Road,'01 - Clear','01 - Daylight','01 - Dry','01 - Traffic signal',0.767439,'P.D. only','P.D. only','04 - Sideswipe',downtown,0
Weekends,Night,Road,'01 - Clear','01 - Daylight','01 - Dry','01 - Traffic signal',0.764699,'P.D. only','P.D. only','05 - Turning movement',downtown,0
Weekday,Afternoon,Road,'01 - Clear','01 - Daylight','01 - Dry','10 - No control',0,Injury,'P.D. only','07 - SMV other',Ottawa_south,0
Weekday,Night,Road,'02 - Rain','01 - Daylight','02 - Wet','10 - No control',0.58333,'P.D. only','P.D. only','03 - Rear end',mid_town,0
Weekday,Mid_Night,Road,'02 - Rain','07 - Dark','02 - Wet','02 - Stop sign',0.333317,'P.D. only','P.D. only','02 - Angle',Ottawa_east,0
Weekday,Mid_Night,Road,'01 - Clear','01 - Daylight','01 - Dry','01 - Traffic signal',0.999976,'P.D. only','P.D. only','03 - Rear end',downtown,0
Weekday,Evening,Road,'02 - Rain','01 - Daylight','02 - Wet','01 - Traffic signal',0.764699,'P.D. only','P.D. only','03 - Rear end',mid_town,0
Weekday,Evening,Road,'01 - Clear','01 - Daylight','01 - Dry','10 - No control',0.549295,'P.D. only','P.D. only','03 - Rear end',downtown,0
Weekday,Noon,Road,'01 - Clear','01 - Daylight','02 - Wet','10 - No control',0.857138,'P.D. only','P.D. only','06 - SMV unattended vehicle',mid_town,0
Weekday,Noon,Road,'02 - Rain','01 - Daylight','02 - Wet','02 - Stop sign',0.66665,'P.D. only','P.D. only','07 - SMV other',Ottawa_south,0
Weekday,Early_Morning,Road,'03 - Snow','07 - Dark','03 - Loose snow','10 - No control',0.999987,'P.D. only','P.D. only','06 - SMV unattended vehicle',downtown,0
Weekday,Afternoon,Road,'02 - Rain','01 - Daylight','02 - Wet','03 - Yield sign',0.444441,'P.D. only','P.D. only','03 - Rear end',mid_town,0
Weekday,Afternoon,Road,'01 - Clear','01 - Daylight','01 - Dry','01 - Traffic signal',0.799996,'P.D. only','P.D. only','03 - Rear end',mid_town,0
Weekday,Evening,Road,'01 - Clear','01 - Daylight','01 - Dry','02 - Stop sign',0.66665,'P.D. only','P.D. only','04 - Sideswipe',downtown,0
Weekday,Evening,Road,'03 - Snow','01 - Daylight','04 - Slush','02 - Stop sign',0.999971,'P.D. only','P.D. only','07 - SMV other',Ottawa_west,0
Weekends,Evening,Road,'03 - Snow','01 - Daylight','03 - Loose snow','10 - No control',0.826082,'P.D. only','P.D. only','07 - SMV other',mid_town,0
Weekday,Night,Road,'02 - Rain','01 - Daylight','02 - Wet','10 - No control',0.799996,'P.D. only','P.D. only','02 - Angle',Ottawa_east,0
Weekday,Night,Road,'03 - Snow','01 - Daylight','05 - Packed snow','02 - Stop sign',0.857134,'P.D. only','P.D. only','07 - SMV other',Ottawa_east,0
Weekends,Early_Morning,Road,'01 - Clear','07 - Dark','01 - Dry','01 - Traffic signal',0.66665,'P.D. only','P.D. only','02 - Angle',downtown,0
Weekday,Night,highway,'01 - Clear','01 - Daylight','01 - Dry','10 - No control',0.610388,'P.D. only','P.D. only','03 - Rear end',downtown,0
Weekday,Mid_Night,highway,'03 - Snow','07 - Dark','03 - Loose snow','10 - No control',0.833323,'P.D. only','P.D. only','03 - Rear end',Ottawa_west,0
Weekends,Evening,Road,'03 - Snow','01 - Daylight','03 - Loose snow','10 - No control',0.888882,'P.D. only','P.D. only','04 - Sideswipe',mid_town,0
Weekday,Evening,Road,'01 - Clear','01 - Daylight','01 - Dry','10 - No control',0.959181,'P.D. only','P.D. only','06 - SMV unattended vehicle',downtown,0
Weekends,Mid_Night,highway,'03 - Snow','07 - Dark','03 - Loose snow','10 - No control',0.909085,'P.D. only','P.D. only','04 - Sideswipe',Ottawa_west,0
Weekday,Night,Road,'01 - Clear','01 - Daylight','01 - Dry','01 - Traffic signal',0.499994,'P.D. only','P.D. only','05 - Turning movement',Ottawa_east,0
Weekends,Noon,Road,'03 - Snow','01 - Daylight','02 - Wet','10 - No control',0.756095,'P.D. only','P.D. only','07 - SMV other',Ottawa_west,0
Weekday,Evening,Road,'01 - Clear','01 - Daylight','06 - Ice','01 - Traffic signal',0.515149,'P.D. only','P.D. only','03 - Rear end',Ottawa_east,0
Weekday,Night,Road,'01 - Clear','01 - Daylight','01 - Dry','10 - No control',0.520833,'P.D. only','P.D. only','03 - Rear end',mid_town,0
Weekday,Evening,Road,'03 - Snow','01 - Daylight','03 - Loose snow','01 - Traffic signal',0.799988,'P.D. only','P.D. only','03 - Rear end',mid_town,0
Weekday,Night,Road,'03 - Snow','01 - Daylight','03 - Loose snow','02 - Stop sign',0.999976,'P.D. only','P.D. only','06 - SMV unattended vehicle',downtown,0
Weekday,Noon,Road,'02 - Rain','01 - Daylight','02 - Wet','10 - No control',0.666664,'P.D. only','P.D. only','04 - Sideswipe',downtown,0
Weekday,Noon,highway,'01 - Clear','01 - Daylight','06 - Ice','10 - No control',0.428567,'P.D. only','P.D. only','07 - SMV other',mid_town,0
Weekends,Evening,Road,'01 - Clear','01 - Daylight','01 - Dry','01 - Traffic signal',0.090908,'P.D. only','P.D. only','02 - Angle',mid_town,0
Weekday,Mid_Night,Road,'01 - Clear','07 - Dark','01 - Dry','10 - No control',0.673467,'P.D. only','P.D. only','07 - SMV other',Ottawa_west,0
Weekday,Noon,Road,'01 - Clear','01 - Daylight','01 - Dry','10 - No control',0.999982,'P.D. only','P.D. only','07 - SMV other',Ottawa_east,0
Weekday,Evening,Road,'01 - Clear','01 - Daylight','01 - Dry','01 - Traffic signal',0,Injury,'P.D. only','05 - Turning movement',Ottawa_east,0
Weekends,Evening,highway,'01 - Clear','01 - Daylight','01 - Dry','02 - Stop sign',0.454544,'P.D. only','P.D. only','99 - Other',downtown,0
Weekday,Noon,Road,'01 - Clear','07 - Dark','06 - Ice','01 - Traffic signal',0.749986,'P.D. only','P.D. only','03 - Rear end',Ottawa_east,0
Weekends,Early_Morning,Road,'03 - Snow','07 - Dark','03 - Loose snow','01 - Traffic signal',0.999971,'P.D. only','P.D. only','02 - Angle',downtown,0
Weekends,Noon,highway,'03 - Snow','03 - Dawn','03 - Loose snow','10 - No control',0.999993,'P.D. only','P.D. only','07 - SMV other',mid_town,0
Weekday,Noon,Road,'01 - Clear','01 - Daylight','01 - Dry','10 - No control',0.999979,'P.D. only','P.D. only','06 - SMV unattended vehicle',mid_town,0
Weekday,Evening,Road,'01 - Clear','01 - Daylight','01 - Dry','01 - Traffic signal',0.49367,'P.D. only','P.D. only','05 - Turning movement',downtown,0
Weekday,Mid_Night,Road,'01 - Clear','07 - Dark','01 - Dry','01 - Traffic signal',0.599997,'P.D. only','P.D. only','03 - Rear end',mid_town,0
Weekday,Afternoon,Road,'01 - Clear','01 - Daylight','02 - Wet','01 - Traffic signal',0.499982,'P.D. only','P.D. only','02 - Angle',downtown,0
Weekday,Night,Road,'01 - Clear','01 - Daylight','01 - Dry','10 - No control',0.813951,'P.D. only','P.D. only','02 - Angle',downtown,0
Weekday,Evening,Road,'03 - Snow','01 - Daylight','03 - Loose snow','01 - Traffic signal',0.999951,'P.D. only','P.D. only','03 - Rear end',Ottawa_west,0
Weekday,Evening,highway,'04 - Freezing Rain','01 - Daylight','06 - Ice','10 - No control',0.999971,'P.D. only','P.D. only','07 - SMV other',mid_town,0
Weekday,Mid_Night,Road,'01 - Clear','05 - Dusk','01 - Dry','01 - Traffic signal',0.599982,'P.D. only','P.D. only','03 - Rear end',mid_town,0
Weekday,Afternoon,Road,'01 - Clear','01 - Daylight','01 - Dry','10 - No control',0.602941,'P.D. only','P.D. only','05 - Turning movement',mid_town,0
Weekday,Night,Road,'01 - Clear','01 - Daylight','02 - Wet','10 - No control',0.714271,'P.D. only','P.D. only','03 - Rear end',downtown,0
Weekends,Evening,Road,'01 - Clear','01 - Daylight','01 - Dry','02 - Stop sign',0.599982,'P.D. only','P.D. only','03 - Rear end',downtown,0
Weekday,Mid_Night,Road,'01 - Clear','07 - Dark','01 - Dry','10 - No control',0.999994,'P.D. only','P.D. only','06 - SMV unattended vehicle',downtown,0
Weekends,Afternoon,Road,'01 - Clear','01 - Daylight','01 - Dry','02 - Stop sign',0.66665,'P.D. only','P.D. only','02 - Angle',downtown,0
Weekday,Afternoon,Road,'02 - Rain','01 - Daylight','02 - Wet','02 - Stop sign',0.333317,'P.D. only','P.D. only','02 - Angle',mid_town,0
Weekends,Mid_Night,Road,'01 - Clear','01 - Daylight','01 - Dry','01 - Traffic signal',0.599997,'P.D. only','P.D. only','04 - Sideswipe',downtown,0
Weekday,Evening,Road,'02 - Rain','01 - Daylight','02 - Wet','10 - No control',0.999963,'P.D. only','P.D. only','03 - Rear end',mid_town,0
Weekday,Afternoon,Road,'01 - Clear','01 - Daylight','01 - Dry','01 - Traffic signal',0.799996,'P.D. only','P.D. only','03 - Rear end',mid_town,0
Weekday,Afternoon,Road,'01 - Clear','01 - Daylight','02 - Wet','01 - Traffic signal',0.999951,'P.D. only','P.D. only','04 - Sideswipe',downtown,0
Weekday,Night,Road,'01 - Clear','01 - Daylight','01 - Dry','01 - Traffic signal',0.705426,'P.D. only','P.D. only','03 - Rear end',downtown,0
Weekday,Night,Road,'01 - Clear','05 - Dusk','01 - Dry','10 - No control',0.749986,'P.D. only','P.D. only','03 - Rear end',downtown,0
Weekday,Night,Road,'03 - Snow','01 - Daylight','05 - Packed snow','10 - No control',0.999984,'P.D. only','P.D. only','07 - SMV other',mid_town,0
Weekday,Night,Road,'01 - Clear','07 - Dark','01 - Dry','10 - No control',0.894735,'P.D. only','P.D. only','06 - SMV unattended vehicle',Ottawa_south,0
Weekday,Mid_Night,highway,'01 - Clear','07 - Dark','01 - Dry','10 - No control',0.666659,'P.D. only','P.D. only','04 - Sideswipe',downtown,0
Weekday,Evening,Road,'01 - Clear','01 - Daylight','01 - Dry','01 - Traffic signal',0.666666,'P.D. only','P.D. only','03 - Rear end',downtown,0
Weekday,Mid_Night,Road,'01 - Clear','07 - Dark','01 - Dry','01 - Traffic signal',0.764704,'P.D. only','P.D. only','04 - Sideswipe',Ottawa_west,0
Weekday,Night,Road,'02 - Rain','01 - Daylight','02 - Wet','10 - No control',0.999971,'P.D. only','P.D. only','04 - Sideswipe',mid_town,0