DATE,TIME,Road_type,ENVIRONMENT,LIGHT,SURFACE_CONDITION,TRAFFIC_CONTROL,'prediction margin','predicted COLLISION_CLASSIFICATION',COLLISION_CLASSIFICATION,IMPACT_TYPE,Location,NO_OF_PEDESTRIANS
Weekday,Evening,Road,'01 - Clear','01 - Daylight','01 - Dry','10 - No control',-0.565214,'P.D. only',Injury,'02 - Angle',mid_town,0
Weekday,Afternoon,Road,'01 - Clear','01 - Daylight','06 - Ice','01 - Traffic signal',-0.636359,'P.D. only',Injury,'03 - Rear end',Ottawa_east,0
Weekday,Afternoon,Road,'01 - Clear','01 - Daylight','01 - Dry','10 - No control',-0.499997,'P.D. only',Injury,'03 - Rear end',downtown,0
Weekday,Noon,Road,'01 - Clear','01 - Daylight','01 - Dry','01 - Traffic signal',-0.702125,'P.D. only',Injury,'03 - Rear end',mid_town,0
Weekday,Afternoon,Road,'01 - Clear','01 - Daylight','01 - Dry','01 - Traffic signal',0.66665,Injury,Injury,'07 - SMV other',downtown,1
Weekday,Noon,Road,'01 - Clear','01 - Daylight','01 - Dry','01 - Traffic signal',-0.172413,'P.D. only',Injury,'05 - Turning movement',downtown,0
Weekends,Evening,Road,'01 - Clear','01 - Daylight','02 - Wet','01 - Traffic signal',0.999951,Injury,Injury,'07 - SMV other',mid_town,1
Weekday,Evening,highway,'01 - Clear','01 - Daylight','01 - Dry','10 - No control',-0.551019,'P.D. only',Injury,'03 - Rear end',downtown,0
Weekday,Noon,highway,'01 - Clear','01 - Daylight','02 - Wet','01 - Traffic signal',-0.434781,'P.D. only',Injury,'07 - SMV other',mid_town,0
Weekday,Noon,Road,'01 - Clear','01 - Daylight','01 - Dry','10 - No control',0.767439,Injury,Injury,'07 - SMV other',downtown,1
Weekday,Night,Road,'02 - Rain','05 - Dusk','02 - Wet','10 - No control',-0.799988,'P.D. only',Injury,'07 - SMV other',Ottawa_west,0
Weekday,Evening,Road,'03 - Snow','01 - Daylight','03 - Loose snow','03 - Yield sign',-0.714271,'P.D. only',Injury,'02 - Angle',mid_town,0
Weekday,Mid_Night,Road,'01 - Clear','07 - Dark','01 - Dry','01 - Traffic signal',-0.692304,'P.D. only',Injury,'03 - Rear end',downtown,0
Weekends,Noon,highway,'01 - Clear','01 - Daylight','06 - Ice','10 - No control',-0.749986,'P.D. only',Injury,'07 - SMV other',mid_town,0
Weekends,Night,Road,'01 - Clear','01 - Daylight','02 - Wet','02 - Stop sign',0.999951,Injury,Injury,'07 - SMV other',downtown,1
Weekends,Morning,highway,'01 - Clear','07 - Dark','01 - Dry','10 - No control',-0.333317,'P.D. only',Injury,'07 - SMV other',downtown,0
Weekday,Night,highway,'01 - Clear','05 - Dusk','01 - Dry','10 - No control',-0.142854,'P.D. only',Injury,'03 - Rear end',downtown,0
Weekends,Evening,Road,'01 - Clear','01 - Daylight','01 - Dry','01 - Traffic signal',0.999951,Injury,Injury,'07 - SMV other',downtown,1
Weekday,Night,Road,'01 - Clear','01 - Daylight','01 - Dry','01 - Traffic signal',-0.705426,'P.D. only',Injury,'03 - Rear end',downtown,0
Weekday,Mid_Night,highway,'01 - Clear','05 - Dusk','01 - Dry','01 - Traffic signal',-0.749986,'P.D. only',Injury,'03 - Rear end',downtown,0
Weekends,Night,Road,'01 - Clear','07 - Dark','06 - Ice','01 - Traffic signal',-0.853655,'P.D. only',Injury,'03 - Rear end',Ottawa_west,0
Weekday,Mid_Night,Road,'01 - Clear','07 - Dark','01 - Dry','10 - No control',-0.802815,'P.D. only',Injury,'05 - Turning movement',Ottawa_east,0
Weekends,Evening,Road,'01 - Clear','01 - Daylight','01 - Dry','10 - No control',-0.628865,'P.D. only',Injury,'05 - Turning movement',mid_town,0
Weekday,Afternoon,Road,'01 - Clear','01 - Daylight','01 - Dry','02 - Stop sign',-0.499997,'P.D. only',Injury,'05 - Turning movement',Ottawa_east,0
Weekday,Evening,Road,'01 - Clear','01 - Daylight','01 - Dry','01 - Traffic signal',-0.49367,'P.D. only',Injury,'05 - Turning movement',downtown,0
Weekday,Night,highway,'02 - Rain','01 - Daylight','02 - Wet','10 - No control',-0.999951,'P.D. only',Injury,'03 - Rear end',Ottawa_west,0
Weekday,Mid_Night,highway,'01 - Clear','07 - Dark','01 - Dry','10 - No control',-0.399994,'P.D. only',Injury,'07 - SMV other',downtown,0
Weekday,Evening,Road,'00 - Unknown','01 - Daylight','00 - Unknown','01 - Traffic signal',-0.999985,'P.D. only',Injury,'99 - Other',downtown,0
Weekday,Evening,Road,'01 - Clear','01 - Daylight','01 - Dry','01 - Traffic signal',-0.666666,'P.D. only',Injury,'03 - Rear end',downtown,0
Weekends,Afternoon,Road,'01 - Clear','01 - Daylight','01 - Dry','10 - No control',-0.599994,'P.D. only',Injury,'99 - Other',Ottawa_east,0
Weekday,Evening,highway,'01 - Clear','01 - Daylight','01 - Dry','01 - Traffic signal',-0.499982,'P.D. only',Injury,'02 - Angle',downtown,0
Weekday,Morning,highway,'01 - Clear','07 - Dark','06 - Ice','01 - Traffic signal',-0.999951,'P.D. only',Injury,'02 - Angle',mid_town,0
Weekday,Noon,Road,'01 - Clear','01 - Daylight','06 - Ice','01 - Traffic signal',-0.999951,'P.D. only',Injury,'03 - Rear end',downtown,0
Weekday,Evening,Road,'03 - Snow','01 - Daylight','03 - Loose snow','01 - Traffic signal',-0.599994,'P.D. only',Injury,'03 - Rear end',downtown,0
Weekends,Noon,Road,'01 - Clear','01 - Daylight','01 - Dry','01 - Traffic signal',-0.090908,'P.D. only',Injury,'02 - Angle',Ottawa_west,0
Weekday,Noon,Road,'01 - Clear','07 - Dark','03 - Loose snow','10 - No control',-0.647053,'P.D. only',Injury,'99 - Other',mid_town,0
Weekday,Mid_Night,Road,'01 - Clear','07 - Dark','01 - Dry','01 - Traffic signal',-0.714278,'P.D. only',Injury,'02 - Angle',mid_town,0
Weekday,Evening,Road,'01 - Clear','01 - Daylight','01 - Dry','01 - Traffic signal',-0.547169,'P.D. only',Injury,'03 - Rear end',mid_town,0
Weekday,Evening,Road,'02 - Rain','01 - Daylight','02 - Wet','02 - Stop sign',-0.263156,'P.D. only',Injury,'02 - Angle',mid_town,0
Weekday,Night,Road,'01 - Clear','01 - Daylight','01 - Dry','02 - Stop sign',-0.624994,'P.D. only',Injury,'05 - Turning movement',downtown,0
Weekday,Night,Road,'01 - Clear','07 - Dark','01 - Dry','10 - No control',-0.333317,'P.D. only',Injury,'07 - SMV other',downtown,0
Weekday,Night,Road,'01 - Clear','01 - Daylight','01 - Dry','01 - Traffic signal',-0.599999,'P.D. only',Injury,'05 - Turning movement',downtown,0
Weekday,Afternoon,Road,'01 - Clear','01 - Daylight','01 - Dry','10 - No control',-0.499997,'P.D. only',Injury,'03 - Rear end',downtown,0
Weekday,Night,highway,'01 - Clear','07 - Dark','01 - Dry','10 - No control',-0.599982,'P.D. only',Injury,'03 - Rear end',Ottawa_west,0
Weekday,Mid_Night,Road,'01 - Clear','07 - Dark','02 - Wet','01 - Traffic signal',-0.999951,'P.D. only',Injury,'02 - Angle',downtown,0
Weekday,Evening,highway,'01 - Clear','01 - Daylight','01 - Dry','10 - No control',-0.714283,'P.D. only',Injury,'99 - Other',mid_town,0
Weekday,Early_Morning,highway,'02 - Rain','07 - Dark','02 - Wet','10 - No control',-0.333317,'P.D. only',Injury,'07 - SMV other',mid_town,0
Weekday,Night,Road,'01 - Clear','07 - Dark','01 - Dry','01 - Traffic signal',-0.499982,'P.D. only',Injury,'02 - Angle',downtown,0
Weekends,Morning,Road,'02 - Rain','07 - Dark','02 - Wet','10 - No control',-0.599982,'P.D. only',Injury,'07 - SMV other',downtown,0
Weekday,Evening,Road,'03 - Snow','01 - Daylight','04 - Slush','01 - Traffic signal',-0.999985,'P.D. only',Injury,'04 - Sideswipe',downtown,0
Weekday,Early_Morning,highway,'01 - Clear','07 - Dark','01 - Dry','10 - No control',-0.677416,'P.D. only',Injury,'07 - SMV other',Ottawa_south,0
Weekends,Morning,highway,'01 - Clear','03 - Dawn','01 - Dry','10 - No control',-0.517239,'P.D. only',Injury,'07 - SMV other',Ottawa_east,0
Weekday,Mid_Night,Road,'02 - Rain','07 - Dark','02 - Wet','01 - Traffic signal',-0.599982,'P.D. only',Injury,'05 - Turning movement',downtown,0
Weekday,Evening,Road,'01 - Clear','01 - Daylight','01 - Dry','01 - Traffic signal',-0.49367,'P.D. only',Injury,'05 - Turning movement',downtown,0
Weekday,Noon,Road,'01 - Clear','01 - Daylight','01 - Dry','01 - Traffic signal',-0.999989,'P.D. only',Injury,'03 - Rear end',Ottawa_west,0
Weekends,Evening,Road,'01 - Clear','01 - Daylight','01 - Dry','02 - Stop sign',-0.999951,'P.D. only',Injury,'02 - Angle',Ottawa_west,0
Weekday,Evening,Road,'01 - Clear','01 - Daylight','01 - Dry','10 - No control',0,Injury,Injury,'07 - SMV other',Ottawa_east,0
Weekends,Evening,Road,'01 - Clear','01 - Daylight','01 - Dry','01 - Traffic signal',-0.599991,'P.D. only',Injury,'02 - Angle',downtown,0
Weekday,Morning,Road,'01 - Clear','01 - Daylight','01 - Dry','02 - Stop sign',-0.326732,'P.D. only',Injury,'02 - Angle',downtown,0
Weekday,Mid_Night,Road,'01 - Clear','07 - Dark','04 - Slush','01 - Traffic signal',-0.999976,'P.D. only',Injury,'02 - Angle',Ottawa_east,0
Weekday,Night,Road,'01 - Clear','01 - Daylight','02 - Wet','10 - No control',-0.999963,'P.D. only',Injury,'03 - Rear end',Ottawa_east,0
Weekday,Mid_Night,Road,'03 - Snow','07 - Dark','03 - Loose snow','01 - Traffic signal',-0.749995,'P.D. only',Injury,'07 - SMV other',downtown,0
Weekday,Noon,Road,'01 - Clear','01 - Daylight','03 - Loose snow','10 - No control',-0.999989,'P.D. only',Injury,'02 - Angle',mid_town,0
Weekday,Night,Road,'01 - Clear','01 - Daylight','01 - Dry','01 - Traffic signal',-0.619834,'P.D. only',Injury,'03 - Rear end',mid_town,0
Weekday,Night,Road,'01 - Clear','01 - Daylight','01 - Dry','10 - No control',-0.454539,'P.D. only',Injury,'07 - SMV other',Ottawa_east,0
Weekday,Evening,Road,'01 - Clear','01 - Daylight','02 - Wet','01 - Traffic signal',-0.6923,'P.D. only',Injury,'03 - Rear end',mid_town,0
Weekday,Night,Road,'01 - Clear','01 - Daylight','01 - Dry','01 - Traffic signal',-0.466662,'P.D. only',Injury,'05 - Turning movement',Ottawa_west,0
Weekday,Noon,Road,'03 - Snow','01 - Daylight','01 - Dry','02 - Stop sign',0.6923,Injury,Injury,'07 - SMV other',mid_town,1
Weekday,Morning,Road,'01 - Clear','07 - Dark','06 - Ice','10 - No control',-0.499991,'P.D. only',Injury,'07 - SMV other',Ottawa_east,0
Weekday,Mid_Night,Road,'01 - Clear','07 - Dark','01 - Dry','01 - Traffic signal',-0.692304,'P.D. only',Injury,'03 - Rear end',downtown,0
Weekday,Noon,Road,'01 - Clear','01 - Daylight','01 - Dry','01 - Traffic signal',0.759996,Injury,Injury,'07 - SMV other',mid_town,1
Weekday,Night,Road,'02 - Rain','01 - Daylight','02 - Wet','01 - Traffic signal',0.199997,Injury,Injury,'07 - SMV other',downtown,1
Weekday,Afternoon,Road,'02 - Rain','01 - Daylight','02 - Wet','01 - Traffic signal',0.384611,Injury,Injury,'07 - SMV other',downtown,1
Weekday,Noon,Road,'01 - Clear','01 - Daylight','01 - Dry','01 - Traffic signal',-0.111109,'P.D. only',Injury,'05 - Turning movement',Ottawa_east,0
Weekends,Mid_Night,Road,'01 - Clear','07 - Dark','01 - Dry','02 - Stop sign',-0.285711,'P.D. only',Injury,'02 - Angle',mid_town,0
Weekday,Night,Road,'01 - Clear','01 - Daylight','02 - Wet','02 - Stop sign',-0.142854,'P.D. only',Injury,'07 - SMV other',Ottawa_east,2
Weekday,Noon,Road,'01 - Clear','01 - Daylight','01 - Dry','01 - Traffic signal',-0.702125,'P.D. only',Injury,'03 - Rear end',mid_town,0
Weekday,Mid_Night,Road,'01 - Clear','01 - Daylight','01 - Dry','10 - No control',-0.674796,'P.D. only',Injury,'04 - Sideswipe',downtown,0
Weekday,Mid_Night,Road,'01 - Clear','01 - Daylight','02 - Wet','01 - Traffic signal',-0.333317,'P.D. only',Injury,'07 - SMV other',Ottawa_east,0
Weekends,Night,Road,'01 - Clear','01 - Daylight','01 - Dry','02 - Stop sign',-0.411761,'P.D. only',Injury,'07 - SMV other',Ottawa_south,0
Weekday,Noon,Road,'01 - Clear','01 - Daylight','02 - Wet','02 - Stop sign',-0.35294,'P.D. only',Injury,'02 - Angle',mid_town,0
Weekday,Mid_Night,Road,'01 - Clear','01 - Daylight','01 - Dry','10 - No control',0.66665,Injury,Injury,'07 - SMV other',Ottawa_south,1
Weekday,Evening,Road,'01 - Clear','01 - Daylight','01 - Dry','01 - Traffic signal',-0.49367,'P.D. only',Injury,'05 - Turning movement',downtown,0
Weekday,Evening,Road,'01 - Clear','01 - Daylight','01 - Dry','01 - Traffic signal',-0.357141,'P.D. only',Injury,'02 - Angle',mid_town,0
Weekends,Mid_Night,Road,'01 - Clear','01 - Daylight','01 - Dry','02 - Stop sign',-0.483869,'P.D. only',Injury,'02 - Angle',downtown,0
Weekday,Morning,highway,'01 - Clear','07 - Dark','01 - Dry','10 - No control',-0.999963,'P.D. only',Injury,'07 - SMV other',Ottawa_west,0
Weekday,Mid_Night,Road,'01 - Clear','07 - Dark','02 - Wet','02 - Stop sign',-0.555547,'P.D. only',Injury,'07 - SMV other',mid_town,0
Weekday,Evening,Road,'01 - Clear','01 - Daylight','01 - Dry','01 - Traffic signal',-0.357141,'P.D. only',Injury,'02 - Angle',mid_town,0
Weekends,Night,highway,'01 - Clear','07 - Dark','01 - Dry','10 - No control',-0.999971,'P.D. only',Injury,'03 - Rear end',downtown,0
Weekday,Noon,Road,'01 - Clear','01 - Daylight','05 - Packed snow','02 - Stop sign',-0.199994,'P.D. only',Injury,'02 - Angle',Ottawa_east,0
Weekday,Noon,Road,'02 - Rain','01 - Daylight','02 - Wet','10 - No control',-0.999985,'P.D. only',Injury,'03 - Rear end',mid_town,0
Weekday,Night,Road,'01 - Clear','01 - Daylight','02 - Wet','01 - Traffic signal',0.942853,Injury,Injury,'07 - SMV other',downtown,1
Weekday,Night,Road,'01 - Clear','07 - Dark','01 - Dry','01 - Traffic signal',-0.653332,'P.D. only',Injury,'03 - Rear end',Ottawa_south,0
Weekday,Night,Road,'01 - Clear','01 - Daylight','01 - Dry','01 - Traffic signal',0.999991,Injury,Injury,'07 - SMV other',downtown,1
Weekday,Afternoon,Road,'01 - Clear','01 - Daylight','01 - Dry','10 - No control',-0.499997,'P.D. only',Injury,'03 - Rear end',downtown,0
Weekday,Night,Road,'01 - Clear','01 - Daylight','01 - Dry','01 - Traffic signal',-0.619834,'P.D. only',Injury,'03 - Rear end',mid_town,0
Weekends,Afternoon,Road,'01 - Clear','01 - Daylight','01 - Dry','01 - Traffic signal',0.529407,Injury,Injury,'07 - SMV other',downtown,1
Weekends,Evening,Road,'01 - Clear','01 - Daylight','01 - Dry','01 - Traffic signal',-0.599991,'P.D. only',Injury,'02 - Angle',downtown,0
Weekday,Evening,highway,'01 - Clear','01 - Daylight','01 - Dry','01 - Traffic signal',-0.499982,'P.D. only',Injury,'02 - Angle',downtown,0
Weekends,Mid_Night,Road,'01 - Clear','07 - Dark','04 - Slush','02 - Stop sign',0.777765,Injury,Injury,'07 - SMV other',downtown,1
Weekday,Noon,highway,'01 - Clear','01 - Daylight','01 - Dry','10 - No control',-0.632183,'P.D. only',Injury,'07 - SMV other',Ottawa_west,0
Weekday,Afternoon,highway,'02 - Rain','01 - Daylight','02 - Wet','10 - No control',-0.799988,'P.D. only',Injury,'03 - Rear end',Ottawa_west,0
Weekday,Night,Road,'01 - Clear','01 - Daylight','01 - Dry','02 - Stop sign',-0.499982,'P.D. only',Injury,'05 - Turning movement',mid_town,0
Weekends,Afternoon,Road,'01 - Clear','01 - Daylight','01 - Dry','10 - No control',-0.782606,'P.D. only',Injury,'02 - Angle',mid_town,0
Weekday,Noon,Road,'03 - Snow','03 - Dawn','03 - Loose snow','01 - Traffic signal',-0.857138,'P.D. only',Injury,'05 - Turning movement',mid_town,0
Weekends,Mid_Night,highway,'02 - Rain','07 - Dark','02 - Wet','01 - Traffic signal',-0.999951,'P.D. only',Injury,'02 - Angle',downtown,0
Weekday,Night,Road,'01 - Clear','07 - Dark','01 - Dry','01 - Traffic signal',-0.999963,'P.D. only',Injury,'04 - Sideswipe',downtown,0
Weekday,Afternoon,Road,'01 - Clear','01 - Daylight','01 - Dry','01 - Traffic signal',-0.599998,'P.D. only',Injury,'03 - Rear end',downtown,0
Weekday,Afternoon,Road,'01 - Clear','01 - Daylight','02 - Wet','10 - No control',-0.333325,'P.D. only',Injury,'03 - Rear end',downtown,0
Weekday,Afternoon,Road,'01 - Clear','01 - Daylight','01 - Dry','01 - Traffic signal',-0.999982,'P.D. only',Injury,'03 - Rear end',Ottawa_west,0
Weekday,Afternoon,highway,'04 - Freezing Rain','01 - Daylight','06 - Ice','10 - No control',-0.999951,'P.D. only',Injury,'07 - SMV other',Ottawa_west,0
Weekends,Mid_Night,Road,'01 - Clear','07 - Dark','01 - Dry','01 - Traffic signal',-0.333317,'P.D. only',Injury,'02 - Angle',Ottawa_south,0
Weekday,Noon,Road,'02 - Rain','03 - Dawn','02 - Wet','10 - No control',-0.733326,'P.D. only',Injury,'03 - Rear end',mid_town,0
Weekends,Evening,Road,'02 - Rain','01 - Daylight','02 - Wet','01 - Traffic signal',0.333325,Injury,Injury,'07 - SMV other',downtown,1
Weekday,Mid_Night,highway,'05 - Drifting Snow','07 - Dark','03 - Loose snow','10 - No control',-0.65217,'P.D. only',Injury,'03 - Rear end',mid_town,0
Weekday,Noon,Road,'02 - Rain','03 - Dawn','02 - Wet','01 - Traffic signal',-0.599991,'P.D. only',Injury,'05 - Turning movement',mid_town,0
Weekday,Noon,Road,'01 - Clear','01 - Daylight','02 - Wet','10 - No control',0.555547,Injury,Injury,'07 - SMV other',downtown,1
Weekday,Evening,Road,'02 - Rain','01 - Daylight','01 - Dry','10 - No control',-0.99999,'P.D. only',Injury,'07 - SMV other',downtown,0
Weekday,Evening,Road,'01 - Clear','01 - Daylight','01 - Dry','02 - Stop sign',-0.393938,'P.D. only',Injury,'07 - SMV other',Ottawa_east,0
Weekends,Evening,Road,'01 - Clear','01 - Daylight','01 - Dry','10 - No control',0.866658,Injury,Injury,'07 - SMV other',downtown,1
Weekday,Night,Road,'02 - Rain','01 - Daylight','02 - Wet','10 - No control',-0.666661,'P.D. only',Injury,'03 - Rear end',downtown,0
Weekday,Noon,Road,'01 - Clear','01 - Daylight','01 - Dry','01 - Traffic signal',-0.85185,'P.D. only',Injury,'03 - Rear end',downtown,0
Weekends,Evening,highway,'03 - Snow','01 - Daylight','05 - Packed snow','10 - No control',-0.777765,'P.D. only',Injury,'04 - Sideswipe',Ottawa_west,0
Weekday,Early_Morning,Road,'02 - Rain','07 - Dark','02 - Wet','10 - No control',-0.555547,'P.D. only',Injury,'07 - SMV other',Ottawa_west,0
Weekday,Night,highway,'01 - Clear','01 - Daylight','01 - Dry','10 - No control',-0.610388,'P.D. only',Injury,'03 - Rear end',downtown,0
Weekday,Noon,Road,'01 - Clear','01 - Daylight','01 - Dry','01 - Traffic signal',0.846144,Injury,Injury,'07 - SMV other',Ottawa_south,1
Weekday,Evening,Road,'01 - Clear','01 - Daylight','02 - Wet','01 - Traffic signal',-0.6923,'P.D. only',Injury,'03 - Rear end',mid_town,0
Weekday,Night,Road,'01 - Clear','01 - Daylight','01 - Dry','01 - Traffic signal',-0.466662,'P.D. only',Injury,'05 - Turning movement',Ottawa_west,0
Weekday,Evening,Road,'01 - Clear','01 - Daylight','01 - Dry','01 - Traffic signal',-0.547169,'P.D. only',Injury,'03 - Rear end',mid_town,0
Weekends,Evening,Road,'01 - Clear','01 - Daylight','01 - Dry','01 - Traffic signal',-0.999951,'P.D. only',Injury,'05 - Turning movement',Ottawa_east,0
Weekday,Afternoon,Road,'01 - Clear','01 - Daylight','01 - Dry','01 - Traffic signal',-0.519997,'P.D. only',Injury,'05 - Turning movement',downtown,0
Weekday,Evening,Road,'01 - Clear','01 - Daylight','01 - Dry','01 - Traffic signal',-0.499982,'P.D. only',Injury,'99 - Other',mid_town,0
Weekday,Afternoon,Road,'01 - Clear','01 - Daylight','02 - Wet','02 - Stop sign',-0.999951,'P.D. only',Injury,'02 - Angle',downtown,0
Weekday,Night,Road,'01 - Clear','01 - Daylight','01 - Dry','01 - Traffic signal',-0.767439,'P.D. only',Injury,'04 - Sideswipe',downtown,0
Weekday,Night,Road,'01 - Clear','01 - Daylight','01 - Dry','02 - Stop sign',0,Injury,Injury,'02 - Angle',Ottawa_east,0
Weekday,Night,Road,'02 - Rain','01 - Daylight','02 - Wet','10 - No control',-0.666661,'P.D. only',Injury,'03 - Rear end',downtown,0
Weekday,Night,highway,'01 - Clear','07 - Dark','01 - Dry','10 - No control',-0.333328,'P.D. only',Injury,'03 - Rear end',mid_town,0
Weekday,Evening,Road,'01 - Clear','01 - Daylight','02 - Wet','02 - Stop sign',-0.636355,'P.D. only',Injury,'07 - SMV other',mid_town,0
Weekday,Noon,Road,'01 - Clear','01 - Daylight','01 - Dry','01 - Traffic signal',0.199994,Injury,Injury,'02 - Angle',mid_town,0
Weekday,Evening,Road,'01 - Clear','01 - Daylight','01 - Dry','01 - Traffic signal',-0.666666,'P.D. only',Injury,'03 - Rear end',downtown,0
Weekends,Evening,Road,'01 - Clear','01 - Daylight','01 - Dry','02 - Stop sign',-0.999951,'P.D. only',Injury,'02 - Angle',mid_town,0
Weekday,Noon,Road,'01 - Clear','01 - Daylight','04 - Slush','02 - Stop sign',-0.199994,'P.D. only',Injury,'03 - Rear end',Ottawa_east,0
Weekday,Evening,Road,'01 - Clear','01 - Daylight','02 - Wet','01 - Traffic signal',0,Injury,Injury,'02 - Angle',mid_town,0
Weekday,Evening,Road,'01 - Clear','01 - Daylight','01 - Dry','01 - Traffic signal',-0.454539,'P.D. only',Injury,'02 - Angle',Ottawa_east,0
Weekday,Noon,Road,'01 - Clear','01 - Daylight','01 - Dry','10 - No control',-0.999971,'P.D. only',Injury,'06 - SMV unattended vehicle',Ottawa_west,0
Weekday,Mid_Night,Road,'01 - Clear','07 - Dark','01 - Dry','10 - No control',-0.714281,'P.D. only',Injury,'03 - Rear end',downtown,0
Weekday,Noon,Road,'01 - Clear','01 - Daylight','01 - Dry','01 - Traffic signal',0.199994,Injury,Injury,'02 - Angle',mid_town,0
Weekday,Night,Road,'01 - Clear','01 - Daylight','01 - Dry','01 - Traffic signal',-0.705426,'P.D. only',Injury,'03 - Rear end',downtown,0
Weekday,Evening,Road,'01 - Clear','01 - Daylight','02 - Wet','10 - No control',-0.272724,'P.D. only',Injury,'03 - Rear end',downtown,0
Weekday,Afternoon,Road,'01 - Clear','01 - Daylight','01 - Dry','02 - Stop sign',0.789468,Injury,Injury,'07 - SMV other',downtown,1
Weekday,Evening,Road,'01 - Clear','01 - Daylight','01 - Dry','01 - Traffic signal',-0.666666,'P.D. only',Injury,'03 - Rear end',downtown,0
Weekday,Afternoon,Road,'01 - Clear','01 - Daylight','01 - Dry','02 - Stop sign',0.142854,Injury,Injury,'07 - SMV other',mid_town,1
Weekday,Evening,Road,'01 - Clear','01 - Daylight','02 - Wet','01 - Traffic signal',-0.599996,'P.D. only',Injury,'03 - Rear end',downtown,0
Weekday,Night,Road,'01 - Clear','01 - Daylight','01 - Dry','10 - No control',-0.263156,'P.D. only',Injury,'05 - Turning movement',mid_town,0
Weekday,Early_Morning,Road,'03 - Snow','07 - Dark','02 - Wet','01 - Traffic signal',-0.499982,'P.D. only',Injury,'05 - Turning movement',downtown,0
Weekday,Evening,Road,'01 - Clear','01 - Daylight','01 - Dry','02 - Stop sign',-0.199994,'P.D. only',Injury,'03 - Rear end',Ottawa_south,0
Weekday,Noon,Road,'01 - Clear','01 - Daylight','01 - Dry','10 - No control',-0.499998,'P.D. only',Injury,'03 - Rear end',mid_town,0
Weekday,Night,Road,'01 - Clear','07 - Dark','01 - Dry','01 - Traffic signal',-0.111109,'P.D. only',Injury,'05 - Turning movement',mid_town,0
Weekday,Noon,Road,'01 - Clear','01 - Daylight','01 - Dry','02 - Stop sign',-0.384611,'P.D. only',Injury,'02 - Angle',mid_town,0
Weekday,Mid_Night,Road,'02 - Rain','07 - Dark','02 - Wet','10 - No control',-0.999976,'P.D. only',Injury,'01 - Approaching',mid_town,0
Weekday,Noon,Road,'01 - Clear','01 - Daylight','01 - Dry','10 - No control',-0.428567,'P.D. only',Injury,'03 - Rear end',Ottawa_east,0
Weekends,Night,Road,'01 - Clear','01 - Daylight','01 - Dry','01 - Traffic signal',0.111109,Injury,Injury,'05 - Turning movement',mid_town,0
Weekends,Evening,Road,'02 - Rain','01 - Daylight','02 - Wet','01 - Traffic signal',-0.333329,'P.D. only',Injury,'05 - Turning movement',Ottawa_west,0
Weekday,Afternoon,Road,'01 - Clear','01 - Daylight','01 - Dry','01 - Traffic signal',-0.641025,'P.D. only',Injury,'01 - Approaching',downtown,0
Weekends,Evening,highway,'01 - Clear','01 - Daylight','01 - Dry','10 - No control',-0.999951,'P.D. only',Injury,'07 - SMV other',mid_town,0
Weekday,Night,Road,'01 - Clear','01 - Daylight','02 - Wet','01 - Traffic signal',-0.555547,'P.D. only',Injury,'03 - Rear end',downtown,0
Weekends,Evening,Road,'01 - Clear','01 - Daylight','01 - Dry','01 - Traffic signal',0.999951,Injury,Injury,'07 - SMV other',downtown,1
Weekday,Evening,Road,'01 - Clear','01 - Daylight','01 - Dry','01 - Traffic signal',0.999951,Injury,Injury,'07 - SMV other',mid_town,1
Weekends,Evening,Road,'01 - Clear','01 - Daylight','01 - Dry','01 - Traffic signal',-0.999976,'P.D. only',Injury,'03 - Rear end',Ottawa_west,0
Weekends,Evening,Road,'01 - Clear','01 - Daylight','01 - Dry','10 - No control',-0.571423,'P.D. only',Injury,'03 - Rear end',mid_town,0
Weekends,Night,Road,'02 - Rain','05 - Dusk','02 - Wet','10 - No control',-0.999963,'P.D. only',Injury,'07 - SMV other',Ottawa_west,0
Weekday,Night,Road,'01 - Clear','01 - Daylight','01 - Dry','01 - Traffic signal',-0.705426,'P.D. only',Injury,'03 - Rear end',downtown,0
Weekends,Night,Road,'01 - Clear','01 - Daylight','01 - Dry','10 - No control',-0.499982,'P.D. only',Injury,'07 - SMV other',downtown,0
Weekends,Mid_Night,Road,'01 - Clear','07 - Dark','01 - Dry','02 - Stop sign',-0.285711,'P.D. only',Injury,'02 - Angle',mid_town,0
Weekday,Night,Road,'01 - Clear','01 - Daylight','01 - Dry','02 - Stop sign',-0.466662,'P.D. only',Injury,'02 - Angle',Ottawa_west,0
Weekends,Evening,Road,'03 - Snow','01 - Daylight','04 - Slush','01 - Traffic signal',-0.999963,'P.D. only',Injury,'03 - Rear end',downtown,0
Weekday,Night,Road,'01 - Clear','01 - Daylight','01 - Dry','10 - No control',-0.571428,'P.D. only',Injury,'03 - Rear end',downtown,0
Weekends,Evening,Road,'01 - Clear','01 - Daylight','01 - Dry','10 - No control',-0.999979,'P.D. only',Injury,'03 - Rear end',Ottawa_south,0
Weekday,Mid_Night,Road,'01 - Clear','07 - Dark','01 - Dry','01 - Traffic signal',-0.523806,'P.D. only',Injury,'02 - Angle',downtown,0
Weekday,Mid_Night,highway,'01 - Clear','07 - Dark','01 - Dry','10 - No control',-0.499991,'P.D. only',Injury,'04 - Sideswipe',mid_town,0
Weekends,Evening,Road,'03 - Snow','01 - Daylight','06 - Ice','01 - Traffic signal',-0.777765,'P.D. only',Injury,'02 - Angle',downtown,0
Weekends,Afternoon,Road,'01 - Clear','01 - Daylight','01 - Dry','01 - Traffic signal',-0.6923,'P.D. only',Injury,'03 - Rear end',mid_town,0
Weekends,Night,Road,'01 - Clear','07 - Dark','01 - Dry','01 - Traffic signal',-0.172413,'P.D. only',Injury,'05 - Turning movement',mid_town,0
Weekday,Mid_Night,Road,'02 - Rain','07 - Dark','02 - Wet','01 - Traffic signal',-0.599982,'P.D. only',Injury,'05 - Turning movement',downtown,0