DATE,TIME,Road_type,ENVIRONMENT,LIGHT,SURFACE_CONDITION,TRAFFIC_CONTROL,'prediction margin','predicted COLLISION_CLASSIFICATION',COLLISION_CLASSIFICATION,IMPACT_TYPE,Location,NO_OF_PEDESTRIANS
Weekends,Night,Road,'01 - Clear','01 - Daylight','01 - Dry','10 - No control',0.999976,'P.D. only','P.D. only','02 - Angle',downtown,0
Weekday,Night,Road,'01 - Clear','05 - Dusk','02 - Wet','10 - No control',0.999982,'P.D. only','P.D. only','02 - Angle',Ottawa_east,0
Weekday,Night,Road,'01 - Clear','01 - Daylight','01 - Dry','02 - Stop sign',0.663999,'P.D. only','P.D. only','03 - Rear end',Ottawa_east,0
Weekday,Mid_Night,Road,'02 - Rain','07 - Dark','02 - Wet','01 - Traffic signal',0.749986,'P.D. only','P.D. only','07 - SMV other',Ottawa_east,0
Weekday,Night,Road,'01 - Clear','01 - Daylight','01 - Dry','10 - No control',0.763156,'P.D. only','P.D. only','04 - Sideswipe',downtown,0
Weekday,Evening,Road,'01 - Clear','01 - Daylight','01 - Dry','01 - Traffic signal',0.92727,'P.D. only','P.D. only','04 - Sideswipe',downtown,0
Weekday,Noon,Road,'01 - Clear','01 - Daylight','01 - Dry','01 - Traffic signal',0.090908,'P.D. only','P.D. only','02 - Angle',Ottawa_east,0
Weekday,Night,Road,'01 - Clear','01 - Daylight','01 - Dry','01 - Traffic signal',0.435896,'P.D. only','P.D. only','05 - Turning movement',mid_town,0
Weekday,Night,Road,'01 - Clear','07 - Dark','01 - Dry','10 - No control',0.538455,'P.D. only','P.D. only','03 - Rear end',mid_town,0
Weekday,Mid_Night,Road,'02 - Rain','07 - Dark','02 - Wet','10 - No control',0.428568,'P.D. only','P.D. only','03 - Rear end',downtown,0
Weekday,Night,Road,'01 - Clear','01 - Daylight','01 - Dry','10 - No control',0.874992,'P.D. only','P.D. only','06 - SMV unattended vehicle',mid_town,0
Weekday,Night,Road,'02 - Rain','01 - Daylight','02 - Wet','10 - No control',0.636359,'P.D. only','P.D. only','03 - Rear end',mid_town,0
Weekday,Night,Road,'01 - Clear','01 - Daylight','01 - Dry','10 - No control',0.547618,'P.D. only','P.D. only','03 - Rear end',downtown,0
Weekday,Night,Road,'01 - Clear','01 - Daylight','01 - Dry','10 - No control',0.599991,'P.D. only','P.D. only','02 - Angle',Ottawa_east,0
Weekday,Mid_Night,Road,'01 - Clear','07 - Dark','01 - Dry','10 - No control',0.799988,'P.D. only','P.D. only','06 - SMV unattended vehicle',mid_town,0
Weekday,Night,Road,'01 - Clear','01 - Daylight','01 - Dry','01 - Traffic signal',0.685714,'P.D. only','P.D. only','03 - Rear end',downtown,0
Weekday,Evening,Road,'01 - Clear','01 - Daylight','02 - Wet','02 - Stop sign',0.559321,'P.D. only','P.D. only','03 - Rear end',downtown,0
Weekends,Evening,Road,'01 - Clear','01 - Daylight','01 - Dry','10 - No control',0.777771,'P.D. only','P.D. only','04 - Sideswipe',downtown,0
Weekday,Evening,Road,'03 - Snow','01 - Daylight','03 - Loose snow','10 - No control',0.692305,'P.D. only','P.D. only','01 - Approaching',downtown,0
Weekends,Night,Road,'01 - Clear','01 - Daylight','01 - Dry','10 - No control',0.999979,'P.D. only','P.D. only','03 - Rear end',downtown,0
Weekday,Night,Road,'01 - Clear','05 - Dusk','03 - Loose snow','10 - No control',0.854543,'P.D. only','P.D. only','02 - Angle',Ottawa_west,0
Weekday,Night,highway,'01 - Clear','01 - Daylight','01 - Dry','10 - No control',0.714282,'P.D. only','P.D. only','03 - Rear end',mid_town,0
Weekday,Mid_Night,Road,'01 - Clear','07 - Dark','01 - Dry','02 - Stop sign',0.731342,'P.D. only','P.D. only','03 - Rear end',mid_town,0
Weekday,Evening,Road,'01 - Clear','01 - Daylight','01 - Dry','01 - Traffic signal',0.249998,'P.D. only','P.D. only','02 - Angle',mid_town,0
Weekday,Evening,Road,'01 - Clear','01 - Daylight','01 - Dry','10 - No control',0.473681,'P.D. only','P.D. only','02 - Angle',mid_town,0
Weekday,Noon,Road,'01 - Clear','01 - Daylight','01 - Dry','01 - Traffic signal',0.599998,'P.D. only','P.D. only','03 - Rear end',mid_town,0
Weekends,Afternoon,highway,'04 - Freezing Rain','01 - Daylight','02 - Wet','01 - Traffic signal',0.199994,'P.D. only','P.D. only','03 - Rear end',mid_town,0
Weekday,Evening,Road,'02 - Rain','01 - Daylight','02 - Wet','10 - No control',0.749995,'P.D. only','P.D. only','07 - SMV other',Ottawa_west,0
Weekday,Mid_Night,Road,'01 - Clear','07 - Dark','06 - Ice','10 - No control',0.724134,'P.D. only','P.D. only','03 - Rear end',mid_town,0
Weekday,Afternoon,highway,'01 - Clear','01 - Daylight','01 - Dry','01 - Traffic signal',0.849054,'P.D. only','P.D. only','03 - Rear end',mid_town,0
Weekday,Noon,Road,'01 - Clear','01 - Daylight','01 - Dry','01 - Traffic signal',0.071428,'P.D. only','P.D. only','05 - Turning movement',downtown,0
Weekday,Night,Road,'02 - Rain','01 - Daylight','02 - Wet','10 - No control',0.999951,'P.D. only','P.D. only','05 - Turning movement',downtown,0
Weekday,Noon,Road,'01 - Clear','01 - Daylight','05 - Packed snow','02 - Stop sign',0.714282,'P.D. only','P.D. only','99 - Other',Ottawa_west,0
Weekday,Afternoon,Road,'03 - Snow','01 - Daylight','06 - Ice','10 - No control',0.999971,'P.D. only','P.D. only','07 - SMV other',Ottawa_west,0
Weekday,Night,Road,'01 - Clear','01 - Daylight','01 - Dry','01 - Traffic signal',0.499994,'P.D. only','P.D. only','05 - Turning movement',Ottawa_east,0
Weekday,Early_Morning,Road,'02 - Rain','07 - Dark','02 - Wet','10 - No control',0.466662,'P.D. only','P.D. only','07 - SMV other',Ottawa_south,0
Weekday,Night,Road,'01 - Clear','01 - Daylight','01 - Dry','01 - Traffic signal',0.435896,'P.D. only','P.D. only','05 - Turning movement',mid_town,0
Weekday,Night,Road,'01 - Clear','01 - Daylight','01 - Dry','02 - Stop sign',0.35135,'P.D. only','P.D. only','02 - Angle',downtown,0
Weekday,Night,Road,'01 - Clear','01 - Daylight','01 - Dry','01 - Traffic signal',0.685714,'P.D. only','P.D. only','03 - Rear end',downtown,0
Weekday,Evening,Road,'01 - Clear','01 - Daylight','01 - Dry','10 - No control',0.959181,'P.D. only','P.D. only','06 - SMV unattended vehicle',downtown,0
Weekday,Afternoon,Road,'05 - Drifting Snow','01 - Daylight','06 - Ice','10 - No control',0.999951,'P.D. only','P.D. only','07 - SMV other',Ottawa_west,0
Weekends,Mid_Night,Road,'01 - Clear','07 - Dark','01 - Dry','10 - No control',0.89473,'P.D. only','P.D. only','07 - SMV other',Ottawa_south,0
Weekday,Night,Road,'01 - Clear','07 - Dark','02 - Wet','10 - No control',0.655169,'P.D. only','P.D. only','03 - Rear end',Ottawa_east,0
Weekday,Noon,Road,'01 - Clear','01 - Daylight','01 - Dry','10 - No control',0.999963,'P.D. only','P.D. only','04 - Sideswipe',Ottawa_south,0
Weekday,Night,Road,'01 - Clear','01 - Daylight','01 - Dry','10 - No control',0.777774,'P.D. only','P.D. only','03 - Rear end',Ottawa_east,0
Weekday,Evening,highway,'01 - Clear','01 - Daylight','01 - Dry','10 - No control',0.916661,'P.D. only','P.D. only','04 - Sideswipe',downtown,0
Weekday,Evening,Road,'01 - Clear','01 - Daylight','01 - Dry','01 - Traffic signal',0.249998,'P.D. only','P.D. only','02 - Angle',mid_town,0
Weekday,Night,highway,'01 - Clear','01 - Daylight','01 - Dry','10 - No control',0.733326,'P.D. only','P.D. only','04 - Sideswipe',mid_town,0
Weekday,Night,highway,'01 - Clear','01 - Daylight','01 - Dry','10 - No control',0.714282,'P.D. only','P.D. only','03 - Rear end',mid_town,0
Weekday,Night,Road,'01 - Clear','01 - Daylight','01 - Dry','10 - No control',0.799997,'P.D. only','P.D. only','02 - Angle',downtown,0
Weekends,Afternoon,Road,'01 - Clear','01 - Daylight','02 - Wet','10 - No control',0.485712,'P.D. only','P.D. only','99 - Other',Ottawa_west,0
Weekday,Night,Road,'01 - Clear','01 - Daylight','01 - Dry','10 - No control',0.547618,'P.D. only','P.D. only','03 - Rear end',downtown,0
Weekday,Mid_Night,Road,'01 - Clear','07 - Dark','01 - Dry','01 - Traffic signal',0.777765,'P.D. only','P.D. only','03 - Rear end',Ottawa_east,0
Weekday,Afternoon,highway,'03 - Snow','01 - Daylight','06 - Ice','10 - No control',0.599982,'P.D. only','P.D. only','04 - Sideswipe',Ottawa_east,0
Weekday,Night,Road,'01 - Clear','05 - Dusk','01 - Dry','10 - No control',0.599982,'P.D. only','P.D. only','03 - Rear end',mid_town,0
Weekday,Noon,Road,'01 - Clear','01 - Daylight','01 - Dry','01 - Traffic signal',0.80769,'P.D. only','P.D. only','03 - Rear end',downtown,0
Weekends,Evening,Road,'01 - Clear','01 - Daylight','01 - Dry','02 - Stop sign',0.333317,'P.D. only','P.D. only','02 - Angle',Ottawa_south,0
Weekday,Noon,Road,'01 - Clear','01 - Daylight','01 - Dry','01 - Traffic signal',-0.111109,Injury,'P.D. only','05 - Turning movement',Ottawa_east,0
Weekends,Night,Road,'01 - Clear','01 - Daylight','01 - Dry','10 - No control',-0.199994,Injury,'P.D. only','05 - Turning movement',mid_town,0
Weekday,Night,Road,'01 - Clear','01 - Daylight','99 - Other','01 - Traffic signal',0.759998,'P.D. only','P.D. only','04 - Sideswipe',downtown,0
Weekends,Noon,Road,'01 - Clear','01 - Daylight','01 - Dry','10 - No control',0.333317,'P.D. only','P.D. only','07 - SMV other',Ottawa_south,0
Weekday,Evening,highway,'01 - Clear','01 - Daylight','01 - Dry','01 - Traffic signal',0.249995,'P.D. only','P.D. only','03 - Rear end',downtown,0
Weekends,Evening,Road,'01 - Clear','01 - Daylight','01 - Dry','10 - No control',0.799994,'P.D. only','P.D. only','03 - Rear end',downtown,0
Weekday,Mid_Night,Road,'03 - Snow','07 - Dark','02 - Wet','10 - No control',0.66665,'P.D. only','P.D. only','03 - Rear end',downtown,0
Weekday,Evening,Road,'01 - Clear','01 - Daylight','01 - Dry','01 - Traffic signal',0.582608,'P.D. only','P.D. only','03 - Rear end',mid_town,0
Weekday,Noon,Road,'01 - Clear','01 - Daylight','01 - Dry','10 - No control',0.999984,'P.D. only','P.D. only','02 - Angle',mid_town,0
Weekday,Noon,Road,'01 - Clear','01 - Daylight','01 - Dry','10 - No control',0.090908,'P.D. only','P.D. only','02 - Angle',downtown,0
Weekday,Mid_Night,Road,'03 - Snow','07 - Dark','03 - Loose snow','02 - Stop sign',0.999979,'P.D. only','P.D. only','04 - Sideswipe',mid_town,0
Weekday,Noon,Road,'01 - Clear','01 - Daylight','01 - Dry','01 - Traffic signal',0.071428,'P.D. only','P.D. only','05 - Turning movement',downtown,0
Weekday,Noon,Road,'01 - Clear','01 - Daylight','01 - Dry','01 - Traffic signal',0.294115,'P.D. only','P.D. only','05 - Turning movement',mid_town,0
Weekends,Mid_Night,Road,'02 - Rain','07 - Dark','02 - Wet','01 - Traffic signal',0.428562,'P.D. only','P.D. only','02 - Angle',Ottawa_west,0
Weekends,Mid_Night,Road,'01 - Clear','05 - Dusk','01 - Dry','01 - Traffic signal',0.647053,'P.D. only','P.D. only','03 - Rear end',downtown,0
Weekday,Noon,Road,'01 - Clear','01 - Daylight','01 - Dry','01 - Traffic signal',0.599998,'P.D. only','P.D. only','03 - Rear end',mid_town,0
Weekday,Noon,Road,'03 - Snow','01 - Daylight','04 - Slush','01 - Traffic signal',0.66665,'P.D. only','P.D. only','07 - SMV other',mid_town,0
Weekday,Evening,Road,'01 - Clear','01 - Daylight','01 - Dry','01 - Traffic signal',0.92727,'P.D. only','P.D. only','04 - Sideswipe',downtown,0
Weekday,Evening,Road,'02 - Rain','01 - Daylight','06 - Ice','10 - No control',0.999997,'P.D. only','P.D. only','06 - SMV unattended vehicle',mid_town,0
Weekends,Night,Road,'02 - Rain','05 - Dusk','02 - Wet','01 - Traffic signal',0.578943,'P.D. only','P.D. only','05 - Turning movement',Ottawa_east,0
Weekday,Afternoon,Road,'01 - Clear','01 - Daylight','02 - Wet','01 - Traffic signal',0.499982,'P.D. only','P.D. only','02 - Angle',downtown,0
Weekday,Night,Road,'01 - Clear','05 - Dusk','02 - Wet','02 - Stop sign',0.399994,'P.D. only','P.D. only','02 - Angle',Ottawa_south,0
Weekday,Afternoon,Road,'01 - Clear','01 - Daylight','01 - Dry','01 - Traffic signal',0.599982,'P.D. only','P.D. only','02 - Angle',mid_town,0
Weekday,Evening,Road,'01 - Clear','01 - Daylight','01 - Dry','01 - Traffic signal',0.6129,'P.D. only','P.D. only','03 - Rear end',Ottawa_west,0
Weekday,Noon,Road,'01 - Clear','01 - Daylight','02 - Wet','01 - Traffic signal',0.391304,'P.D. only','P.D. only','05 - Turning movement',downtown,0
Weekday,Evening,Road,'03 - Snow','01 - Daylight','03 - Loose snow','10 - No control',0.230767,'P.D. only','P.D. only','01 - Approaching',Ottawa_south,0
Weekday,Noon,Road,'00 - Unknown','07 - Dark','06 - Ice','10 - No control',0.714271,'P.D. only','P.D. only','06 - SMV unattended vehicle',downtown,0
Weekends,Night,Road,'01 - Clear','01 - Daylight','01 - Dry','01 - Traffic signal',0.523806,'P.D. only','P.D. only','03 - Rear end',mid_town,0
Weekday,Noon,Road,'02 - Rain','01 - Daylight','02 - Wet','01 - Traffic signal',0.272726,'P.D. only','P.D. only','05 - Turning movement',mid_town,0
Weekday,Afternoon,Road,'01 - Clear','01 - Daylight','01 - Dry','01 - Traffic signal',0.749986,'P.D. only','P.D. only','03 - Rear end',Ottawa_west,0
Weekday,Mid_Night,highway,'01 - Clear','05 - Dusk','01 - Dry','10 - No control',0.727268,'P.D. only','P.D. only','07 - SMV other',Ottawa_west,0
Weekday,Night,Road,'01 - Clear','01 - Daylight','01 - Dry','01 - Traffic signal',0.733331,'P.D. only','P.D. only','04 - Sideswipe',downtown,0
Weekday,Afternoon,Road,'01 - Clear','01 - Daylight','01 - Dry','01 - Traffic signal',0.407405,'P.D. only','P.D. only','05 - Turning movement',downtown,0
Weekday,Mid_Night,Road,'02 - Rain','07 - Dark','02 - Wet','10 - No control',0.428568,'P.D. only','P.D. only','03 - Rear end',downtown,0
Weekends,Mid_Night,Road,'01 - Clear','07 - Dark','02 - Wet','10 - No control',0.885711,'P.D. only','P.D. only','07 - SMV other',Ottawa_west,0
Weekends,Early_Morning,Road,'01 - Clear','07 - Dark','01 - Dry','01 - Traffic signal',0.555553,'P.D. only','P.D. only','07 - SMV other',downtown,0
Weekday,Evening,Road,'01 - Clear','01 - Daylight','01 - Dry','10 - No control',0.66665,'P.D. only','P.D. only','02 - Angle',Ottawa_east,0
Weekends,Night,highway,'02 - Rain','01 - Daylight','02 - Wet','01 - Traffic signal',0.636355,'P.D. only','P.D. only','03 - Rear end',downtown,0
Weekday,Evening,Road,'01 - Clear','01 - Daylight','01 - Dry','10 - No control',0.774646,'P.D. only','P.D. only','04 - Sideswipe',downtown,0
Weekday,Night,Road,'01 - Clear','01 - Daylight','01 - Dry','01 - Traffic signal',0.599999,'P.D. only','P.D. only','03 - Rear end',mid_town,0
Weekday,Mid_Night,Road,'02 - Rain','05 - Dusk','02 - Wet','01 - Traffic signal',0.999951,'P.D. only','P.D. only','03 - Rear end',Ottawa_east,0
Weekday,Mid_Night,Road,'01 - Clear','07 - Dark','01 - Dry','10 - No control',0.686273,'P.D. only','P.D. only','07 - SMV other',Ottawa_west,0
Weekday,Night,Road,'01 - Clear','01 - Daylight','01 - Dry','10 - No control',0.763156,'P.D. only','P.D. only','04 - Sideswipe',downtown,0
Weekends,Morning,Road,'01 - Clear','01 - Daylight','01 - Dry','10 - No control',0.624994,'P.D. only','P.D. only','07 - SMV other',Ottawa_east,0
Weekends,Night,Road,'01 - Clear','01 - Daylight','04 - Slush','01 - Traffic signal',0.733326,'P.D. only','P.D. only','04 - Sideswipe',downtown,0
Weekday,Night,Road,'01 - Clear','01 - Daylight','01 - Dry','10 - No control',0.799997,'P.D. only','P.D. only','02 - Angle',downtown,0
Weekday,Evening,Road,'02 - Rain','01 - Daylight','02 - Wet','10 - No control',0.999971,'P.D. only','P.D. only','03 - Rear end',mid_town,0
Weekday,Mid_Night,highway,'01 - Clear','07 - Dark','01 - Dry','10 - No control',0.833323,'P.D. only','P.D. only','04 - Sideswipe',downtown,0
Weekday,Night,Road,'01 - Clear','01 - Daylight','01 - Dry','02 - Stop sign',0.99999,'P.D. only','P.D. only','03 - Rear end',Ottawa_west,0
Weekday,Evening,Road,'01 - Clear','01 - Daylight','02 - Wet','01 - Traffic signal',0.619047,'P.D. only','P.D. only','03 - Rear end',Ottawa_west,0
Weekends,Evening,Road,'01 - Clear','01 - Daylight','01 - Dry','10 - No control',0.333317,'P.D. only','P.D. only','07 - SMV other',mid_town,0
Weekday,Night,Road,'01 - Clear','07 - Dark','02 - Wet','01 - Traffic signal',0.421051,'P.D. only','P.D. only','05 - Turning movement',downtown,0
Weekday,Night,Road,'02 - Rain','01 - Daylight','06 - Ice','10 - No control',0.701492,'P.D. only','P.D. only','03 - Rear end',Ottawa_east,0
Weekday,Mid_Night,highway,'05 - Drifting Snow','07 - Dark','06 - Ice','02 - Stop sign',0.999963,'P.D. only','P.D. only','07 - SMV other',Ottawa_west,0
Weekday,Evening,Road,'03 - Snow','01 - Daylight','03 - Loose snow','10 - No control',0.999951,'P.D. only','P.D. only','06 - SMV unattended vehicle',downtown,0
Weekday,Night,Road,'03 - Snow','01 - Daylight','03 - Loose snow','01 - Traffic signal',0.999985,'P.D. only','P.D. only','03 - Rear end',downtown,0
Weekday,Night,Road,'01 - Clear','07 - Dark','01 - Dry','10 - No control',0.999988,'P.D. only','P.D. only','07 - SMV other',Ottawa_west,0
Weekday,Evening,highway,'01 - Clear','01 - Daylight','01 - Dry','10 - No control',0.499998,'P.D. only','P.D. only','03 - Rear end',downtown,0
Weekends,Night,Road,'01 - Clear','07 - Dark','03 - Loose snow','10 - No control',0.851847,'P.D. only','P.D. only','01 - Approaching',downtown,0
Weekday,Evening,Road,'01 - Clear','01 - Daylight','01 - Dry','01 - Traffic signal',0.44186,'P.D. only','P.D. only','05 - Turning movement',downtown,0
Weekday,Evening,highway,'01 - Clear','01 - Daylight','03 - Loose snow','10 - No control',0.904756,'P.D. only','P.D. only','04 - Sideswipe',mid_town,0
Weekends,Night,Road,'01 - Clear','07 - Dark','01 - Dry','10 - No control',0.909085,'P.D. only','P.D. only','04 - Sideswipe',mid_town,0
Weekends,Mid_Night,Road,'01 - Clear','07 - Dark','01 - Dry','10 - No control',0.99999,'P.D. only','P.D. only','06 - SMV unattended vehicle',downtown,0
Weekday,Mid_Night,Road,'01 - Clear','07 - Dark','03 - Loose snow','10 - No control',0,Injury,'P.D. only','01 - Approaching',Ottawa_east,0
Weekday,Evening,Road,'01 - Clear','01 - Daylight','02 - Wet','10 - No control',0.999971,'P.D. only','P.D. only','06 - SMV unattended vehicle',downtown,0
Weekday,Noon,Road,'01 - Clear','01 - Daylight','01 - Dry','01 - Traffic signal',0.071428,'P.D. only','P.D. only','05 - Turning movement',downtown,0
Weekends,Early_Morning,Road,'03 - Snow','07 - Dark','03 - Loose snow','10 - No control',0.999984,'P.D. only','P.D. only','07 - SMV other',Ottawa_west,0
Weekday,Mid_Night,highway,'01 - Clear','00 - Unknown','01 - Dry','10 - No control',0.714271,'P.D. only','P.D. only','07 - SMV other',mid_town,0
Weekday,Evening,Road,'01 - Clear','01 - Daylight','01 - Dry','10 - No control',0.333325,'P.D. only','P.D. only','03 - Rear end',Ottawa_south,0
Weekday,Night,highway,'01 - Clear','05 - Dusk','02 - Wet','10 - No control',0.599996,'P.D. only','P.D. only','03 - Rear end',downtown,0
Weekday,Noon,Road,'07 - Fog/mist/smoke/dust','07 - Dark','01 - Dry','10 - No control',0.999963,'P.D. only','P.D. only','07 - SMV other',Ottawa_west,0
Weekday,Night,Road,'03 - Snow','05 - Dusk','03 - Loose snow','10 - No control',0.999982,'P.D. only','P.D. only','07 - SMV other',mid_town,0
Weekends,Mid_Night,Road,'01 - Clear','00 - Unknown','01 - Dry','10 - No control',0.999995,'P.D. only','P.D. only','06 - SMV unattended vehicle',Ottawa_south,0
Weekday,Noon,Road,'01 - Clear','01 - Daylight','01 - Dry','10 - No control',-0.142854,Injury,'P.D. only','05 - Turning movement',downtown,0
Weekday,Night,Road,'01 - Clear','01 - Daylight','01 - Dry','10 - No control',0.777774,'P.D. only','P.D. only','03 - Rear end',Ottawa_east,0
Weekends,Mid_Night,highway,'04 - Freezing Rain','07 - Dark','06 - Ice','10 - No control',0.999951,'P.D. only','P.D. only','07 - SMV other',downtown,0
Weekday,Night,Road,'01 - Clear','07 - Dark','01 - Dry','10 - No control',0.499982,'P.D. only','P.D. only','03 - Rear end',Ottawa_south,0
Weekday,Noon,Road,'01 - Clear','01 - Daylight','01 - Dry','01 - Traffic signal',0.857134,'P.D. only','P.D. only','04 - Sideswipe',mid_town,0
Weekday,Afternoon,Road,'01 - Clear','01 - Daylight','01 - Dry','10 - No control',0.599982,'P.D. only','P.D. only','07 - SMV other',Ottawa_east,0
Weekday,Evening,Road,'01 - Clear','01 - Daylight','01 - Dry','10 - No control',-0.166665,Injury,'P.D. only','07 - SMV other',Ottawa_east,0
Weekday,Night,Road,'01 - Clear','07 - Dark','02 - Wet','10 - No control',0.999951,'P.D. only','P.D. only','07 - SMV other',Ottawa_west,0
Weekends,Mid_Night,Road,'07 - Fog/mist/smoke/dust','07 - Dark','01 - Dry','01 - Traffic signal',0.863633,'P.D. only','P.D. only','06 - SMV unattended vehicle',downtown,0
Weekday,Afternoon,Road,'01 - Clear','01 - Daylight','02 - Wet','01 - Traffic signal',0.999985,'P.D. only','P.D. only','03 - Rear end',downtown,0
Weekday,Night,Road,'01 - Clear','07 - Dark','02 - Wet','10 - No control',0.919995,'P.D. only','P.D. only','07 - SMV other',Ottawa_south,0
Weekday,Afternoon,Road,'01 - Clear','01 - Daylight','01 - Dry','02 - Stop sign',0.849054,'P.D. only','P.D. only','03 - Rear end',Ottawa_west,0
Weekends,Evening,Road,'01 - Clear','01 - Daylight','01 - Dry','01 - Traffic signal',0.584414,'P.D. only','P.D. only','06 - SMV unattended vehicle',mid_town,0
Weekday,Evening,Road,'03 - Snow','01 - Daylight','05 - Packed snow','10 - No control',0.999992,'P.D. only','P.D. only','04 - Sideswipe',downtown,0
Weekday,Afternoon,Road,'01 - Clear','01 - Daylight','01 - Dry','01 - Traffic signal',0.744185,'P.D. only','P.D. only','99 - Other',mid_town,0
Weekday,Night,highway,'01 - Clear','05 - Dusk','01 - Dry','10 - No control',0.999963,'P.D. only','P.D. only','03 - Rear end',Ottawa_west,0
Weekday,Night,Road,'01 - Clear','01 - Daylight','01 - Dry','01 - Traffic signal',0.571427,'P.D. only','P.D. only','05 - Turning movement',downtown,0
Weekday,Night,Road,'01 - Clear','07 - Dark','01 - Dry','01 - Traffic signal',0.66665,'P.D. only','P.D. only','03 - Rear end',Ottawa_east,0
Weekday,Evening,Road,'01 - Clear','01 - Daylight','01 - Dry','01 - Traffic signal',0.249998,'P.D. only','P.D. only','02 - Angle',mid_town,0
Weekday,Noon,Road,'02 - Rain','01 - Daylight','02 - Wet','01 - Traffic signal',0.611109,'P.D. only','P.D. only','02 - Angle',downtown,0
Weekday,Mid_Night,Road,'01 - Clear','01 - Daylight','01 - Dry','10 - No control',0.883494,'P.D. only','P.D. only','04 - Sideswipe',mid_town,0
Weekends,Early_Morning,Road,'03 - Snow','07 - Dark','03 - Loose snow','10 - No control',0.999992,'P.D. only','P.D. only','03 - Rear end',Ottawa_east,0
Weekends,Night,Road,'02 - Rain','01 - Daylight','02 - Wet','01 - Traffic signal',0.538459,'P.D. only','P.D. only','05 - Turning movement',mid_town,0
Weekday,Evening,Road,'01 - Clear','01 - Daylight','01 - Dry','10 - No control',0.714271,'P.D. only','P.D. only','02 - Angle',Ottawa_south,0
Weekends,Night,Road,'02 - Rain','01 - Daylight','02 - Wet','01 - Traffic signal',0.636355,'P.D. only','P.D. only','03 - Rear end',mid_town,0
Weekday,Night,highway,'01 - Clear','01 - Daylight','01 - Dry','10 - No control',0.714282,'P.D. only','P.D. only','03 - Rear end',mid_town,0
Weekday,Night,Road,'01 - Clear','01 - Daylight','04 - Slush','10 - No control',0.580644,'P.D. only','P.D. only','03 - Rear end',mid_town,0
Weekday,Night,Road,'01 - Clear','01 - Daylight','01 - Dry','01 - Traffic signal',0.571427,'P.D. only','P.D. only','05 - Turning movement',downtown,0
Weekends,Noon,Road,'03 - Snow','03 - Dawn','03 - Loose snow','01 - Traffic signal',0.999982,'P.D. only','P.D. only','07 - SMV other',Ottawa_west,0
Weekday,Evening,Road,'01 - Clear','01 - Daylight','02 - Wet','10 - No control',0.714271,'P.D. only','P.D. only','02 - Angle',downtown,0
Weekday,Night,Road,'01 - Clear','05 - Dusk','02 - Wet','02 - Stop sign',0.999963,'P.D. only','P.D. only','03 - Rear end',Ottawa_west,0
Weekday,Evening,Road,'02 - Rain','01 - Daylight','02 - Wet','01 - Traffic signal',0.499996,'P.D. only','P.D. only','03 - Rear end',downtown,0
Weekday,Night,Road,'01 - Clear','01 - Daylight','01 - Dry','10 - No control',0.304346,'P.D. only','P.D. only','05 - Turning movement',downtown,0
Weekday,Mid_Night,highway,'01 - Clear','07 - Dark','01 - Dry','03 - Yield sign',0.466662,'P.D. only','P.D. only','03 - Rear end',mid_town,0
Weekday,Evening,Road,'01 - Clear','01 - Daylight','01 - Dry','01 - Traffic signal',0.44186,'P.D. only','P.D. only','05 - Turning movement',downtown,0
Weekday,Mid_Night,Road,'01 - Clear','07 - Dark','01 - Dry','10 - No control',0.999963,'P.D. only','P.D. only','05 - Turning movement',mid_town,0
Weekday,Night,Road,'01 - Clear','07 - Dark','01 - Dry','10 - No control',0.999988,'P.D. only','P.D. only','07 - SMV other',Ottawa_west,0
Weekday,Night,Road,'02 - Rain','01 - Daylight','02 - Wet','02 - Stop sign',0.692304,'P.D. only','P.D. only','05 - Turning movement',downtown,0
Weekday,Noon,Road,'03 - Snow','01 - Daylight','05 - Packed snow','01 - Traffic signal',0.818171,'P.D. only','P.D. only','03 - Rear end',mid_town,0
Weekday,Noon,Road,'01 - Clear','01 - Daylight','01 - Dry','10 - No control',0.499982,'P.D. only','P.D. only','05 - Turning movement',Ottawa_east,0
Weekday,Night,highway,'01 - Clear','05 - Dusk','01 - Dry','10 - No control',0.759996,'P.D. only','P.D. only','07 - SMV other',Ottawa_west,0
Weekends,Morning,Road,'01 - Clear','03 - Dawn','01 - Dry','02 - Stop sign',0.499996,'P.D. only','P.D. only','07 - SMV other',mid_town,0
Weekday,Evening,Road,'01 - Clear','01 - Daylight','01 - Dry','02 - Stop sign',0.714271,'P.D. only','P.D. only','03 - Rear end',downtown,0
Weekday,Night,Road,'01 - Clear','01 - Daylight','01 - Dry','01 - Traffic signal',0.435896,'P.D. only','P.D. only','05 - Turning movement',mid_town,0
Weekday,Mid_Night,highway,'01 - Clear','07 - Dark','01 - Dry','10 - No control',0.636355,'P.D. only','P.D. only','03 - Rear end',mid_town,0
Weekday,Night,Road,'02 - Rain','01 - Daylight','02 - Wet','01 - Traffic signal',0.428562,'P.D. only','P.D. only','05 - Turning movement',mid_town,0
Weekday,Night,Road,'01 - Clear','01 - Daylight','01 - Dry','01 - Traffic signal',0.733331,'P.D. only','P.D. only','04 - Sideswipe',downtown,0
Weekday,Night,highway,'01 - Clear','01 - Daylight','01 - Dry','10 - No control',0.599999,'P.D. only','P.D. only','03 - Rear end',downtown,0