DATE,TIME,Road_type,ENVIRONMENT,LIGHT,SURFACE_CONDITION,TRAFFIC_CONTROL,'prediction margin','predicted COLLISION_CLASSIFICATION',COLLISION_CLASSIFICATION,IMPACT_TYPE,Location,NO_OF_PEDESTRIANS
Weekday,Afternoon,Road,'01 - Clear','01 - Daylight','01 - Dry','10 - No control',-0.454542,'P.D. only',Injury,'04 - Sideswipe',downtown,0
Weekday,Evening,Road,'01 - Clear','01 - Daylight','01 - Dry','10 - No control',-0.777775,'P.D. only',Injury,'02 - Angle',downtown,0
Weekday,Evening,Road,'01 - Clear','01 - Daylight','01 - Dry','10 - No control',-0.473681,'P.D. only',Injury,'02 - Angle',mid_town,0
Weekends,Night,Road,'01 - Clear','01 - Daylight','01 - Dry','02 - Stop sign',-0.315788,'P.D. only',Injury,'02 - Angle',Ottawa_west,0
Weekday,Noon,Road,'01 - Clear','01 - Daylight','01 - Dry','10 - No control',-0.444443,'P.D. only',Injury,'03 - Rear end',mid_town,0
Weekends,Noon,Road,'02 - Rain','01 - Daylight','02 - Wet','10 - No control',-0.499982,'P.D. only',Injury,'07 - SMV other',Ottawa_south,0
Weekends,Mid_Night,highway,'02 - Rain','07 - Dark','06 - Ice','10 - No control',-0.599982,'P.D. only',Injury,'07 - SMV other',mid_town,0
Weekends,Evening,Road,'01 - Clear','01 - Daylight','01 - Dry','01 - Traffic signal',-0.599997,'P.D. only',Injury,'03 - Rear end',mid_town,0
Weekday,Mid_Night,Road,'01 - Clear','07 - Dark','01 - Dry','01 - Traffic signal',-0.181817,'P.D. only',Injury,'05 - Turning movement',downtown,0
Weekday,Night,Road,'01 - Clear','07 - Dark','02 - Wet','10 - No control',-0.888882,'P.D. only',Injury,'07 - SMV other',Ottawa_east,0
Weekday,Mid_Night,Road,'01 - Clear','07 - Dark','06 - Ice','10 - No control',-0.428562,'P.D. only',Injury,'99 - Other',mid_town,1
Weekends,Noon,highway,'01 - Clear','01 - Daylight','01 - Dry','10 - No control',-0.461536,'P.D. only',Injury,'07 - SMV other',mid_town,0
Weekday,Night,Road,'01 - Clear','01 - Daylight','01 - Dry','01 - Traffic signal',-0.571427,'P.D. only',Injury,'05 - Turning movement',downtown,0
Weekday,Afternoon,highway,'03 - Snow','01 - Daylight','05 - Packed snow','10 - No control',-0.999951,'P.D. only',Injury,'07 - SMV other',mid_town,0
Weekday,Evening,Road,'02 - Rain','01 - Daylight','02 - Wet','10 - No control',-0.629626,'P.D. only',Injury,'03 - Rear end',Ottawa_south,0
Weekday,Noon,Road,'03 - Snow','01 - Daylight','03 - Loose snow','10 - No control',-0.419353,'P.D. only',Injury,'07 - SMV other',downtown,1
Weekday,Mid_Night,highway,'01 - Clear','07 - Dark','01 - Dry','10 - No control',-0.833323,'P.D. only',Injury,'04 - Sideswipe',downtown,0
Weekday,Evening,Road,'01 - Clear','01 - Daylight','01 - Dry','10 - No control',0.999951,Injury,Injury,'07 - SMV other',mid_town,1
Weekday,Evening,Road,'01 - Clear','01 - Daylight','01 - Dry','01 - Traffic signal',0.882349,Injury,Injury,'07 - SMV other',Ottawa_west,1
Weekday,Evening,Road,'01 - Clear','01 - Daylight','01 - Dry','10 - No control',-0.652173,'P.D. only',Injury,'03 - Rear end',downtown,0
Weekday,Night,Road,'01 - Clear','01 - Daylight','01 - Dry','02 - Stop sign',-0.35135,'P.D. only',Injury,'02 - Angle',downtown,0
Weekday,Night,Road,'01 - Clear','01 - Daylight','01 - Dry','02 - Stop sign',-0.35135,'P.D. only',Injury,'02 - Angle',downtown,0
Weekday,Mid_Night,Road,'01 - Clear','07 - Dark','02 - Wet','10 - No control',-0.999971,'P.D. only',Injury,'07 - SMV other',Ottawa_east,0
Weekday,Night,Road,'01 - Clear','01 - Daylight','01 - Dry','10 - No control',-0.777774,'P.D. only',Injury,'03 - Rear end',Ottawa_east,0
Weekends,Night,Road,'02 - Rain','01 - Daylight','02 - Wet','01 - Traffic signal',-0.818178,'P.D. only',Injury,'03 - Rear end',Ottawa_south,0
Weekday,Noon,highway,'01 - Clear','01 - Daylight','06 - Ice','10 - No control',-0.333317,'P.D. only',Injury,'03 - Rear end',Ottawa_west,0
Weekday,Night,Road,'01 - Clear','01 - Daylight','01 - Dry','01 - Traffic signal',-0.66665,'P.D. only',Injury,'07 - SMV other',downtown,0
Weekday,Evening,Road,'01 - Clear','01 - Daylight','01 - Dry','02 - Stop sign',-0.499982,'P.D. only',Injury,'05 - Turning movement',mid_town,0
Weekday,Mid_Night,highway,'01 - Clear','07 - Dark','01 - Dry','10 - No control',-0.714278,'P.D. only',Injury,'07 - SMV other',Ottawa_west,0
Weekday,Evening,Road,'01 - Clear','01 - Daylight','01 - Dry','01 - Traffic signal',-0.92727,'P.D. only',Injury,'04 - Sideswipe',downtown,0
Weekday,Night,Road,'02 - Rain','01 - Daylight','02 - Wet','10 - No control',-0.636359,'P.D. only',Injury,'03 - Rear end',mid_town,0
Weekday,Night,Road,'01 - Clear','01 - Daylight','01 - Dry','03 - Yield sign',-0.599982,'P.D. only',Injury,'03 - Rear end',downtown,0
Weekends,Night,Road,'01 - Clear','01 - Daylight','01 - Dry','10 - No control',-0.6923,'P.D. only',Injury,'04 - Sideswipe',downtown,0
Weekday,Evening,Road,'02 - Rain','01 - Daylight','02 - Wet','01 - Traffic signal',0.499982,Injury,Injury,'07 - SMV other',downtown,1
Weekday,Night,Road,'01 - Clear','01 - Daylight','04 - Slush','10 - No control',0.166666,Injury,Injury,'07 - SMV other',mid_town,1
Weekday,Evening,Road,'01 - Clear','01 - Daylight','01 - Dry','01 - Traffic signal',0.999993,Injury,Injury,'07 - SMV other',downtown,1
Weekends,Afternoon,Road,'01 - Clear','01 - Daylight','01 - Dry','01 - Traffic signal',0.249995,Injury,Injury,'07 - SMV other',mid_town,1
Weekday,Evening,Road,'01 - Clear','01 - Daylight','01 - Dry','01 - Traffic signal',-0.374999,'P.D. only',Injury,'02 - Angle',downtown,0
Weekday,Mid_Night,Road,'01 - Clear','07 - Dark','01 - Dry','10 - No control',-0.999979,'P.D. only',Injury,'02 - Angle',downtown,0
Weekends,Evening,Road,'01 - Clear','01 - Daylight','01 - Dry','10 - No control',-0.749986,'P.D. only',Injury,'03 - Rear end',Ottawa_east,0
Weekday,Night,Road,'01 - Clear','01 - Daylight','01 - Dry','01 - Traffic signal',0.999991,Injury,Injury,'07 - SMV other',downtown,1
Weekday,Evening,Road,'01 - Clear','01 - Daylight','01 - Dry','01 - Traffic signal',-0.582608,'P.D. only',Injury,'03 - Rear end',mid_town,0
Weekday,Noon,Road,'03 - Snow','03 - Dawn','04 - Slush','10 - No control',-0.93103,'P.D. only',Injury,'07 - SMV other',downtown,0
Weekday,Mid_Night,Road,'01 - Clear','07 - Dark','01 - Dry','10 - No control',-0.757572,'P.D. only',Injury,'07 - SMV other',Ottawa_south,0
Weekends,Night,Road,'01 - Clear','01 - Daylight','01 - Dry','02 - Stop sign',-0.66665,'P.D. only',Injury,'01 - Approaching',Ottawa_south,0
Weekends,Evening,Road,'01 - Clear','01 - Daylight','01 - Dry','02 - Stop sign',-0.692306,'P.D. only',Injury,'05 - Turning movement',downtown,0
Weekday,Night,Road,'01 - Clear','05 - Dusk','01 - Dry','10 - No control',-0.499982,'P.D. only',Injury,'05 - Turning movement',downtown,0
Weekday,Evening,Road,'01 - Clear','01 - Daylight','01 - Dry','01 - Traffic signal',-0.999984,'P.D. only',Injury,'05 - Turning movement',Ottawa_west,0
Weekday,Night,Road,'01 - Clear','01 - Daylight','02 - Wet','01 - Traffic signal',-0.555547,'P.D. only',Injury,'03 - Rear end',downtown,0
Weekday,Afternoon,Road,'03 - Snow','01 - Daylight','03 - Loose snow','02 - Stop sign',-0.538455,'P.D. only',Injury,'02 - Angle',downtown,0
Weekends,Morning,Road,'02 - Rain','07 - Dark','02 - Wet','01 - Traffic signal',-0.333317,'P.D. only',Injury,'02 - Angle',mid_town,0
Weekday,Noon,Road,'01 - Clear','01 - Daylight','01 - Dry','01 - Traffic signal',-0.071428,'P.D. only',Injury,'05 - Turning movement',downtown,0
Weekday,Afternoon,highway,'01 - Clear','01 - Daylight','01 - Dry','01 - Traffic signal',0.714271,Injury,Injury,'07 - SMV other',downtown,1
Weekday,Night,Road,'01 - Clear','01 - Daylight','01 - Dry','01 - Traffic signal',-0.599999,'P.D. only',Injury,'03 - Rear end',mid_town,0
Weekday,Noon,Road,'01 - Clear','01 - Daylight','01 - Dry','10 - No control',-0.090908,'P.D. only',Injury,'02 - Angle',downtown,0
Weekends,Evening,Road,'03 - Snow','01 - Daylight','05 - Packed snow','10 - No control',-0.999987,'P.D. only',Injury,'07 - SMV other',downtown,0
Weekends,Noon,Road,'01 - Clear','01 - Daylight','01 - Dry','01 - Traffic signal',-0.563909,'P.D. only',Injury,'03 - Rear end',mid_town,0
Weekday,Mid_Night,Road,'01 - Clear','07 - Dark','02 - Wet','01 - Traffic signal',-0.999979,'P.D. only',Injury,'03 - Rear end',downtown,0
Weekday,Night,Road,'01 - Clear','01 - Daylight','01 - Dry','01 - Traffic signal',-0.58333,'P.D. only',Injury,'03 - Rear end',Ottawa_east,0
Weekday,Evening,Road,'01 - Clear','01 - Daylight','02 - Wet','01 - Traffic signal',0,Injury,Injury,'02 - Angle',mid_town,0
Weekday,Night,Road,'01 - Clear','01 - Daylight','01 - Dry','10 - No control',0.999984,Injury,Injury,'07 - SMV other',downtown,1
Weekday,Night,highway,'02 - Rain','01 - Daylight','02 - Wet','02 - Stop sign',-0.733326,'P.D. only',Injury,'07 - SMV other',Ottawa_east,0
Weekday,Evening,Road,'01 - Clear','01 - Daylight','01 - Dry','01 - Traffic signal',0.999993,Injury,Injury,'07 - SMV other',downtown,1
Weekends,Mid_Night,Road,'01 - Clear','07 - Dark','01 - Dry','01 - Traffic signal',-0.636355,'P.D. only',Injury,'05 - Turning movement',downtown,0
Weekends,Evening,Road,'01 - Clear','01 - Daylight','01 - Dry','02 - Stop sign',-0.631577,'P.D. only',Injury,'05 - Turning movement',mid_town,0
Weekday,Night,Road,'01 - Clear','05 - Dusk','01 - Dry','10 - No control',0.538455,Injury,Injury,'07 - SMV other',downtown,1
Weekday,Morning,Road,'07 - Fog/mist/smoke/dust','01 - Daylight','02 - Wet','10 - No control',-0.499995,'P.D. only',Injury,'07 - SMV other',Ottawa_south,0
Weekday,Evening,Road,'01 - Clear','01 - Daylight','02 - Wet','01 - Traffic signal',-0.58333,'P.D. only',Injury,'03 - Rear end',downtown,0
Weekday,Night,Road,'01 - Clear','07 - Dark','04 - Slush','10 - No control',-0.777771,'P.D. only',Injury,'03 - Rear end',downtown,0
Weekday,Evening,Road,'01 - Clear','01 - Daylight','01 - Dry','01 - Traffic signal',-0.499996,'P.D. only',Injury,'03 - Rear end',Ottawa_east,0
Weekday,Night,highway,'01 - Clear','07 - Dark','01 - Dry','10 - No control',-0.499996,'P.D. only',Injury,'03 - Rear end',downtown,0
Weekday,Night,Road,'01 - Clear','07 - Dark','02 - Wet','01 - Traffic signal',-0.545451,'P.D. only',Injury,'02 - Angle',mid_town,0
Weekday,Evening,Road,'01 - Clear','01 - Daylight','01 - Dry','01 - Traffic signal',-0.92727,'P.D. only',Injury,'04 - Sideswipe',downtown,0
Weekday,Evening,Road,'01 - Clear','01 - Daylight','01 - Dry','01 - Traffic signal',-0.999984,'P.D. only',Injury,'05 - Turning movement',Ottawa_west,0
Weekday,Evening,Road,'01 - Clear','01 - Daylight','01 - Dry','10 - No control',-0.818176,'P.D. only',Injury,'05 - Turning movement',downtown,0
Weekday,Night,Road,'01 - Clear','01 - Daylight','01 - Dry','01 - Traffic signal',-0.304346,'P.D. only',Injury,'02 - Angle',mid_town,0
Weekday,Night,highway,'01 - Clear','01 - Daylight','01 - Dry','01 - Traffic signal',-0.578945,'P.D. only',Injury,'02 - Angle',mid_town,0
Weekday,Mid_Night,Road,'01 - Clear','07 - Dark','01 - Dry','01 - Traffic signal',-0.333331,'P.D. only',Injury,'05 - Turning movement',mid_town,0
Weekday,Mid_Night,Road,'01 - Clear','01 - Daylight','01 - Dry','01 - Traffic signal',-0.499982,'P.D. only',Injury,'02 - Angle',downtown,0
Weekday,Night,highway,'01 - Clear','05 - Dusk','01 - Dry','10 - No control',-0.499991,'P.D. only',Injury,'03 - Rear end',downtown,0
Weekday,Night,Road,'01 - Clear','01 - Daylight','01 - Dry','01 - Traffic signal',0.999991,Injury,Injury,'07 - SMV other',downtown,1
Weekday,Noon,highway,'01 - Clear','01 - Daylight','06 - Ice','10 - No control',0.333317,Injury,Injury,'07 - SMV other',Ottawa_west,0
Weekday,Night,Road,'02 - Rain','01 - Daylight','02 - Wet','01 - Traffic signal',-0.999976,'P.D. only',Injury,'05 - Turning movement',downtown,0
Weekday,Night,Road,'01 - Clear','01 - Daylight','01 - Dry','10 - No control',-0.999976,'P.D. only',Injury,'99 - Other',downtown,0
Weekends,Evening,Road,'01 - Clear','01 - Daylight','01 - Dry','01 - Traffic signal',-0.727268,'P.D. only',Injury,'05 - Turning movement',downtown,0
Weekday,Mid_Night,Road,'01 - Clear','05 - Dusk','01 - Dry','10 - No control',-0.999951,'P.D. only',Injury,'07 - SMV other',Ottawa_east,0
Weekday,Evening,Road,'01 - Clear','01 - Daylight','01 - Dry','01 - Traffic signal',0.999993,Injury,Injury,'07 - SMV other',downtown,1
Weekends,Mid_Night,Road,'01 - Clear','01 - Daylight','01 - Dry','10 - No control',-0.702125,'P.D. only',Injury,'04 - Sideswipe',downtown,0
Weekends,Night,Road,'01 - Clear','05 - Dusk','01 - Dry','10 - No control',-0.399994,'P.D. only',Injury,'03 - Rear end',Ottawa_south,0
Weekday,Afternoon,Road,'01 - Clear','01 - Daylight','01 - Dry','02 - Stop sign',-0.510203,'P.D. only',Injury,'02 - Angle',mid_town,0
Weekday,Night,Road,'01 - Clear','01 - Daylight','01 - Dry','10 - No control',0.189188,Injury,Injury,'07 - SMV other',Ottawa_south,1
Weekday,Mid_Night,highway,'03 - Snow','07 - Dark','02 - Wet','10 - No control',-0.749993,'P.D. only',Injury,'07 - SMV other',downtown,0
Weekday,Night,Road,'02 - Rain','01 - Daylight','02 - Wet','01 - Traffic signal',-0.499982,'P.D. only',Injury,'05 - Turning movement',Ottawa_west,0
Weekday,Noon,Road,'01 - Clear','01 - Daylight','02 - Wet','01 - Traffic signal',-0.636362,'P.D. only',Injury,'02 - Angle',downtown,0
Weekday,Evening,Road,'01 - Clear','01 - Daylight','01 - Dry','01 - Traffic signal',0.466664,Injury,Injury,'07 - SMV other',downtown,2
Weekday,Evening,Road,'01 - Clear','01 - Daylight','01 - Dry','10 - No control',-0.777775,'P.D. only',Injury,'02 - Angle',downtown,0
Weekends,Evening,Road,'01 - Clear','01 - Daylight','01 - Dry','01 - Traffic signal',-0.599997,'P.D. only',Injury,'03 - Rear end',mid_town,0
Weekday,Night,Road,'01 - Clear','01 - Daylight','01 - Dry','01 - Traffic signal',0.999991,Injury,Injury,'07 - SMV other',downtown,1
Weekends,Night,Road,'01 - Clear','01 - Daylight','01 - Dry','02 - Stop sign',0,Injury,Injury,'02 - Angle',downtown,0
Weekday,Night,Road,'01 - Clear','01 - Daylight','01 - Dry','10 - No control',-0.763156,'P.D. only',Injury,'04 - Sideswipe',downtown,0
Weekday,Noon,Road,'01 - Clear','03 - Dawn','06 - Ice','10 - No control',-0.615381,'P.D. only',Injury,'03 - Rear end',downtown,0
Weekday,Afternoon,Road,'01 - Clear','01 - Daylight','01 - Dry','10 - No control',-0.454539,'P.D. only',Injury,'07 - SMV other',Ottawa_west,0
Weekends,Mid_Night,highway,'01 - Clear','07 - Dark','01 - Dry','10 - No control',-0.999987,'P.D. only',Injury,'07 - SMV other',Ottawa_west,0
Weekday,Afternoon,Road,'01 - Clear','01 - Daylight','01 - Dry','10 - No control',-0.454539,'P.D. only',Injury,'05 - Turning movement',downtown,0
Weekday,Mid_Night,Road,'01 - Clear','07 - Dark','02 - Wet','02 - Stop sign',-0.636355,'P.D. only',Injury,'07 - SMV other',mid_town,0
Weekday,Noon,Road,'01 - Clear','01 - Daylight','01 - Dry','02 - Stop sign',-0.999951,'P.D. only',Injury,'03 - Rear end',Ottawa_east,0
Weekends,Mid_Night,Road,'01 - Clear','07 - Dark','01 - Dry','02 - Stop sign',-0.699995,'P.D. only',Injury,'03 - Rear end',downtown,0
Weekday,Noon,Road,'01 - Clear','01 - Daylight','01 - Dry','01 - Traffic signal',-0.446153,'P.D. only',Injury,'07 - SMV other',mid_town,0
Weekday,Noon,highway,'01 - Clear','01 - Daylight','01 - Dry','10 - No control',-0.538455,'P.D. only',Injury,'03 - Rear end',Ottawa_west,0
Weekday,Night,Road,'01 - Clear','01 - Daylight','01 - Dry','02 - Stop sign',-0.499982,'P.D. only',Injury,'05 - Turning movement',Ottawa_south,0
Weekday,Night,Road,'02 - Rain','07 - Dark','02 - Wet','01 - Traffic signal',-0.689653,'P.D. only',Injury,'03 - Rear end',mid_town,0
Weekday,Noon,highway,'01 - Clear','01 - Daylight','01 - Dry','10 - No control',-0.658534,'P.D. only',Injury,'07 - SMV other',Ottawa_south,0
Weekday,Mid_Night,Road,'03 - Snow','07 - Dark','04 - Slush','10 - No control',-0.999976,'P.D. only',Injury,'03 - Rear end',mid_town,0
Weekday,Mid_Night,Road,'01 - Clear','05 - Dusk','01 - Dry','01 - Traffic signal',-0.291666,'P.D. only',Injury,'05 - Turning movement',downtown,0
Weekends,Mid_Night,Road,'02 - Rain','07 - Dark','02 - Wet','01 - Traffic signal',0.030303,Injury,Injury,'07 - SMV other',downtown,1
Weekday,Afternoon,Road,'03 - Snow','01 - Daylight','03 - Loose snow','01 - Traffic signal',-0.999951,'P.D. only',Injury,'03 - Rear end',mid_town,0
Weekday,Noon,Road,'01 - Clear','01 - Daylight','08 - Loose sand or gravel','10 - No control',-0.7037,'P.D. only',Injury,'07 - SMV other',Ottawa_west,0
Weekday,Afternoon,Road,'01 - Clear','01 - Daylight','04 - Slush','10 - No control',-0.499991,'P.D. only',Injury,'03 - Rear end',Ottawa_south,0
Weekday,Evening,highway,'01 - Clear','01 - Daylight','01 - Dry','10 - No control',-0.333317,'P.D. only',Injury,'07 - SMV other',mid_town,0
Weekday,Evening,Road,'01 - Clear','01 - Daylight','01 - Dry','01 - Traffic signal',-0.374999,'P.D. only',Injury,'02 - Angle',downtown,0
Weekday,Evening,highway,'02 - Rain','01 - Daylight','02 - Wet','01 - Traffic signal',-0.499982,'P.D. only',Injury,'07 - SMV other',Ottawa_west,0
Weekday,Night,Road,'01 - Clear','01 - Daylight','01 - Dry','10 - No control',-0.547618,'P.D. only',Injury,'03 - Rear end',downtown,0
Weekday,Early_Morning,Road,'01 - Clear','07 - Dark','01 - Dry','01 - Traffic signal',0,Injury,Injury,'02 - Angle',downtown,0
Weekday,Night,Road,'01 - Clear','01 - Daylight','01 - Dry','01 - Traffic signal',-0.435896,'P.D. only',Injury,'05 - Turning movement',mid_town,0
Weekday,Night,Road,'01 - Clear','01 - Daylight','01 - Dry','01 - Traffic signal',-0.435896,'P.D. only',Injury,'05 - Turning movement',mid_town,0
Weekday,Night,Road,'01 - Clear','05 - Dusk','05 - Packed snow','02 - Stop sign',-0.166665,'P.D. only',Injury,'99 - Other',Ottawa_east,1
Weekday,Night,Road,'01 - Clear','01 - Daylight','01 - Dry','02 - Stop sign',0,Injury,Injury,'03 - Rear end',Ottawa_south,0
Weekday,Night,Road,'01 - Clear','01 - Daylight','01 - Dry','02 - Stop sign',-0.733326,'P.D. only',Injury,'02 - Angle',mid_town,0
Weekday,Afternoon,Road,'01 - Clear','01 - Daylight','01 - Dry','01 - Traffic signal',-0.62264,'P.D. only',Injury,'03 - Rear end',downtown,0
Weekday,Mid_Night,Road,'01 - Clear','07 - Dark','01 - Dry','01 - Traffic signal',-0.181817,'P.D. only',Injury,'05 - Turning movement',downtown,0
Weekday,Afternoon,Road,'03 - Snow','01 - Daylight','03 - Loose snow','01 - Traffic signal',-0.692304,'P.D. only',Injury,'02 - Angle',downtown,0
Weekday,Evening,Road,'01 - Clear','01 - Daylight','01 - Dry','10 - No control',-0.773583,'P.D. only',Injury,'01 - Approaching',Ottawa_south,0
Weekday,Evening,Road,'03 - Snow','01 - Daylight','02 - Wet','01 - Traffic signal',-0.499982,'P.D. only',Injury,'03 - Rear end',mid_town,0
Weekday,Night,Road,'01 - Clear','01 - Daylight','04 - Slush','01 - Traffic signal',0.999992,Injury,Injury,'07 - SMV other',downtown,1
Weekday,Evening,Road,'01 - Clear','01 - Daylight','01 - Dry','10 - No control',-0.777775,'P.D. only',Injury,'02 - Angle',downtown,0
Weekday,Evening,highway,'01 - Clear','01 - Daylight','01 - Dry','10 - No control',-0.499998,'P.D. only',Injury,'03 - Rear end',downtown,0
Weekday,Afternoon,Road,'01 - Clear','01 - Daylight','02 - Wet','10 - No control',-0.499998,'P.D. only',Injury,'03 - Rear end',Ottawa_east,0
Weekday,Noon,Road,'01 - Clear','01 - Daylight','01 - Dry','01 - Traffic signal',0.199994,Injury,Injury,'05 - Turning movement',Ottawa_west,0
Weekends,Evening,Road,'02 - Rain','01 - Daylight','02 - Wet','01 - Traffic signal',-0.777765,'P.D. only',Injury,'03 - Rear end',downtown,0
Weekday,Night,Road,'01 - Clear','07 - Dark','02 - Wet','02 - Stop sign',-0.578943,'P.D. only',Injury,'03 - Rear end',downtown,0
Weekday,Mid_Night,Road,'01 - Clear','07 - Dark','01 - Dry','01 - Traffic signal',-0.629626,'P.D. only',Injury,'03 - Rear end',downtown,0
Weekday,Mid_Night,Road,'01 - Clear','07 - Dark','04 - Slush','01 - Traffic signal',-0.764704,'P.D. only',Injury,'03 - Rear end',mid_town,0
Weekends,Evening,Road,'01 - Clear','01 - Daylight','01 - Dry','01 - Traffic signal',-0.333317,'P.D. only',Injury,'05 - Turning movement',Ottawa_west,0
Weekday,Night,highway,'01 - Clear','01 - Daylight','01 - Dry','01 - Traffic signal',-0.499991,'P.D. only',Injury,'03 - Rear end',downtown,0
Weekday,Mid_Night,Road,'01 - Clear','01 - Daylight','01 - Dry','10 - No control',-0.999951,'P.D. only',Injury,'03 - Rear end',downtown,0
Weekday,Night,Road,'01 - Clear','01 - Daylight','01 - Dry','10 - No control',-0.539999,'P.D. only',Injury,'03 - Rear end',mid_town,0
Weekday,Night,highway,'01 - Clear','01 - Daylight','02 - Wet','10 - No control',-0.999985,'P.D. only',Injury,'07 - SMV other',mid_town,0
Weekday,Noon,highway,'04 - Freezing Rain','01 - Daylight','06 - Ice','10 - No control',-0.682926,'P.D. only',Injury,'03 - Rear end',downtown,0
Weekday,Evening,Road,'01 - Clear','01 - Daylight','01 - Dry','01 - Traffic signal',-0.249998,'P.D. only',Injury,'02 - Angle',mid_town,0
Weekday,Night,Road,'01 - Clear','01 - Daylight','01 - Dry','02 - Stop sign',-0.35135,'P.D. only',Injury,'02 - Angle',downtown,0
Weekday,Noon,highway,'01 - Clear','03 - Dawn','01 - Dry','10 - No control',-0.684205,'P.D. only',Injury,'03 - Rear end',Ottawa_south,0
Weekends,Evening,Road,'02 - Rain','01 - Daylight','02 - Wet','10 - No control',-0.578943,'P.D. only',Injury,'03 - Rear end',Ottawa_east,0
Weekday,Noon,Road,'01 - Clear','03 - Dawn','01 - Dry','01 - Traffic signal',-0.499991,'P.D. only',Injury,'03 - Rear end',downtown,0
Weekends,Mid_Night,Road,'01 - Clear','07 - Dark','02 - Wet','01 - Traffic signal',-0.923072,'P.D. only',Injury,'02 - Angle',downtown,0
Weekends,Afternoon,Road,'01 - Clear','01 - Daylight','02 - Wet','01 - Traffic signal',-0.999951,'P.D. only',Injury,'03 - Rear end',downtown,0
Weekday,Mid_Night,highway,'01 - Clear','07 - Dark','01 - Dry','10 - No control',-0.714278,'P.D. only',Injury,'07 - SMV other',Ottawa_west,0
Weekday,Night,Road,'01 - Clear','01 - Daylight','02 - Wet','01 - Traffic signal',-0.77528,'P.D. only',Injury,'04 - Sideswipe',downtown,0
Weekday,Mid_Night,highway,'01 - Clear','07 - Dark','01 - Dry','10 - No control',-0.999951,'P.D. only',Injury,'03 - Rear end',Ottawa_west,0
Weekday,Noon,Road,'01 - Clear','03 - Dawn','01 - Dry','02 - Stop sign',-0.714281,'P.D. only',Injury,'03 - Rear end',downtown,0
Weekday,Night,Road,'01 - Clear','01 - Daylight','01 - Dry','01 - Traffic signal',-0.529407,'P.D. only',Injury,'05 - Turning movement',Ottawa_west,0
Weekday,Night,Road,'01 - Clear','01 - Daylight','01 - Dry','01 - Traffic signal',-0.599999,'P.D. only',Injury,'03 - Rear end',mid_town,0
Weekday,Mid_Night,highway,'01 - Clear','01 - Daylight','01 - Dry','10 - No control',-0.666661,'P.D. only',Injury,'07 - SMV other',mid_town,0
Weekday,Evening,Road,'02 - Rain','01 - Daylight','02 - Wet','01 - Traffic signal',-0.545453,'P.D. only',Injury,'07 - SMV other',downtown,0
Weekends,Evening,Road,'01 - Clear','01 - Daylight','06 - Ice','01 - Traffic signal',-0.6129,'P.D. only',Injury,'99 - Other',Ottawa_east,0
Weekends,Night,Road,'02 - Rain','01 - Daylight','02 - Wet','10 - No control',-0.499982,'P.D. only',Injury,'01 - Approaching',Ottawa_west,0
Weekday,Evening,Road,'01 - Clear','01 - Daylight','01 - Dry','01 - Traffic signal',-0.6129,'P.D. only',Injury,'03 - Rear end',Ottawa_west,0
Weekday,Evening,highway,'01 - Clear','01 - Daylight','01 - Dry','01 - Traffic signal',0,Injury,Injury,'02 - Angle',Ottawa_west,0
Weekends,Evening,Road,'01 - Clear','01 - Daylight','01 - Dry','02 - Stop sign',-0.249998,'P.D. only',Injury,'05 - Turning movement',Ottawa_east,0
Weekday,Afternoon,Road,'01 - Clear','01 - Daylight','01 - Dry','01 - Traffic signal',-0.62264,'P.D. only',Injury,'03 - Rear end',downtown,0
Weekday,Night,Road,'01 - Clear','01 - Daylight','01 - Dry','10 - No control',-0.539999,'P.D. only',Injury,'03 - Rear end',mid_town,0
Weekday,Night,Road,'01 - Clear','01 - Daylight','01 - Dry','10 - No control',-0.399997,'P.D. only',Injury,'07 - SMV other',Ottawa_south,0
Weekday,Night,Road,'01 - Clear','01 - Daylight','01 - Dry','02 - Stop sign',-0.35135,'P.D. only',Injury,'02 - Angle',downtown,0
Weekends,Evening,Road,'01 - Clear','01 - Daylight','01 - Dry','10 - No control',-0.799994,'P.D. only',Injury,'03 - Rear end',downtown,0
Weekday,Evening,Road,'01 - Clear','01 - Daylight','01 - Dry','02 - Stop sign',-0.882345,'P.D. only',Injury,'99 - Other',Ottawa_west,0
Weekday,Noon,Road,'01 - Clear','01 - Daylight','01 - Dry','01 - Traffic signal',0.777765,Injury,Injury,'07 - SMV other',downtown,1
Weekends,Morning,highway,'01 - Clear','07 - Dark','01 - Dry','10 - No control',-0.333317,'P.D. only',Injury,'07 - SMV other',downtown,0
Weekday,Noon,Road,'02 - Rain','01 - Daylight','02 - Wet','01 - Traffic signal',0.333317,Injury,Injury,'07 - SMV other',mid_town,1
Weekday,Mid_Night,Road,'01 - Clear','07 - Dark','01 - Dry','02 - Stop sign',0.764699,Injury,Injury,'07 - SMV other',downtown,1
Weekday,Noon,Road,'01 - Clear','01 - Daylight','01 - Dry','02 - Stop sign',0.916661,Injury,Injury,'07 - SMV other',downtown,1
Weekday,Evening,Road,'01 - Clear','01 - Daylight','01 - Dry','02 - Stop sign',0.999997,Injury,Injury,'07 - SMV other',downtown,1
Weekday,Mid_Night,Road,'01 - Clear','07 - Dark','01 - Dry','10 - No control',-0.999987,'P.D. only',Injury,'06 - SMV unattended vehicle',Ottawa_south,0
Weekends,Mid_Night,highway,'01 - Clear','07 - Dark','01 - Dry','10 - No control',-0.851847,'P.D. only',Injury,'04 - Sideswipe',downtown,0
Weekday,Night,Road,'06 - Strong wind','01 - Daylight','01 - Dry','10 - No control',-0.304346,'P.D. only',Injury,'05 - Turning movement',downtown,0
Weekends,Night,Road,'01 - Clear','01 - Daylight','01 - Dry','10 - No control',-0.623931,'P.D. only',Injury,'05 - Turning movement',downtown,0
Weekday,Noon,Road,'01 - Clear','03 - Dawn','01 - Dry','10 - No control',-0.999963,'P.D. only',Injury,'03 - Rear end',mid_town,0