DATE,TIME,Road_type,ENVIRONMENT,LIGHT,SURFACE_CONDITION,TRAFFIC_CONTROL,'prediction margin','predicted COLLISION_CLASSIFICATION',COLLISION_CLASSIFICATION,IMPACT_TYPE,Location,NO_OF_PEDESTRIANS
Weekday,Night,highway,'01 - Clear','01 - Daylight','01 - Dry','10 - No control',0.764699,'P.D. only','P.D. only','03 - Rear end',Ottawa_west,0
Weekday,Night,Road,'01 - Clear','07 - Dark','01 - Dry','02 - Stop sign',0.909085,'P.D. only','P.D. only','07 - SMV other',Ottawa_west,0
Weekday,Night,Road,'01 - Clear','01 - Daylight','01 - Dry','01 - Traffic signal',0.623931,'P.D. only','P.D. only','03 - Rear end',mid_town,0
Weekday,Night,highway,'01 - Clear','01 - Daylight','01 - Dry','10 - No control',0.605262,'P.D. only','P.D. only','03 - Rear end',downtown,0
Weekday,Evening,highway,'01 - Clear','01 - Daylight','01 - Dry','10 - No control',0.833323,'P.D. only','P.D. only','04 - Sideswipe',mid_town,0
Weekday,Evening,Road,'01 - Clear','01 - Daylight','01 - Dry','01 - Traffic signal',0.279999,'P.D. only','P.D. only','02 - Angle',downtown,0
Weekday,Evening,Road,'01 - Clear','01 - Daylight','01 - Dry','10 - No control',0.999985,'P.D. only','P.D. only','07 - SMV other',downtown,0
Weekday,Afternoon,Road,'01 - Clear','01 - Daylight','01 - Dry','01 - Traffic signal',0.407405,'P.D. only','P.D. only','05 - Turning movement',downtown,0
Weekday,Night,Road,'01 - Clear','07 - Dark','01 - Dry','10 - No control',0.499991,'P.D. only','P.D. only','03 - Rear end',downtown,0
Weekday,Night,Road,'01 - Clear','07 - Dark','01 - Dry','02 - Stop sign',0.479999,'P.D. only','P.D. only','05 - Turning movement',downtown,0
Weekday,Night,Road,'01 - Clear','01 - Daylight','01 - Dry','01 - Traffic signal',0.664335,'P.D. only','P.D. only','03 - Rear end',downtown,0
Weekday,Night,Road,'01 - Clear','01 - Daylight','01 - Dry','01 - Traffic signal',0.935479,'P.D. only','P.D. only','04 - Sideswipe',mid_town,0
Weekends,Mid_Night,Road,'01 - Clear','07 - Dark','01 - Dry','10 - No control',0.499982,'P.D. only','P.D. only','07 - SMV other',mid_town,0
Weekday,Night,highway,'02 - Rain','01 - Daylight','02 - Wet','02 - Stop sign',0.512193,'P.D. only','P.D. only','03 - Rear end',Ottawa_south,0
Weekends,Evening,Road,'01 - Clear','01 - Daylight','02 - Wet','10 - No control',0.707315,'P.D. only','P.D. only','03 - Rear end',mid_town,0
Weekday,Mid_Night,highway,'03 - Snow','07 - Dark','03 - Loose snow','10 - No control',0.999951,'P.D. only','P.D. only','07 - SMV other',Ottawa_west,0
Weekends,Night,Road,'01 - Clear','01 - Daylight','01 - Dry','01 - Traffic signal',0.499996,'P.D. only','P.D. only','03 - Rear end',mid_town,0
Weekday,Night,Road,'01 - Clear','01 - Daylight','01 - Dry','01 - Traffic signal',0.664335,'P.D. only','P.D. only','03 - Rear end',downtown,0
Weekday,Noon,Road,'03 - Snow','03 - Dawn','03 - Loose snow','01 - Traffic signal',0.999979,'P.D. only','P.D. only','03 - Rear end',downtown,0
Weekday,Noon,highway,'01 - Clear','01 - Daylight','01 - Dry','10 - No control',0.891888,'P.D. only','P.D. only','03 - Rear end',downtown,0
Weekday,Morning,Road,'01 - Clear','07 - Dark','02 - Wet','10 - No control',0.411761,'P.D. only','P.D. only','07 - SMV other',Ottawa_east,0
Weekday,Evening,Road,'01 - Clear','01 - Daylight','01 - Dry','01 - Traffic signal',0.529914,'P.D. only','P.D. only','01 - Approaching',mid_town,0
Weekday,Evening,Road,'01 - Clear','01 - Daylight','01 - Dry','10 - No control',0.545453,'P.D. only','P.D. only','03 - Rear end',downtown,0
Weekday,Afternoon,Road,'01 - Clear','01 - Daylight','01 - Dry','02 - Stop sign',0.259258,'P.D. only','P.D. only','07 - SMV other',mid_town,0
Weekday,Noon,Road,'01 - Clear','01 - Daylight','01 - Dry','01 - Traffic signal',0.849054,'P.D. only','P.D. only','03 - Rear end',downtown,0
Weekday,Evening,Road,'01 - Clear','01 - Daylight','01 - Dry','01 - Traffic signal',0.999971,'P.D. only','P.D. only','99 - Other',downtown,0
Weekday,Morning,highway,'01 - Clear','03 - Dawn','01 - Dry','10 - No control',0.999982,'P.D. only','P.D. only','07 - SMV other',Ottawa_south,0
Weekday,Night,Road,'01 - Clear','01 - Daylight','01 - Dry','10 - No control',0.999982,'P.D. only','P.D. only','06 - SMV unattended vehicle',Ottawa_west,0
Weekday,Afternoon,Road,'01 - Clear','01 - Daylight','01 - Dry','10 - No control',0.999971,'P.D. only','P.D. only','03 - Rear end',Ottawa_west,0
Weekday,Evening,Road,'01 - Clear','01 - Daylight','01 - Dry','01 - Traffic signal',0.559321,'P.D. only','P.D. only','03 - Rear end',mid_town,0
Weekday,Evening,Road,'05 - Drifting Snow','01 - Daylight','05 - Packed snow','01 - Traffic signal',0.435293,'P.D. only','P.D. only','02 - Angle',downtown,0
Weekday,Night,Road,'01 - Clear','01 - Daylight','01 - Dry','10 - No control',0.999987,'P.D. only','P.D. only','07 - SMV other',downtown,0
Weekday,Night,Road,'01 - Clear','01 - Daylight','01 - Dry','10 - No control',0.586204,'P.D. only','P.D. only','02 - Angle',mid_town,0
Weekends,Early_Morning,highway,'03 - Snow','07 - Dark','05 - Packed snow','10 - No control',0.999951,'P.D. only','P.D. only','07 - SMV other',mid_town,0
Weekday,Night,Road,'01 - Clear','01 - Daylight','01 - Dry','01 - Traffic signal',0.619043,'P.D. only','P.D. only','03 - Rear end',Ottawa_south,0
Weekday,Evening,Road,'01 - Clear','01 - Daylight','06 - Ice','10 - No control',0.727271,'P.D. only','P.D. only','03 - Rear end',mid_town,0
Weekends,Mid_Night,Road,'01 - Clear','07 - Dark','01 - Dry','10 - No control',0.999979,'P.D. only','P.D. only','06 - SMV unattended vehicle',Ottawa_east,0
Weekends,Evening,Road,'01 - Clear','01 - Daylight','01 - Dry','10 - No control',0.99999,'P.D. only','P.D. only','06 - SMV unattended vehicle',downtown,0
Weekday,Noon,Road,'01 - Clear','01 - Daylight','01 - Dry','01 - Traffic signal',0.846144,'P.D. only','P.D. only','04 - Sideswipe',mid_town,0
Weekday,Night,Road,'03 - Snow','05 - Dusk','05 - Packed snow','01 - Traffic signal',0.999951,'P.D. only','P.D. only','02 - Angle',mid_town,0
Weekday,Night,Road,'01 - Clear','01 - Daylight','01 - Dry','01 - Traffic signal',0.548385,'P.D. only','P.D. only','02 - Angle',downtown,0
Weekday,Night,Road,'02 - Rain','01 - Daylight','02 - Wet','01 - Traffic signal',0.599991,'P.D. only','P.D. only','03 - Rear end',Ottawa_west,0
Weekday,Night,Road,'01 - Clear','01 - Daylight','01 - Dry','02 - Stop sign',0.647053,'P.D. only','P.D. only','05 - Turning movement',downtown,0
Weekday,Evening,Road,'01 - Clear','01 - Daylight','01 - Dry','01 - Traffic signal',0.677416,'P.D. only','P.D. only','03 - Rear end',Ottawa_west,0
Weekday,Evening,Road,'01 - Clear','01 - Daylight','02 - Wet','10 - No control',0.999971,'P.D. only','P.D. only','04 - Sideswipe',mid_town,0
Weekday,Mid_Night,Road,'01 - Clear','01 - Daylight','01 - Dry','02 - Stop sign',0.571423,'P.D. only','P.D. only','99 - Other',downtown,0
Weekday,Evening,Road,'01 - Clear','01 - Daylight','01 - Dry','10 - No control',0.959181,'P.D. only','P.D. only','06 - SMV unattended vehicle',downtown,0
Weekday,Night,highway,'02 - Rain','01 - Daylight','02 - Wet','10 - No control',0.499982,'P.D. only','P.D. only','03 - Rear end',mid_town,0
Weekday,Night,highway,'02 - Rain','07 - Dark','06 - Ice','10 - No control',0.866662,'P.D. only','P.D. only','04 - Sideswipe',downtown,0
Weekday,Mid_Night,Road,'01 - Clear','07 - Dark','01 - Dry','01 - Traffic signal',0.999987,'P.D. only','P.D. only','05 - Turning movement',Ottawa_east,0
Weekday,Evening,Road,'01 - Clear','01 - Daylight','01 - Dry','10 - No control',0.545453,'P.D. only','P.D. only','03 - Rear end',downtown,0
Weekday,Afternoon,Road,'01 - Clear','01 - Daylight','01 - Dry','01 - Traffic signal',0,Injury,'P.D. only','03 - Rear end',Ottawa_south,0
Weekends,Afternoon,highway,'01 - Clear','01 - Daylight','01 - Dry','10 - No control',0.65714,'P.D. only','P.D. only','03 - Rear end',mid_town,0
Weekends,Afternoon,Road,'02 - Rain','01 - Daylight','02 - Wet','01 - Traffic signal',0.526314,'P.D. only','P.D. only','05 - Turning movement',Ottawa_south,0
Weekday,Afternoon,Road,'01 - Clear','01 - Daylight','02 - Wet','01 - Traffic signal',0.499982,'P.D. only','P.D. only','02 - Angle',downtown,0
Weekends,Early_Morning,highway,'01 - Clear','07 - Dark','01 - Dry','10 - No control',0.675673,'P.D. only','P.D. only','07 - SMV other',downtown,0
Weekday,Night,Road,'01 - Clear','01 - Daylight','01 - Dry','01 - Traffic signal',0.664335,'P.D. only','P.D. only','03 - Rear end',downtown,0
Weekday,Evening,Road,'01 - Clear','01 - Daylight','01 - Dry','10 - No control',0.846144,'P.D. only','P.D. only','05 - Turning movement',mid_town,0
Weekday,Evening,Road,'01 - Clear','01 - Daylight','01 - Dry','01 - Traffic signal',0.806448,'P.D. only','P.D. only','04 - Sideswipe',mid_town,0
Weekends,Evening,Road,'01 - Clear','01 - Daylight','01 - Dry','10 - No control',0.67213,'P.D. only','P.D. only','07 - SMV other',downtown,0
Weekday,Night,Road,'01 - Clear','07 - Dark','05 - Packed snow','01 - Traffic signal',0.999979,'P.D. only','P.D. only','03 - Rear end',Ottawa_west,0
Weekday,Noon,Road,'04 - Freezing Rain','01 - Daylight','06 - Ice','10 - No control',0.749986,'P.D. only','P.D. only','07 - SMV other',Ottawa_south,0
Weekday,Mid_Night,highway,'01 - Clear','07 - Dark','06 - Ice','10 - No control',0.999989,'P.D. only','P.D. only','07 - SMV other',Ottawa_south,0
Weekends,Mid_Night,Road,'01 - Clear','07 - Dark','02 - Wet','10 - No control',0.866662,'P.D. only','P.D. only','07 - SMV other',Ottawa_south,0
Weekday,Evening,Road,'02 - Rain','01 - Daylight','02 - Wet','02 - Stop sign',0.729727,'P.D. only','P.D. only','03 - Rear end',mid_town,0
Weekday,Evening,Road,'01 - Clear','01 - Daylight','01 - Dry','10 - No control',0.959181,'P.D. only','P.D. only','06 - SMV unattended vehicle',downtown,0
Weekends,Early_Morning,Road,'01 - Clear','07 - Dark','01 - Dry','10 - No control',0.66665,'P.D. only','P.D. only','07 - SMV other',downtown,0
Weekends,Night,Road,'01 - Clear','01 - Daylight','01 - Dry','02 - Stop sign',0,Injury,'P.D. only','02 - Angle',downtown,0
Weekends,Afternoon,Road,'01 - Clear','01 - Daylight','01 - Dry','02 - Stop sign',0.399998,'P.D. only','P.D. only','02 - Angle',mid_town,0
Weekends,Evening,Road,'01 - Clear','01 - Daylight','01 - Dry','01 - Traffic signal',0.999951,'P.D. only','P.D. only','04 - Sideswipe',mid_town,0
Weekday,Night,Road,'01 - Clear','07 - Dark','01 - Dry','10 - No control',0.723403,'P.D. only','P.D. only','07 - SMV other',Ottawa_east,0
Weekday,Night,Road,'01 - Clear','07 - Dark','01 - Dry','10 - No control',0.499991,'P.D. only','P.D. only','03 - Rear end',downtown,0
Weekday,Evening,Road,'01 - Clear','01 - Daylight','01 - Dry','10 - No control',0.959181,'P.D. only','P.D. only','06 - SMV unattended vehicle',downtown,0
Weekday,Night,highway,'01 - Clear','01 - Daylight','01 - Dry','01 - Traffic signal',0.428562,'P.D. only','P.D. only','03 - Rear end',downtown,0
Weekends,Afternoon,Road,'01 - Clear','01 - Daylight','01 - Dry','01 - Traffic signal',0.454539,'P.D. only','P.D. only','03 - Rear end',mid_town,0
Weekday,Evening,highway,'03 - Snow','01 - Daylight','04 - Slush','10 - No control',0.999951,'P.D. only','P.D. only','07 - SMV other',mid_town,0
Weekday,Evening,Road,'01 - Clear','01 - Daylight','01 - Dry','10 - No control',0.545453,'P.D. only','P.D. only','03 - Rear end',downtown,0
Weekday,Mid_Night,Road,'01 - Clear','07 - Dark','01 - Dry','10 - No control',0.999994,'P.D. only','P.D. only','06 - SMV unattended vehicle',downtown,0
Weekday,Night,Road,'01 - Clear','01 - Daylight','01 - Dry','02 - Stop sign',0.459458,'P.D. only','P.D. only','02 - Angle',downtown,0
Weekends,Mid_Night,Road,'01 - Clear','07 - Dark','05 - Packed snow','10 - No control',0.999989,'P.D. only','P.D. only','06 - SMV unattended vehicle',Ottawa_west,0
Weekends,Evening,Road,'01 - Clear','01 - Daylight','01 - Dry','10 - No control',0.846144,'P.D. only','P.D. only','02 - Angle',downtown,0
Weekday,Mid_Night,Road,'01 - Clear','07 - Dark','01 - Dry','02 - Stop sign',0.333325,'P.D. only','P.D. only','02 - Angle',downtown,0
Weekends,Night,Road,'01 - Clear','01 - Daylight','01 - Dry','01 - Traffic signal',0.999976,'P.D. only','P.D. only','04 - Sideswipe',mid_town,0
Weekday,Mid_Night,highway,'03 - Snow','07 - Dark','03 - Loose snow','10 - No control',0.999991,'P.D. only','P.D. only','07 - SMV other',Ottawa_south,0
Weekends,Afternoon,highway,'03 - Snow','01 - Daylight','05 - Packed snow','10 - No control',0.555553,'P.D. only','P.D. only','04 - Sideswipe',mid_town,0
Weekday,Night,Road,'01 - Clear','01 - Daylight','01 - Dry','10 - No control',0.599999,'P.D. only','P.D. only','03 - Rear end',downtown,0
Weekday,Night,Road,'03 - Snow','07 - Dark','05 - Packed snow','10 - No control',0.499982,'P.D. only','P.D. only','02 - Angle',downtown,0
Weekday,Noon,highway,'01 - Clear','01 - Daylight','01 - Dry','10 - No control',-0.891888,'P.D. only',Injury,'03 - Rear end',downtown,0
Weekends,Night,Road,'03 - Snow','07 - Dark','03 - Loose snow','01 - Traffic signal',-0.909085,'P.D. only',Injury,'07 - SMV other',Ottawa_south,0
Weekday,Afternoon,Road,'01 - Clear','01 - Daylight','01 - Dry','01 - Traffic signal',-0.862065,'P.D. only',Injury,'03 - Rear end',mid_town,0
Weekday,Night,Road,'01 - Clear','01 - Daylight','01 - Dry','02 - Stop sign',-0.499982,'P.D. only',Injury,'05 - Turning movement',Ottawa_south,0
Weekday,Noon,Road,'03 - Snow','07 - Dark','03 - Loose snow','10 - No control',-0.999979,'P.D. only',Injury,'07 - SMV other',Ottawa_south,0
Weekday,Mid_Night,Road,'00 - Unknown','07 - Dark','02 - Wet','01 - Traffic signal',-0.666665,'P.D. only',Injury,'05 - Turning movement',Ottawa_east,0
Weekday,Evening,Road,'01 - Clear','01 - Daylight','01 - Dry','01 - Traffic signal',-0.559321,'P.D. only',Injury,'03 - Rear end',mid_town,0
Weekday,Noon,highway,'01 - Clear','01 - Daylight','01 - Dry','10 - No control',-0.384611,'P.D. only',Injury,'03 - Rear end',Ottawa_west,0
Weekday,Mid_Night,highway,'03 - Snow','07 - Dark','03 - Loose snow','10 - No control',-0.999951,'P.D. only',Injury,'99 - Other',mid_town,0
Weekday,Night,Road,'05 - Drifting Snow','01 - Daylight','03 - Loose snow','10 - No control',-0.66665,'P.D. only',Injury,'07 - SMV other',Ottawa_south,0
Weekends,Mid_Night,Road,'01 - Clear','07 - Dark','01 - Dry','10 - No control',-0.999971,'P.D. only',Injury,'07 - SMV other',Ottawa_east,0
Weekday,Night,Road,'01 - Clear','01 - Daylight','01 - Dry','02 - Stop sign',0,Injury,Injury,'02 - Angle',Ottawa_east,0
Weekday,Evening,Road,'01 - Clear','01 - Daylight','01 - Dry','01 - Traffic signal',-0.461538,'P.D. only',Injury,'05 - Turning movement',downtown,0
Weekday,Night,highway,'01 - Clear','01 - Daylight','01 - Dry','10 - No control',-0.799996,'P.D. only',Injury,'03 - Rear end',mid_town,0
Weekday,Noon,Road,'01 - Clear','01 - Daylight','04 - Slush','10 - No control',-0.666665,'P.D. only',Injury,'03 - Rear end',downtown,0
Weekday,Evening,Road,'01 - Clear','01 - Daylight','02 - Wet','03 - Yield sign',-0.679996,'P.D. only',Injury,'02 - Angle',downtown,0
Weekday,Mid_Night,Road,'02 - Rain','07 - Dark','02 - Wet','01 - Traffic signal',-0.333328,'P.D. only',Injury,'05 - Turning movement',downtown,0
Weekday,Evening,Road,'01 - Clear','01 - Daylight','01 - Dry','10 - No control',-0.538455,'P.D. only',Injury,'07 - SMV other',mid_town,0
Weekday,Night,Road,'01 - Clear','01 - Daylight','01 - Dry','01 - Traffic signal',0.860462,Injury,Injury,'07 - SMV other',mid_town,1
Weekends,Mid_Night,Road,'01 - Clear','07 - Dark','01 - Dry','01 - Traffic signal',-0.444441,'P.D. only',Injury,'02 - Angle',Ottawa_west,0
Weekends,Afternoon,highway,'01 - Clear','01 - Daylight','01 - Dry','10 - No control',-0.65714,'P.D. only',Injury,'03 - Rear end',mid_town,0
Weekday,Noon,highway,'01 - Clear','07 - Dark','02 - Wet','10 - No control',-0.749993,'P.D. only',Injury,'99 - Other',mid_town,0
Weekday,Mid_Night,highway,'01 - Clear','07 - Dark','01 - Dry','10 - No control',-0.799988,'P.D. only',Injury,'03 - Rear end',mid_town,0
Weekday,Mid_Night,highway,'01 - Clear','07 - Dark','01 - Dry','01 - Traffic signal',-0.999951,'P.D. only',Injury,'03 - Rear end',mid_town,0
Weekday,Mid_Night,Road,'01 - Clear','01 - Daylight','01 - Dry','01 - Traffic signal',-0.384614,'P.D. only',Injury,'07 - SMV other',mid_town,0
Weekends,Morning,Road,'01 - Clear','03 - Dawn','01 - Dry','10 - No control',-0.599982,'P.D. only',Injury,'07 - SMV other',Ottawa_west,0
Weekends,Afternoon,Road,'01 - Clear','01 - Daylight','01 - Dry','10 - No control',-0.333317,'P.D. only',Injury,'07 - SMV other',Ottawa_west,0
Weekday,Mid_Night,Road,'01 - Clear','07 - Dark','01 - Dry','02 - Stop sign',-0.599982,'P.D. only',Injury,'02 - Angle',mid_town,0
Weekends,Night,Road,'01 - Clear','01 - Daylight','01 - Dry','01 - Traffic signal',0.333317,Injury,Injury,'02 - Angle',mid_town,0
Weekday,Night,Road,'01 - Clear','01 - Daylight','01 - Dry','01 - Traffic signal',-0.664335,'P.D. only',Injury,'03 - Rear end',downtown,0
Weekday,Night,highway,'01 - Clear','01 - Daylight','04 - Slush','10 - No control',-0.733326,'P.D. only',Injury,'04 - Sideswipe',mid_town,0
Weekday,Evening,Road,'01 - Clear','01 - Daylight','02 - Wet','02 - Stop sign',-0.999951,'P.D. only',Injury,'05 - Turning movement',downtown,0
Weekday,Night,Road,'01 - Clear','01 - Daylight','01 - Dry','01 - Traffic signal',-0.545451,'P.D. only',Injury,'03 - Rear end',Ottawa_east,0
Weekday,Night,highway,'01 - Clear','01 - Daylight','01 - Dry','10 - No control',-0.777765,'P.D. only',Injury,'99 - Other',Ottawa_south,0
Weekday,Night,Road,'01 - Clear','01 - Daylight','01 - Dry','01 - Traffic signal',-0.478259,'P.D. only',Injury,'05 - Turning movement',mid_town,0
Weekday,Evening,highway,'01 - Clear','01 - Daylight','01 - Dry','10 - No control',-0.531913,'P.D. only',Injury,'03 - Rear end',downtown,0
Weekday,Night,Road,'01 - Clear','01 - Daylight','01 - Dry','10 - No control',-0.559999,'P.D. only',Injury,'03 - Rear end',mid_town,0
Weekday,Night,Road,'01 - Clear','01 - Daylight','01 - Dry','01 - Traffic signal',-0.623931,'P.D. only',Injury,'03 - Rear end',mid_town,0
Weekday,Night,Road,'01 - Clear','05 - Dusk','01 - Dry','01 - Traffic signal',0,Injury,Injury,'05 - Turning movement',downtown,0
Weekday,Evening,Road,'01 - Clear','01 - Daylight','02 - Wet','01 - Traffic signal',-0.621619,'P.D. only',Injury,'02 - Angle',Ottawa_west,0
Weekday,Night,Road,'01 - Clear','01 - Daylight','01 - Dry','10 - No control',-0.722222,'P.D. only',Injury,'01 - Approaching',downtown,0
Weekday,Mid_Night,Road,'01 - Clear','07 - Dark','01 - Dry','02 - Stop sign',0.857134,Injury,Injury,'07 - SMV other',downtown,1
Weekends,Evening,Road,'02 - Rain','01 - Daylight','02 - Wet','02 - Stop sign',0.052631,Injury,Injury,'07 - SMV other',downtown,1
Weekday,Evening,Road,'01 - Clear','01 - Daylight','01 - Dry','02 - Stop sign',-0.599997,'P.D. only',Injury,'02 - Angle',downtown,0
Weekday,Early_Morning,Road,'02 - Rain','07 - Dark','02 - Wet','01 - Traffic signal',0.999971,Injury,Injury,'07 - SMV other',downtown,1
Weekday,Night,Road,'01 - Clear','01 - Daylight','01 - Dry','01 - Traffic signal',-0.513511,'P.D. only',Injury,'03 - Rear end',Ottawa_west,0
Weekday,Night,highway,'01 - Clear','07 - Dark','01 - Dry','10 - No control',-0.66665,'P.D. only',Injury,'03 - Rear end',Ottawa_west,0
Weekday,Afternoon,Road,'01 - Clear','01 - Daylight','01 - Dry','10 - No control',-0.818171,'P.D. only',Injury,'03 - Rear end',mid_town,0
Weekends,Evening,Road,'01 - Clear','01 - Daylight','01 - Dry','01 - Traffic signal',-0.249995,'P.D. only',Injury,'03 - Rear end',Ottawa_south,0
Weekday,Mid_Night,highway,'01 - Clear','07 - Dark','01 - Dry','10 - No control',-0.666661,'P.D. only',Injury,'03 - Rear end',downtown,0
Weekday,Evening,Road,'03 - Snow','01 - Daylight','06 - Ice','01 - Traffic signal',-0.692304,'P.D. only',Injury,'03 - Rear end',mid_town,0
Weekday,Night,Road,'01 - Clear','01 - Daylight','01 - Dry','01 - Traffic signal',0.860462,Injury,Injury,'07 - SMV other',mid_town,1
Weekday,Mid_Night,Road,'01 - Clear','07 - Dark','02 - Wet','10 - No control',-0.999963,'P.D. only',Injury,'03 - Rear end',mid_town,0
Weekday,Noon,Road,'01 - Clear','03 - Dawn','01 - Dry','10 - No control',-0.555553,'P.D. only',Injury,'03 - Rear end',Ottawa_west,0
Weekday,Noon,Road,'02 - Rain','01 - Daylight','02 - Wet','01 - Traffic signal',-0.666664,'P.D. only',Injury,'03 - Rear end',Ottawa_west,0
Weekday,Night,Road,'01 - Clear','05 - Dusk','01 - Dry','01 - Traffic signal',-0.799988,'P.D. only',Injury,'03 - Rear end',mid_town,0
Weekday,Night,Road,'01 - Clear','01 - Daylight','01 - Dry','02 - Stop sign',-0.199998,'P.D. only',Injury,'02 - Angle',Ottawa_south,0
Weekday,Noon,Road,'01 - Clear','01 - Daylight','06 - Ice','10 - No control',-0.499991,'P.D. only',Injury,'03 - Rear end',downtown,0
Weekday,Night,Road,'01 - Clear','01 - Daylight','01 - Dry','10 - No control',-0.599999,'P.D. only',Injury,'03 - Rear end',downtown,0
Weekday,Evening,Road,'03 - Snow','01 - Daylight','03 - Loose snow','10 - No control',-0.733326,'P.D. only',Injury,'01 - Approaching',Ottawa_east,0
Weekday,Night,Road,'01 - Clear','01 - Daylight','01 - Dry','01 - Traffic signal',-0.999963,'P.D. only',Injury,'02 - Angle',Ottawa_east,0
Weekends,Mid_Night,highway,'02 - Rain','01 - Daylight','02 - Wet','01 - Traffic signal',-0.777775,'P.D. only',Injury,'03 - Rear end',downtown,0
Weekday,Night,Road,'03 - Snow','01 - Daylight','05 - Packed snow','10 - No control',-0.999976,'P.D. only',Injury,'05 - Turning movement',downtown,0
Weekday,Afternoon,Road,'01 - Clear','01 - Daylight','01 - Dry','10 - No control',-0.749986,'P.D. only',Injury,'07 - SMV other',mid_town,0
Weekday,Evening,Road,'01 - Clear','01 - Daylight','99 - Other','02 - Stop sign',-0.644067,'P.D. only',Injury,'03 - Rear end',Ottawa_east,0
Weekday,Mid_Night,Road,'01 - Clear','07 - Dark','01 - Dry','01 - Traffic signal',-0.777765,'P.D. only',Injury,'05 - Turning movement',Ottawa_west,0
Weekday,Noon,Road,'01 - Clear','01 - Daylight','02 - Wet','02 - Stop sign',0,Injury,Injury,'07 - SMV other',mid_town,0
Weekday,Night,Road,'01 - Clear','01 - Daylight','01 - Dry','02 - Stop sign',-0.459458,'P.D. only',Injury,'02 - Angle',downtown,0
Weekends,Night,highway,'01 - Clear','01 - Daylight','01 - Dry','01 - Traffic signal',0.674416,Injury,Injury,'07 - SMV other',downtown,1
Weekday,Night,highway,'01 - Clear','01 - Daylight','01 - Dry','10 - No control',-0.605262,'P.D. only',Injury,'03 - Rear end',downtown,0
Weekends,Mid_Night,Road,'01 - Clear','07 - Dark','01 - Dry','10 - No control',0.647053,Injury,Injury,'07 - SMV other',downtown,1
Weekday,Evening,Road,'01 - Clear','01 - Daylight','01 - Dry','01 - Traffic signal',-0.66665,'P.D. only',Injury,'02 - Angle',Ottawa_west,0
Weekends,Night,Road,'01 - Clear','01 - Daylight','01 - Dry','01 - Traffic signal',0.941172,Injury,Injury,'07 - SMV other',downtown,1
Weekends,Evening,Road,'01 - Clear','01 - Daylight','01 - Dry','01 - Traffic signal',-0.714271,'P.D. only',Injury,'03 - Rear end',Ottawa_east,0
Weekday,Night,highway,'01 - Clear','01 - Daylight','01 - Dry','01 - Traffic signal',-0.428562,'P.D. only',Injury,'03 - Rear end',downtown,0
Weekday,Evening,Road,'01 - Clear','01 - Daylight','02 - Wet','01 - Traffic signal',-0.565214,'P.D. only',Injury,'03 - Rear end',downtown,0
Weekday,Afternoon,Road,'01 - Clear','01 - Daylight','02 - Wet','01 - Traffic signal',-0.573769,'P.D. only',Injury,'05 - Turning movement',mid_town,0
Weekday,Night,Road,'02 - Rain','01 - Daylight','02 - Wet','10 - No control',-0.555551,'P.D. only',Injury,'03 - Rear end',downtown,0
Weekday,Night,Road,'01 - Clear','01 - Daylight','01 - Dry','10 - No control',-0.559999,'P.D. only',Injury,'03 - Rear end',mid_town,0
Weekends,Mid_Night,Road,'06 - Strong wind','07 - Dark','06 - Ice','01 - Traffic signal',-0.826082,'P.D. only',Injury,'02 - Angle',downtown,0
Weekday,Noon,Road,'01 - Clear','01 - Daylight','01 - Dry','10 - No control',-0.599997,'P.D. only',Injury,'04 - Sideswipe',downtown,0
Weekday,Night,Road,'03 - Snow','01 - Daylight','03 - Loose snow','01 - Traffic signal',-0.454539,'P.D. only',Injury,'07 - SMV other',Ottawa_east,1
Weekends,Mid_Night,Road,'03 - Snow','07 - Dark','04 - Slush','10 - No control',-0.599982,'P.D. only',Injury,'07 - SMV other',mid_town,0
Weekday,Mid_Night,Road,'01 - Clear','05 - Dusk','01 - Dry','01 - Traffic signal',0.599982,Injury,Injury,'07 - SMV other',downtown,1
Weekday,Noon,Road,'01 - Clear','01 - Daylight','02 - Wet','10 - No control',-0.485712,'P.D. only',Injury,'05 - Turning movement',mid_town,0
Weekday,Evening,Road,'01 - Clear','01 - Daylight','01 - Dry','10 - No control',0.999979,Injury,Injury,'07 - SMV other',downtown,1
Weekday,Night,Road,'01 - Clear','01 - Daylight','01 - Dry','02 - Stop sign',-0.459458,'P.D. only',Injury,'02 - Angle',downtown,0
Weekends,Night,Road,'01 - Clear','01 - Daylight','01 - Dry','10 - No control',-0.333328,'P.D. only',Injury,'03 - Rear end',mid_town,0
Weekday,Evening,Road,'01 - Clear','01 - Daylight','01 - Dry','01 - Traffic signal',0.882349,Injury,Injury,'07 - SMV other',Ottawa_west,1
Weekday,Evening,Road,'01 - Clear','01 - Daylight','01 - Dry','10 - No control',-0.999951,'P.D. only',Injury,'05 - Turning movement',Ottawa_west,0
Weekday,Night,Road,'01 - Clear','01 - Daylight','01 - Dry','10 - No control',-0.416664,'P.D. only',Injury,'05 - Turning movement',downtown,0
Weekday,Night,Road,'01 - Clear','01 - Daylight','01 - Dry','01 - Traffic signal',-0.548385,'P.D. only',Injury,'02 - Angle',downtown,0
Weekday,Mid_Night,Road,'01 - Clear','07 - Dark','01 - Dry','10 - No control',-0.767439,'P.D. only',Injury,'07 - SMV other',Ottawa_west,0
Weekends,Night,Road,'01 - Clear','01 - Daylight','01 - Dry','01 - Traffic signal',0.249995,Injury,Injury,'05 - Turning movement',mid_town,0