DATE,TIME,Road_type,ENVIRONMENT,LIGHT,SURFACE_CONDITION,TRAFFIC_CONTROL,'prediction margin','predicted COLLISION_CLASSIFICATION',COLLISION_CLASSIFICATION,IMPACT_TYPE,Location,NO_OF_PEDESTRIANS
Weekday,Early_Morning,highway,'03 - Snow','07 - Dark','03 - Loose snow','10 - No control',-0.999989,'P.D. only',Injury,'07 - SMV other',Ottawa_west,0
Weekday,Afternoon,Road,'01 - Clear','01 - Daylight','01 - Dry','10 - No control',-0.499994,'P.D. only',Injury,'05 - Turning movement',downtown,0
Weekday,Evening,highway,'01 - Clear','01 - Daylight','01 - Dry','10 - No control',-0.531913,'P.D. only',Injury,'03 - Rear end',downtown,0
Weekday,Noon,highway,'01 - Clear','01 - Daylight','06 - Ice','10 - No control',-0.407405,'P.D. only',Injury,'03 - Rear end',Ottawa_west,0
Weekday,Evening,Road,'01 - Clear','01 - Daylight','01 - Dry','01 - Traffic signal',0.999993,Injury,Injury,'07 - SMV other',downtown,1
Weekday,Noon,Road,'02 - Rain','01 - Daylight','02 - Wet','01 - Traffic signal',-0.66665,'P.D. only',Injury,'03 - Rear end',downtown,0
Weekday,Night,Road,'03 - Snow','01 - Daylight','03 - Loose snow','01 - Traffic signal',0.209302,Injury,Injury,'07 - SMV other',downtown,1
Weekday,Evening,Road,'01 - Clear','01 - Daylight','01 - Dry','01 - Traffic signal',-0.499996,'P.D. only',Injury,'03 - Rear end',Ottawa_east,0
Weekends,Evening,Road,'01 - Clear','01 - Daylight','01 - Dry','01 - Traffic signal',-0.714271,'P.D. only',Injury,'03 - Rear end',Ottawa_east,0
Weekday,Night,Road,'03 - Snow','05 - Dusk','04 - Slush','01 - Traffic signal',-0.499982,'P.D. only',Injury,'03 - Rear end',downtown,0
Weekday,Night,Road,'01 - Clear','07 - Dark','01 - Dry','01 - Traffic signal',-0.818171,'P.D. only',Injury,'03 - Rear end',mid_town,0
Weekday,Night,Road,'01 - Clear','07 - Dark','03 - Loose snow','10 - No control',0.636362,Injury,Injury,'07 - SMV other',downtown,1
Weekday,Noon,Road,'01 - Clear','01 - Daylight','01 - Dry','01 - Traffic signal',-0.428567,'P.D. only',Injury,'05 - Turning movement',mid_town,0
Weekends,Night,Road,'01 - Clear','01 - Daylight','01 - Dry','01 - Traffic signal',0.272724,Injury,Injury,'02 - Angle',downtown,0
Weekday,Evening,Road,'01 - Clear','01 - Daylight','01 - Dry','09 - Traffic controller',0.999985,Injury,Injury,'07 - SMV other',mid_town,1
Weekday,Afternoon,Road,'02 - Rain','01 - Daylight','02 - Wet','01 - Traffic signal',0.999951,Injury,Injury,'07 - SMV other',mid_town,1
Weekday,Noon,Road,'01 - Clear','01 - Daylight','02 - Wet','10 - No control',-0.793099,'P.D. only',Injury,'03 - Rear end',Ottawa_south,0
Weekday,Evening,Road,'01 - Clear','01 - Daylight','01 - Dry','01 - Traffic signal',0.999993,Injury,Injury,'07 - SMV other',downtown,1
Weekday,Evening,Road,'01 - Clear','01 - Daylight','01 - Dry','10 - No control',-0.999979,'P.D. only',Injury,'04 - Sideswipe',Ottawa_east,0
Weekday,Evening,Road,'01 - Clear','01 - Daylight','01 - Dry','02 - Stop sign',-0.799988,'P.D. only',Injury,'03 - Rear end',mid_town,0
Weekday,Night,Road,'01 - Clear','01 - Daylight','01 - Dry','01 - Traffic signal',0.056604,Injury,Injury,'02 - Angle',downtown,1
Weekends,Night,Road,'01 - Clear','01 - Daylight','01 - Dry','10 - No control',0.799994,Injury,Injury,'07 - SMV other',downtown,1
Weekday,Noon,Road,'01 - Clear','01 - Daylight','02 - Wet','01 - Traffic signal',-0.999963,'P.D. only',Injury,'03 - Rear end',mid_town,0
Weekday,Evening,Road,'02 - Rain','01 - Daylight','02 - Wet','01 - Traffic signal',-0.999992,'P.D. only',Injury,'03 - Rear end',mid_town,0
Weekday,Noon,Road,'01 - Clear','01 - Daylight','01 - Dry','01 - Traffic signal',-0.849054,'P.D. only',Injury,'03 - Rear end',downtown,0
Weekday,Mid_Night,Road,'04 - Freezing Rain','07 - Dark','06 - Ice','10 - No control',-0.749986,'P.D. only',Injury,'07 - SMV other',downtown,2
Weekday,Night,Road,'01 - Clear','05 - Dusk','04 - Slush','01 - Traffic signal',0.507691,Injury,Injury,'07 - SMV other',Ottawa_east,1
Weekday,Noon,Road,'01 - Clear','01 - Daylight','01 - Dry','10 - No control',-0.230767,'P.D. only',Injury,'02 - Angle',downtown,0
Weekday,Noon,Road,'02 - Rain','01 - Daylight','02 - Wet','10 - No control',-0.454542,'P.D. only',Injury,'07 - SMV other',Ottawa_south,0
Weekday,Night,Road,'01 - Clear','07 - Dark','01 - Dry','01 - Traffic signal',-0.111109,'P.D. only',Injury,'05 - Turning movement',mid_town,0
Weekends,Evening,Road,'01 - Clear','01 - Daylight','08 - Loose sand or gravel','02 - Stop sign',-0.33333,'P.D. only',Injury,'07 - SMV other',Ottawa_south,0
Weekends,Early_Morning,Road,'01 - Clear','07 - Dark','01 - Dry','10 - No control',-0.777765,'P.D. only',Injury,'07 - SMV other',Ottawa_south,0
Weekday,Evening,Road,'01 - Clear','01 - Daylight','02 - Wet','01 - Traffic signal',0.999963,Injury,Injury,'07 - SMV other',downtown,1
Weekday,Afternoon,highway,'01 - Clear','01 - Daylight','06 - Ice','10 - No control',-0.624994,'P.D. only',Injury,'07 - SMV other',downtown,0
Weekday,Night,highway,'01 - Clear','01 - Daylight','01 - Dry','01 - Traffic signal',-0.634408,'P.D. only',Injury,'05 - Turning movement',downtown,0
Weekday,Mid_Night,Road,'01 - Clear','07 - Dark','01 - Dry','10 - No control',-0.767439,'P.D. only',Injury,'07 - SMV other',Ottawa_west,0
Weekday,Night,Road,'03 - Snow','07 - Dark','05 - Packed snow','01 - Traffic signal',-0.714271,'P.D. only',Injury,'05 - Turning movement',downtown,0
Weekday,Night,Road,'01 - Clear','07 - Dark','01 - Dry','01 - Traffic signal',-0.722219,'P.D. only',Injury,'02 - Angle',Ottawa_west,0
Weekday,Night,Road,'01 - Clear','07 - Dark','01 - Dry','01 - Traffic signal',-0.999971,'P.D. only',Injury,'03 - Rear end',Ottawa_west,0
Weekday,Afternoon,Road,'01 - Clear','01 - Daylight','01 - Dry','10 - No control',-0.407405,'P.D. only',Injury,'03 - Rear end',downtown,0
Weekday,Noon,Road,'01 - Clear','01 - Daylight','01 - Dry','10 - No control',-0.599997,'P.D. only',Injury,'04 - Sideswipe',downtown,0
Weekends,Afternoon,Road,'01 - Clear','01 - Daylight','01 - Dry','01 - Traffic signal',-0.999963,'P.D. only',Injury,'02 - Angle',downtown,0
Weekday,Night,Road,'01 - Clear','01 - Daylight','01 - Dry','01 - Traffic signal',-0.599999,'P.D. only',Injury,'05 - Turning movement',downtown,0
Weekday,Night,Road,'01 - Clear','01 - Daylight','01 - Dry','10 - No control',-0.416664,'P.D. only',Injury,'05 - Turning movement',downtown,0
Weekday,Night,Road,'01 - Clear','07 - Dark','02 - Wet','02 - Stop sign',-0.333317,'P.D. only',Injury,'02 - Angle',Ottawa_south,0
Weekends,Night,Road,'01 - Clear','01 - Daylight','01 - Dry','01 - Traffic signal',-0.333317,'P.D. only',Injury,'02 - Angle',Ottawa_east,0
Weekday,Noon,Road,'01 - Clear','01 - Daylight','01 - Dry','10 - No control',0.85714,Injury,Injury,'07 - SMV other',downtown,1
Weekends,Mid_Night,highway,'01 - Clear','07 - Dark','01 - Dry','10 - No control',-0.333317,'P.D. only',Injury,'07 - SMV other',Ottawa_east,0
Weekday,Noon,Road,'01 - Clear','01 - Daylight','01 - Dry','02 - Stop sign',0.142854,Injury,Injury,'02 - Angle',Ottawa_south,0
Weekends,Evening,highway,'01 - Clear','01 - Daylight','01 - Dry','10 - No control',-0.999963,'P.D. only',Injury,'04 - Sideswipe',mid_town,0
Weekends,Mid_Night,highway,'01 - Clear','05 - Dusk','01 - Dry','10 - No control',0,Injury,Injury,'07 - SMV other',Ottawa_south,0
Weekday,Night,Road,'01 - Clear','01 - Daylight','01 - Dry','10 - No control',-0.22222,'P.D. only',Injury,'03 - Rear end',Ottawa_west,0
Weekday,Noon,Road,'03 - Snow','01 - Daylight','03 - Loose snow','10 - No control',-0.411761,'P.D. only',Injury,'01 - Approaching',downtown,0
Weekday,Night,Road,'03 - Snow','07 - Dark','02 - Wet','01 - Traffic signal',0.599982,Injury,Injury,'07 - SMV other',downtown,1
Weekday,Mid_Night,Road,'02 - Rain','07 - Dark','02 - Wet','01 - Traffic signal',-0.533331,'P.D. only',Injury,'03 - Rear end',mid_town,0
Weekday,Noon,Road,'03 - Snow','01 - Daylight','02 - Wet','10 - No control',-0.999987,'P.D. only',Injury,'07 - SMV other',Ottawa_west,0
Weekday,Mid_Night,Road,'02 - Rain','07 - Dark','02 - Wet','01 - Traffic signal',-0.263156,'P.D. only',Injury,'05 - Turning movement',Ottawa_west,0
Weekday,Mid_Night,Road,'01 - Clear','07 - Dark','02 - Wet','02 - Stop sign',-0.454539,'P.D. only',Injury,'07 - SMV other',Ottawa_south,0
Weekends,Night,Road,'02 - Rain','01 - Daylight','02 - Wet','02 - Stop sign',-0.111109,'P.D. only',Injury,'02 - Angle',Ottawa_south,0
Weekday,Night,Road,'03 - Snow','01 - Daylight','06 - Ice','10 - No control',-0.999976,'P.D. only',Injury,'02 - Angle',downtown,0
Weekends,Afternoon,Road,'03 - Snow','01 - Daylight','03 - Loose snow','01 - Traffic signal',-0.636355,'P.D. only',Injury,'03 - Rear end',mid_town,0
Weekends,Mid_Night,Road,'01 - Clear','07 - Dark','01 - Dry','01 - Traffic signal',-0.699997,'P.D. only',Injury,'05 - Turning movement',Ottawa_east,0
Weekday,Evening,highway,'01 - Clear','01 - Daylight','01 - Dry','01 - Traffic signal',-0.625806,'P.D. only',Injury,'03 - Rear end',mid_town,0
Weekends,Night,Road,'01 - Clear','01 - Daylight','02 - Wet','01 - Traffic signal',-0.714284,'P.D. only',Injury,'03 - Rear end',downtown,0
Weekends,Evening,Road,'01 - Clear','01 - Daylight','01 - Dry','01 - Traffic signal',-0.529409,'P.D. only',Injury,'03 - Rear end',mid_town,0
Weekday,Noon,Road,'02 - Rain','01 - Daylight','02 - Wet','10 - No control',-0.599982,'P.D. only',Injury,'03 - Rear end',downtown,0
Weekday,Night,highway,'03 - Snow','01 - Daylight','03 - Loose snow','10 - No control',-0.714281,'P.D. only',Injury,'07 - SMV other',Ottawa_west,0
Weekday,Mid_Night,Road,'02 - Rain','07 - Dark','02 - Wet','01 - Traffic signal',0.636355,Injury,Injury,'07 - SMV other',downtown,1
Weekday,Afternoon,Road,'01 - Clear','01 - Daylight','01 - Dry','01 - Traffic signal',-0.333317,'P.D. only',Injury,'02 - Angle',Ottawa_south,0
Weekday,Afternoon,Road,'02 - Rain','01 - Daylight','02 - Wet','10 - No control',-0.62264,'P.D. only',Injury,'99 - Other',Ottawa_south,0
Weekday,Noon,Road,'01 - Clear','01 - Daylight','02 - Wet','10 - No control',-0.599998,'P.D. only',Injury,'02 - Angle',downtown,0
Weekday,Night,Road,'01 - Clear','01 - Daylight','01 - Dry','01 - Traffic signal',0.860462,Injury,Injury,'07 - SMV other',mid_town,1
Weekends,Night,Road,'01 - Clear','01 - Daylight','01 - Dry','10 - No control',-0.333317,'P.D. only',Injury,'07 - SMV other',downtown,0
Weekday,Night,Road,'01 - Clear','05 - Dusk','01 - Dry','02 - Stop sign',-0.428567,'P.D. only',Injury,'05 - Turning movement',Ottawa_south,0
Weekday,Mid_Night,Road,'01 - Clear','07 - Dark','01 - Dry','01 - Traffic signal',-0.499982,'P.D. only',Injury,'03 - Rear end',Ottawa_west,0
Weekday,Evening,highway,'03 - Snow','01 - Daylight','06 - Ice','10 - No control',-0.599982,'P.D. only',Injury,'07 - SMV other',Ottawa_east,0
Weekday,Evening,Road,'01 - Clear','01 - Daylight','01 - Dry','10 - No control',-0.545453,'P.D. only',Injury,'03 - Rear end',downtown,0
Weekends,Evening,Road,'01 - Clear','01 - Daylight','01 - Dry','10 - No control',-0.999951,'P.D. only',Injury,'02 - Angle',Ottawa_south,0
Weekends,Night,Road,'02 - Rain','01 - Daylight','02 - Wet','02 - Stop sign',-0.565214,'P.D. only',Injury,'02 - Angle',downtown,0
Weekday,Mid_Night,Road,'01 - Clear','07 - Dark','01 - Dry','01 - Traffic signal',-0.444441,'P.D. only',Injury,'05 - Turning movement',mid_town,0
Weekday,Night,Road,'01 - Clear','01 - Daylight','01 - Dry','02 - Stop sign',-0.647053,'P.D. only',Injury,'05 - Turning movement',downtown,0
Weekday,Afternoon,Road,'01 - Clear','01 - Daylight','01 - Dry','01 - Traffic signal',-0.576921,'P.D. only',Injury,'03 - Rear end',downtown,0
Weekday,Night,Road,'01 - Clear','05 - Dusk','02 - Wet','01 - Traffic signal',-0.199997,'P.D. only',Injury,'05 - Turning movement',Ottawa_west,0
Weekday,Noon,Road,'01 - Clear','01 - Daylight','01 - Dry','01 - Traffic signal',-0.428567,'P.D. only',Injury,'05 - Turning movement',mid_town,0
Weekends,Night,Road,'01 - Clear','01 - Daylight','04 - Slush','01 - Traffic signal',-0.543858,'P.D. only',Injury,'99 - Other',mid_town,0
Weekends,Night,Road,'01 - Clear','01 - Daylight','01 - Dry','02 - Stop sign',0,Injury,Injury,'02 - Angle',downtown,0
Weekday,Night,Road,'01 - Clear','07 - Dark','01 - Dry','01 - Traffic signal',-0.333328,'P.D. only',Injury,'05 - Turning movement',downtown,0
Weekends,Mid_Night,Road,'01 - Clear','07 - Dark','01 - Dry','01 - Traffic signal',-0.509433,'P.D. only',Injury,'02 - Angle',mid_town,0
Weekday,Noon,Road,'01 - Clear','01 - Daylight','01 - Dry','10 - No control',-0.428562,'P.D. only',Injury,'05 - Turning movement',mid_town,0
Weekday,Evening,Road,'02 - Rain','01 - Daylight','02 - Wet','01 - Traffic signal',0.499982,Injury,Injury,'07 - SMV other',downtown,1
Weekday,Evening,Road,'01 - Clear','01 - Daylight','01 - Dry','02 - Stop sign',-0.818171,'P.D. only',Injury,'02 - Angle',mid_town,0
Weekday,Mid_Night,highway,'01 - Clear','07 - Dark','02 - Wet','10 - No control',-0.769226,'P.D. only',Injury,'03 - Rear end',downtown,0
Weekends,Night,Road,'01 - Clear','01 - Daylight','02 - Wet','10 - No control',-0.999963,'P.D. only',Injury,'99 - Other',mid_town,0
Weekday,Night,Road,'01 - Clear','01 - Daylight','01 - Dry','01 - Traffic signal',-0.599999,'P.D. only',Injury,'05 - Turning movement',downtown,0
Weekday,Mid_Night,Road,'03 - Snow','07 - Dark','03 - Loose snow','01 - Traffic signal',-0.999951,'P.D. only',Injury,'05 - Turning movement',downtown,0
Weekday,Evening,Road,'01 - Clear','01 - Daylight','01 - Dry','02 - Stop sign',-0.599997,'P.D. only',Injury,'02 - Angle',downtown,0
Weekday,Night,Road,'01 - Clear','05 - Dusk','03 - Loose snow','03 - Yield sign',-0.739126,'P.D. only',Injury,'02 - Angle',downtown,0
Weekday,Noon,Road,'01 - Clear','01 - Daylight','01 - Dry','01 - Traffic signal',-0.629628,'P.D. only',Injury,'03 - Rear end',mid_town,0
Weekday,Night,Road,'01 - Clear','01 - Daylight','01 - Dry','01 - Traffic signal',-0.623931,'P.D. only',Injury,'03 - Rear end',mid_town,0
Weekday,Night,Road,'01 - Clear','01 - Daylight','01 - Dry','10 - No control',-0.454542,'P.D. only',Injury,'05 - Turning movement',mid_town,0
Weekday,Night,Road,'01 - Clear','01 - Daylight','01 - Dry','02 - Stop sign',-0.459458,'P.D. only',Injury,'02 - Angle',downtown,0
Weekday,Evening,Road,'01 - Clear','01 - Daylight','01 - Dry','01 - Traffic signal',-0.677416,'P.D. only',Injury,'03 - Rear end',Ottawa_west,0
Weekday,Night,Road,'01 - Clear','01 - Daylight','01 - Dry','10 - No control',-0.586204,'P.D. only',Injury,'02 - Angle',mid_town,0
Weekday,Night,Road,'01 - Clear','01 - Daylight','01 - Dry','10 - No control',-0.454542,'P.D. only',Injury,'05 - Turning movement',mid_town,0
Weekday,Evening,Road,'01 - Clear','01 - Daylight','01 - Dry','10 - No control',0,Injury,Injury,'07 - SMV other',Ottawa_east,0
Weekday,Mid_Night,Road,'01 - Clear','07 - Dark','01 - Dry','01 - Traffic signal',-0.724134,'P.D. only',Injury,'03 - Rear end',mid_town,0
Weekends,Mid_Night,Road,'01 - Clear','07 - Dark','02 - Wet','02 - Stop sign',-0.999979,'P.D. only',Injury,'07 - SMV other',downtown,0
Weekday,Night,Road,'01 - Clear','01 - Daylight','01 - Dry','10 - No control',-0.599999,'P.D. only',Injury,'03 - Rear end',downtown,0
Weekday,Evening,Road,'02 - Rain','01 - Daylight','02 - Wet','01 - Traffic signal',-0.999992,'P.D. only',Injury,'03 - Rear end',mid_town,0
Weekday,Mid_Night,Road,'01 - Clear','07 - Dark','01 - Dry','10 - No control',-0.866658,'P.D. only',Injury,'07 - SMV other',mid_town,0
Weekday,Evening,Road,'01 - Clear','01 - Daylight','01 - Dry','10 - No control',-0.58333,'P.D. only',Injury,'02 - Angle',mid_town,0
Weekday,Afternoon,Road,'01 - Clear','01 - Daylight','02 - Wet','10 - No control',-0.333325,'P.D. only',Injury,'03 - Rear end',downtown,0
Weekday,Night,Road,'01 - Clear','05 - Dusk','01 - Dry','01 - Traffic signal',-0.333317,'P.D. only',Injury,'02 - Angle',downtown,0
Weekday,Afternoon,Road,'01 - Clear','01 - Daylight','08 - Loose sand or gravel','10 - No control',-0.33333,'P.D. only',Injury,'07 - SMV other',Ottawa_west,0
Weekday,Mid_Night,Road,'01 - Clear','07 - Dark','01 - Dry','10 - No control',0.999971,Injury,Injury,'07 - SMV other',downtown,1
Weekends,Evening,Road,'02 - Rain','01 - Daylight','02 - Wet','10 - No control',-0.714271,'P.D. only',Injury,'03 - Rear end',mid_town,0
Weekday,Evening,Road,'02 - Rain','01 - Daylight','02 - Wet','01 - Traffic signal',0,Injury,Injury,'05 - Turning movement',mid_town,0
Weekday,Evening,Road,'01 - Clear','01 - Daylight','01 - Dry','10 - No control',-0.538455,'P.D. only',Injury,'07 - SMV other',mid_town,0
Weekday,Evening,highway,'01 - Clear','01 - Daylight','01 - Dry','01 - Traffic signal',0,Injury,Injury,'02 - Angle',Ottawa_west,0
Weekday,Evening,Road,'01 - Clear','01 - Daylight','01 - Dry','01 - Traffic signal',-0.310343,'P.D. only',Injury,'02 - Angle',mid_town,0
Weekday,Night,Road,'01 - Clear','01 - Daylight','01 - Dry','10 - No control',-0.786665,'P.D. only',Injury,'04 - Sideswipe',downtown,0
Weekday,Afternoon,Road,'03 - Snow','01 - Daylight','02 - Wet','01 - Traffic signal',-0.529407,'P.D. only',Injury,'02 - Angle',mid_town,0
Weekday,Evening,Road,'01 - Clear','01 - Daylight','03 - Loose snow','10 - No control',-0.555551,'P.D. only',Injury,'07 - SMV other',mid_town,0
Weekends,Mid_Night,Road,'01 - Clear','07 - Dark','01 - Dry','01 - Traffic signal',-0.999979,'P.D. only',Injury,'03 - Rear end',downtown,0
Weekday,Mid_Night,Road,'01 - Clear','07 - Dark','01 - Dry','01 - Traffic signal',-0.6923,'P.D. only',Injury,'02 - Angle',mid_town,0
Weekday,Afternoon,highway,'01 - Clear','01 - Daylight','01 - Dry','10 - No control',-0.416664,'P.D. only',Injury,'03 - Rear end',downtown,0
Weekday,Mid_Night,Road,'01 - Clear','07 - Dark','01 - Dry','01 - Traffic signal',-0.444441,'P.D. only',Injury,'05 - Turning movement',mid_town,0
Weekday,Night,Road,'01 - Clear','01 - Daylight','01 - Dry','02 - Stop sign',-0.459458,'P.D. only',Injury,'02 - Angle',downtown,0
Weekday,Afternoon,Road,'02 - Rain','01 - Daylight','02 - Wet','10 - No control',-0.749993,'P.D. only',Injury,'07 - SMV other',Ottawa_east,0
Weekday,Night,Road,'02 - Rain','01 - Daylight','02 - Wet','10 - No control',-0.555551,'P.D. only',Injury,'03 - Rear end',downtown,0
Weekday,Mid_Night,Road,'01 - Clear','07 - Dark','01 - Dry','10 - No control',-0.767439,'P.D. only',Injury,'07 - SMV other',Ottawa_west,0
Weekday,Night,highway,'01 - Clear','07 - Dark','01 - Dry','10 - No control',-0.399994,'P.D. only',Injury,'03 - Rear end',mid_town,0
Weekday,Night,Road,'01 - Clear','01 - Daylight','01 - Dry','10 - No control',-0.559999,'P.D. only',Injury,'03 - Rear end',mid_town,0
Weekday,Mid_Night,Road,'01 - Clear','07 - Dark','01 - Dry','10 - No control',0.999971,Injury,Injury,'07 - SMV other',downtown,1
Weekends,Night,Road,'01 - Clear','01 - Daylight','01 - Dry','01 - Traffic signal',0.999976,Injury,Injury,'07 - SMV other',mid_town,1
Weekday,Evening,Road,'01 - Clear','01 - Daylight','01 - Dry','01 - Traffic signal',-0.66665,'P.D. only',Injury,'02 - Angle',Ottawa_west,0
Weekends,Night,Road,'01 - Clear','01 - Daylight','01 - Dry','10 - No control',-0.199994,'P.D. only',Injury,'05 - Turning movement',mid_town,0
Weekday,Night,Road,'03 - Snow','05 - Dusk','03 - Loose snow','01 - Traffic signal',-0.809518,'P.D. only',Injury,'03 - Rear end',downtown,0
Weekday,Night,Road,'01 - Clear','01 - Daylight','01 - Dry','01 - Traffic signal',-0.623931,'P.D. only',Injury,'03 - Rear end',mid_town,0
Weekday,Afternoon,Road,'01 - Clear','01 - Daylight','01 - Dry','01 - Traffic signal',0.66665,Injury,Injury,'07 - SMV other',downtown,1
Weekday,Mid_Night,Road,'01 - Clear','07 - Dark','06 - Ice','01 - Traffic signal',-0.999951,'P.D. only',Injury,'01 - Approaching',mid_town,0
Weekday,Evening,Road,'01 - Clear','01 - Daylight','02 - Wet','01 - Traffic signal',0.999982,Injury,Injury,'07 - SMV other',Ottawa_south,1
Weekday,Afternoon,Road,'01 - Clear','01 - Daylight','02 - Wet','10 - No control',-0.599997,'P.D. only',Injury,'07 - SMV other',Ottawa_west,0
Weekday,Evening,Road,'01 - Clear','01 - Daylight','01 - Dry','10 - No control',-0.833328,'P.D. only',Injury,'05 - Turning movement',downtown,0
Weekday,Night,Road,'01 - Clear','01 - Daylight','01 - Dry','01 - Traffic signal',-0.619043,'P.D. only',Injury,'03 - Rear end',Ottawa_south,0
Weekday,Night,Road,'01 - Clear','05 - Dusk','01 - Dry','01 - Traffic signal',-0.630768,'P.D. only',Injury,'03 - Rear end',Ottawa_east,0
Weekday,Night,Road,'01 - Clear','01 - Daylight','01 - Dry','10 - No control',-0.599999,'P.D. only',Injury,'03 - Rear end',downtown,0
Weekday,Noon,Road,'01 - Clear','03 - Dawn','01 - Dry','01 - Traffic signal',-0.599991,'P.D. only',Injury,'03 - Rear end',downtown,0
Weekday,Night,highway,'03 - Snow','01 - Daylight','02 - Wet','01 - Traffic signal',-0.679998,'P.D. only',Injury,'03 - Rear end',Ottawa_west,0
Weekday,Mid_Night,Road,'01 - Clear','07 - Dark','01 - Dry','02 - Stop sign',-0.729727,'P.D. only',Injury,'02 - Angle',Ottawa_south,0
Weekday,Mid_Night,Road,'01 - Clear','07 - Dark','04 - Slush','10 - No control',-0.818171,'P.D. only',Injury,'04 - Sideswipe',mid_town,0
Weekends,Evening,Road,'03 - Snow','01 - Daylight','03 - Loose snow','10 - No control',-0.333325,'P.D. only',Injury,'01 - Approaching',Ottawa_south,0
Weekday,Night,highway,'01 - Clear','05 - Dusk','01 - Dry','10 - No control',-0.866658,'P.D. only',Injury,'07 - SMV other',mid_town,0
Weekday,Evening,Road,'01 - Clear','01 - Daylight','01 - Dry','01 - Traffic signal',-0.621621,'P.D. only',Injury,'03 - Rear end',downtown,0
Weekends,Night,Road,'01 - Clear','01 - Daylight','01 - Dry','01 - Traffic signal',0.333317,Injury,Injury,'02 - Angle',mid_town,0
Weekday,Evening,Road,'01 - Clear','01 - Daylight','06 - Ice','01 - Traffic signal',-0.399999,'P.D. only',Injury,'02 - Angle',downtown,0
Weekends,Evening,Road,'01 - Clear','01 - Daylight','01 - Dry','10 - No control',-0.741175,'P.D. only',Injury,'01 - Approaching',downtown,0
Weekday,Morning,Road,'03 - Snow','07 - Dark','04 - Slush','10 - No control',-0.999951,'P.D. only',Injury,'07 - SMV other',Ottawa_east,0
Weekday,Mid_Night,Road,'01 - Clear','01 - Daylight','01 - Dry','01 - Traffic signal',-0.111109,'P.D. only',Injury,'07 - SMV other',Ottawa_east,0
Weekday,Evening,Road,'01 - Clear','01 - Daylight','01 - Dry','01 - Traffic signal',-0.677416,'P.D. only',Injury,'03 - Rear end',Ottawa_west,0
Weekday,Evening,Road,'01 - Clear','01 - Daylight','01 - Dry','01 - Traffic signal',0.999993,Injury,Injury,'07 - SMV other',downtown,1
Weekday,Night,Road,'02 - Rain','01 - Daylight','02 - Wet','01 - Traffic signal',-0.793099,'P.D. only',Injury,'03 - Rear end',mid_town,0
Weekday,Evening,Road,'01 - Clear','01 - Daylight','06 - Ice','10 - No control',-0.749995,'P.D. only',Injury,'03 - Rear end',Ottawa_east,0
Weekday,Night,Road,'01 - Clear','05 - Dusk','01 - Dry','01 - Traffic signal',-0.66665,'P.D. only',Injury,'05 - Turning movement',mid_town,0
Weekends,Mid_Night,Road,'02 - Rain','07 - Dark','02 - Wet','10 - No control',-0.789468,'P.D. only',Injury,'07 - SMV other',downtown,0
Weekday,Mid_Night,highway,'01 - Clear','07 - Dark','01 - Dry','10 - No control',-0.333328,'P.D. only',Injury,'07 - SMV other',downtown,0
Weekday,Mid_Night,Road,'01 - Clear','07 - Dark','01 - Dry','01 - Traffic signal',-0.724134,'P.D. only',Injury,'03 - Rear end',mid_town,0
Weekday,Noon,highway,'01 - Clear','01 - Daylight','01 - Dry','10 - No control',-0.66665,'P.D. only',Injury,'07 - SMV other',downtown,0
Weekends,Evening,Road,'01 - Clear','01 - Daylight','01 - Dry','10 - No control',-0.499994,'P.D. only',Injury,'03 - Rear end',mid_town,0
Weekday,Evening,Road,'01 - Clear','01 - Daylight','01 - Dry','01 - Traffic signal',-0.461538,'P.D. only',Injury,'05 - Turning movement',downtown,0
Weekday,Night,Road,'01 - Clear','01 - Daylight','01 - Dry','10 - No control',-0.538455,'P.D. only',Injury,'07 - SMV other',Ottawa_east,0
Weekday,Afternoon,Road,'01 - Clear','01 - Daylight','01 - Dry','01 - Traffic signal',-0.576921,'P.D. only',Injury,'03 - Rear end',downtown,0
Weekday,Night,Road,'01 - Clear','01 - Daylight','01 - Dry','10 - No control',-0.786665,'P.D. only',Injury,'04 - Sideswipe',downtown,0
Weekends,Afternoon,Road,'01 - Clear','01 - Daylight','01 - Dry','10 - No control',-0.799994,'P.D. only',Injury,'99 - Other',mid_town,0
Weekday,Night,Road,'01 - Clear','01 - Daylight','01 - Dry','02 - Stop sign',-0.459458,'P.D. only',Injury,'02 - Angle',downtown,0
Weekday,Night,Road,'01 - Clear','01 - Daylight','01 - Dry','01 - Traffic signal',-0.935479,'P.D. only',Injury,'04 - Sideswipe',mid_town,0
Weekday,Evening,Road,'01 - Clear','01 - Daylight','01 - Dry','01 - Traffic signal',-0.461538,'P.D. only',Injury,'05 - Turning movement',downtown,0
Weekday,Afternoon,Road,'01 - Clear','01 - Daylight','02 - Wet','01 - Traffic signal',-0.66665,'P.D. only',Injury,'03 - Rear end',mid_town,0
Weekday,Mid_Night,highway,'01 - Clear','07 - Dark','01 - Dry','10 - No control',-0.666661,'P.D. only',Injury,'03 - Rear end',downtown,0
Weekday,Mid_Night,Road,'01 - Clear','07 - Dark','01 - Dry','10 - No control',-0.999963,'P.D. only',Injury,'02 - Angle',Ottawa_east,0
Weekday,Night,Road,'01 - Clear','01 - Daylight','01 - Dry','02 - Stop sign',-0.459458,'P.D. only',Injury,'02 - Angle',downtown,0
Weekends,Night,Road,'01 - Clear','07 - Dark','02 - Wet','01 - Traffic signal',0.857134,Injury,Injury,'07 - SMV other',mid_town,1
Weekday,Evening,Road,'01 - Clear','01 - Daylight','01 - Dry','01 - Traffic signal',-0.621621,'P.D. only',Injury,'03 - Rear end',downtown,0
Weekday,Afternoon,Road,'01 - Clear','01 - Daylight','04 - Slush','10 - No control',-0.789468,'P.D. only',Injury,'03 - Rear end',mid_town,0
Weekday,Evening,Road,'02 - Rain','01 - Daylight','02 - Wet','10 - No control',-0.644442,'P.D. only',Injury,'03 - Rear end',Ottawa_west,0